iata,first_year,last_year,annual_mvts,peak_hour_mvts,annual_growth,peak_growth,absorption,peak_hour_share,state,note
AAE,2015,2018,6795,5.0,0.1647,0.8929,5.42,0.000783,not_assessed,"below the screen floor, peak too small to read a trend"
AAL,2015,2019,13894,6.0,-0.0694,-0.1444,2.081,0.000466,not_assessed,"below the screen floor, peak too small to read a trend"
AAN,2017,2017,962,2.0,nan,nan,nan,0.002198,too_short,"one observed year, no trend to read"
AAQ,2015,2019,11733,6.2,0.2955,-0.1515,-0.513,0.000555,not_assessed,"below the screen floor, peak too small to read a trend"
AAR,2015,2019,7648,4.5,0.1168,0.6735,5.765,0.000834,not_assessed,"below the screen floor, peak too small to read a trend"
AAT,2015,2019,7246,5.1,1.0195,0.2619,0.257,0.000783,not_assessed,"below the screen floor, peak too small to read a trend"
ABA,2015,2019,2329,3.0,0.2734,0.5,1.829,0.0013,not_assessed,"below the screen floor, peak too small to read a trend"
ABB,2015,2018,1765,2.9,-0.3035,-0.3142,1.035,0.00138,not_assessed,"below the screen floor, peak too small to read a trend"
ABD,2015,2019,4663,5.0,0.3461,0.25,0.722,0.001124,not_assessed,"below the screen floor, peak too small to read a trend"
ABE,2015,2019,13080,7.3,0.1768,1.4424,8.159,0.000623,not_assessed,"below the screen floor, peak too small to read a trend"
ABI,2015,2019,4544,2.4,-0.1016,0.1101,-1.084,0.000529,not_assessed,"below the screen floor, peak too small to read a trend"
ABJ,2015,2018,24438,15.2,0.3502,0.7542,2.154,0.000475,headroom,peak growing broadly in step with annual traffic
ABL,2015,2019,2018,3.0,0.004,-0.0046,nan,0.001491,not_assessed,"below the screen floor, peak too small to read a trend"
ABQ,2015,2019,56198,15.5,0.0428,-0.0157,-0.367,0.000299,tightening,"growth going into the shoulder hours, not the peak"
ABR,2015,2019,1500,1.2,0.0108,-0.4087,nan,0.000828,not_assessed,"below the screen floor, peak too small to read a trend"
ABS,2015,2017,644,1.3,0.5261,0.2669,0.507,0.002004,not_assessed,"below the screen floor, peak too small to read a trend"
ABT,2015,2019,3934,2.8,0.2434,-0.2009,-0.825,0.000728,not_assessed,"below the screen floor, peak too small to read a trend"
ABU,2016,2019,2316,2.0,1.1209,1.0,0.892,0.000891,not_assessed,"below the screen floor, peak too small to read a trend"
ABV,2015,2018,41503,18.8,0.1551,0.316,2.037,0.000414,headroom,peak growing broadly in step with annual traffic
ABX,2015,2019,7644,3.2,0.0145,-0.198,nan,0.000567,not_assessed,"below the screen floor, peak too small to read a trend"
ABY,2015,2019,2010,2.1,0.0436,0.0937,2.149,0.001039,not_assessed,"below the screen floor, peak too small to read a trend"
ABZ,2015,2019,39152,14.9,-0.2569,-0.1334,0.519,0.000411,headroom,"traffic broadly flat, nothing to read into the peak"
ACA,2015,2019,11373,5.5,0.0886,-0.1363,-1.538,0.000703,not_assessed,"below the screen floor, peak too small to read a trend"
ACC,2015,2018,31890,10.3,-0.0463,0.7643,-16.521,0.000389,headroom,"traffic broadly flat, nothing to read into the peak"
ACE,2015,2019,51241,19.2,0.3151,0.196,0.622,0.000438,headroom,peak growing broadly in step with annual traffic
ACH,2015,2019,1771,2.0,0.0838,0.0247,0.294,0.001131,not_assessed,"below the screen floor, peak too small to read a trend"
ACI,2015,2019,4333,3.0,-0.1919,0.0368,-0.192,0.000692,not_assessed,"below the screen floor, peak too small to read a trend"
ACK,2015,2019,21932,11.6,-0.3176,-0.1219,0.384,0.001204,headroom,"traffic broadly flat, nothing to read into the peak"
ACT,2015,2019,3599,2.6,0.0227,0.0803,3.531,0.000706,not_assessed,"below the screen floor, peak too small to read a trend"
ACU,2015,2018,723,2.0,-0.0096,0.0,nan,0.002766,not_assessed,"below the screen floor, peak too small to read a trend"
ACV,2015,2019,4027,2.5,0.3958,0.078,0.197,0.000731,not_assessed,"below the screen floor, peak too small to read a trend"
ACX,2015,2019,15091,6.4,2.0438,0.8354,0.409,0.000427,not_assessed,"below the screen floor, peak too small to read a trend"
ACY,2015,2019,6248,3.5,-0.1956,-0.1966,1.005,0.00051,not_assessed,"below the screen floor, peak too small to read a trend"
ADA,2015,2019,31088,10.0,-0.0714,0.1291,-1.807,0.000318,headroom,"traffic broadly flat, nothing to read into the peak"
ADB,2015,2019,73398,16.9,0.1355,-0.0738,-0.544,0.000242,tightening,"growth going into the shoulder hours, not the peak"
ADD,2015,2018,97474,24.0,0.3986,-0.0295,-0.074,0.000315,tightening,"growth going into the shoulder hours, not the peak"
ADE,2015,2015,3504,2.0,nan,nan,nan,0.00076,too_short,"one observed year, no trend to read"
ADF,2015,2019,1610,2.3,0.0281,0.1444,5.138,0.001492,not_assessed,"below the screen floor, peak too small to read a trend"
ADL,2015,2019,77213,27.1,0.0115,0.2182,nan,0.000322,headroom,"traffic broadly flat, nothing to read into the peak"
ADQ,2015,2019,10220,2.0,-0.0775,-0.7201,9.298,0.000958,not_assessed,"below the screen floor, peak too small to read a trend"
ADU,2015,2019,2046,1.8,0.3759,0.1143,0.304,0.001238,not_assessed,"below the screen floor, peak too small to read a trend"
ADZ,2015,2019,14784,8.5,0.0645,0.3628,5.623,0.000584,not_assessed,"below the screen floor, peak too small to read a trend"
AEB,2015,2019,3674,3.2,1.7876,0.6511,0.364,0.001068,not_assessed,"below the screen floor, peak too small to read a trend"
AEG,2017,2019,1112,2.0,0.5233,0.0,0.0,0.003097,not_assessed,"below the screen floor, peak too small to read a trend"
AEP,2015,2019,106853,26.1,-0.061,0.0467,-0.766,0.000246,headroom,"traffic broadly flat, nothing to read into the peak"
AER,2015,2019,48230,14.0,0.8004,0.5608,0.701,0.000311,headroom,peak growing broadly in step with annual traffic
AES,2015,2019,11767,6.7,-0.083,-0.0652,0.786,0.00064,not_assessed,"below the screen floor, peak too small to read a trend"
AET,2015,2019,1210,2.0,-0.1712,0.0,-0.0,0.001653,not_assessed,"below the screen floor, peak too small to read a trend"
AEX,2015,2019,6553,3.5,-0.0442,-0.1899,4.298,0.000561,not_assessed,"below the screen floor, peak too small to read a trend"
AEY,2015,2019,4089,2.3,-0.0379,-0.0815,2.151,0.000771,not_assessed,"below the screen floor, peak too small to read a trend"
AFA,2015,2019,710,2.0,-0.022,0.0,-0.0,0.002817,not_assessed,"below the screen floor, peak too small to read a trend"
AFL,2015,2019,716,1.1,-0.2573,0.0815,-0.317,0.00151,not_assessed,"below the screen floor, peak too small to read a trend"
AGA,2015,2018,14530,8.2,0.2927,0.4082,1.394,0.000634,not_assessed,"below the screen floor, peak too small to read a trend"
AGH,2015,2019,6554,4.2,0.8774,0.2683,0.306,0.000786,not_assessed,"below the screen floor, peak too small to read a trend"
AGN,2015,2019,1642,4.0,-0.052,0.9449,-18.184,0.001991,not_assessed,"below the screen floor, peak too small to read a trend"
AGP,2015,2019,129617,40.1,0.3787,0.0763,0.201,0.00032,tightening,"growth going into the shoulder hours, not the peak"
AGS,2015,2019,10723,3.3,0.0422,-0.1244,-2.949,0.000414,not_assessed,"below the screen floor, peak too small to read a trend"
AGT,2016,2019,1370,2.2,-0.2198,0.2825,-1.285,0.001845,not_assessed,"below the screen floor, peak too small to read a trend"
AGU,2015,2019,10858,5.0,0.0351,-0.0675,-1.923,0.000527,not_assessed,"below the screen floor, peak too small to read a trend"
AGX,2019,2019,698,2.0,nan,nan,nan,0.003231,too_short,"one observed year, no trend to read"
AHB,2015,2019,35851,8.7,0.3541,0.0751,0.212,0.000276,tightening,"growth going into the shoulder hours, not the peak"
AHO,2015,2019,9276,7.0,-0.1771,-0.1718,0.97,0.000721,not_assessed,"below the screen floor, peak too small to read a trend"
AHU,2015,2017,652,1.5,0.7158,0.0526,0.074,0.001606,not_assessed,"below the screen floor, peak too small to read a trend"
AIA,2016,2019,1511,1.0,-0.3975,-0.4968,1.25,0.000959,not_assessed,"below the screen floor, peak too small to read a trend"
AIN,2015,2019,1950,2.1,0.514,1.0086,1.962,0.001613,not_assessed,"below the screen floor, peak too small to read a trend"
AIP,2019,2019,730,2.0,nan,nan,nan,0.002753,too_short,"one observed year, no trend to read"
AIT,2015,2019,3031,3.0,0.0714,0.2273,3.183,0.000868,not_assessed,"below the screen floor, peak too small to read a trend"
AJA,2015,2019,13287,10.9,0.0875,0.3859,4.411,0.000793,not_assessed,"below the screen floor, peak too small to read a trend"
AJF,2015,2019,4851,3.5,0.1129,0.2524,2.236,0.000755,not_assessed,"below the screen floor, peak too small to read a trend"
AJI,2015,2019,2098,3.0,0.5094,0.4896,0.961,0.001437,not_assessed,"below the screen floor, peak too small to read a trend"
AJL,2015,2019,1358,3.0,-0.3799,-0.25,0.658,0.002329,not_assessed,"below the screen floor, peak too small to read a trend"
AJN,2015,2018,6104,4.0,0.7932,0.3333,0.42,0.001029,not_assessed,"below the screen floor, peak too small to read a trend"
AJR,2015,2015,1246,2.0,nan,nan,nan,0.001531,too_short,"one observed year, no trend to read"
AJU,2015,2019,9251,3.4,-0.1059,-0.2474,2.336,0.000475,not_assessed,"below the screen floor, peak too small to read a trend"
AKI,2015,2016,2824,2.0,0.0028,0.0,nan,0.000708,not_assessed,"below the screen floor, peak too small to read a trend"
AKJ,2015,2019,6306,4.0,-0.1411,0.1601,-1.134,0.000576,not_assessed,"below the screen floor, peak too small to read a trend"
AKL,2015,2019,162243,35.8,0.2047,-0.1026,-0.501,0.00023,tightening,"growth going into the shoulder hours, not the peak"
AKN,2015,2019,2261,2.0,-0.4643,1.0126,-2.181,0.001523,not_assessed,"below the screen floor, peak too small to read a trend"
AKP,2015,2019,1774,3.0,0.4169,0.5,1.199,0.001369,not_assessed,"below the screen floor, peak too small to read a trend"
AKS,2017,2019,898,2.0,0.2038,0.0,0.0,0.004077,not_assessed,"below the screen floor, peak too small to read a trend"
AKU,2015,2019,17785,9.3,0.6919,0.5268,0.761,0.000538,not_assessed,"below the screen floor, peak too small to read a trend"
AKV,2015,2019,1452,2.0,0.0,-0.0307,nan,0.001377,not_assessed,"below the screen floor, peak too small to read a trend"
AKX,2015,2019,5664,3.0,0.3403,0.4849,1.425,0.000584,not_assessed,"below the screen floor, peak too small to read a trend"
AKY,2015,2019,5312,8.2,0.7555,0.6396,0.847,0.001508,not_assessed,"below the screen floor, peak too small to read a trend"
ALA,2015,2019,48866,10.3,0.0957,-0.114,-1.191,0.000238,tightening,"growth going into the shoulder hours, not the peak"
ALB,2015,2019,36738,12.1,-0.0056,0.0332,nan,0.00037,headroom,"traffic broadly flat, nothing to read into the peak"
ALC,2015,2019,95670,32.0,0.4041,0.0728,0.18,0.000357,tightening,"growth going into the shoulder hours, not the peak"
ALF,2015,2019,5888,4.0,-0.1709,-0.0724,0.424,0.0008,not_assessed,"below the screen floor, peak too small to read a trend"
ALG,2015,2018,78025,19.7,0.1341,0.0982,0.732,0.0003,headroom,peak growing broadly in step with annual traffic
ALH,2015,2019,2344,2.0,0.532,0.0129,0.024,0.000864,not_assessed,"below the screen floor, peak too small to read a trend"
ALO,2015,2019,1400,2.0,0.0386,-0.0677,-1.756,0.001429,not_assessed,"below the screen floor, peak too small to read a trend"
ALS,2015,2019,2846,2.0,0.2395,-0.0311,-0.13,0.000707,not_assessed,"below the screen floor, peak too small to read a trend"
ALW,2015,2019,1804,1.2,0.2813,0.0423,0.15,0.000674,not_assessed,"below the screen floor, peak too small to read a trend"
AMA,2015,2019,11923,3.9,0.0112,-0.0155,nan,0.000459,not_assessed,"below the screen floor, peak too small to read a trend"
AMD,2015,2019,79253,16.9,0.8827,0.5636,0.638,0.000218,headroom,peak growing broadly in step with annual traffic
AMH,2015,2018,737,2.0,0.0152,0.0,nan,0.002714,not_assessed,"below the screen floor, peak too small to read a trend"
AMM,2015,2019,71670,19.4,0.0935,0.2544,2.72,0.000269,headroom,peak growing broadly in step with annual traffic
AMQ,2015,2019,16186,9.8,-0.0287,-0.016,0.558,0.000574,not_assessed,"below the screen floor, peak too small to read a trend"
AMS,2015,2019,472628,131.9,0.1439,0.0119,0.082,0.000249,at_ceiling,"large airport, peak hour static across the window"
ANA,2017,2018,10322,11.0,2.0006,0.448,0.224,0.001523,not_assessed,"below the screen floor, peak too small to read a trend"
ANC,2015,2019,65153,20.2,-0.1198,0.4343,-3.625,0.00036,headroom,"traffic broadly flat, nothing to read into the peak"
ANF,2015,2019,14008,6.8,-0.1375,0.0027,-0.02,0.000508,not_assessed,"below the screen floor, peak too small to read a trend"
ANI,2015,2019,7237,4.4,0.2542,-0.1052,-0.414,0.001348,not_assessed,"below the screen floor, peak too small to read a trend"
ANM,2015,2015,547,1.2,nan,nan,nan,0.002212,too_short,"one observed year, no trend to read"
ANR,2015,2019,3383,3.0,-0.3316,-0.2558,0.771,0.000872,not_assessed,"below the screen floor, peak too small to read a trend"
ANS,2015,2015,742,1.8,nan,nan,nan,0.002395,too_short,"one observed year, no trend to read"
ANU,2015,2019,18563,10.1,0.1187,0.117,0.986,0.000747,not_assessed,"below the screen floor, peak too small to read a trend"
ANX,2015,2019,3106,2.8,0.0006,0.1172,nan,0.000932,not_assessed,"below the screen floor, peak too small to read a trend"
AOG,2015,2018,2588,2.2,0.4119,-0.0411,-0.1,0.000926,not_assessed,"below the screen floor, peak too small to read a trend"
AOI,2015,2019,4570,5.1,-0.2037,0.4967,-2.439,0.001322,not_assessed,"below the screen floor, peak too small to read a trend"
AOJ,2015,2019,15600,7.0,0.065,0.1842,2.834,0.000432,not_assessed,"below the screen floor, peak too small to read a trend"
AOK,2015,2019,2506,4.0,-0.259,1.0,-3.861,0.002174,not_assessed,"below the screen floor, peak too small to read a trend"
AOO,2015,2019,2718,2.1,0.0323,1.0669,33.048,0.00076,not_assessed,"below the screen floor, peak too small to read a trend"
AOR,2015,2019,10640,5.0,0.0638,-0.2857,-4.479,0.000497,not_assessed,"below the screen floor, peak too small to read a trend"
APL,2015,2018,4931,2.9,-0.0911,-0.1947,2.138,0.000892,not_assessed,"below the screen floor, peak too small to read a trend"
APN,2015,2019,1251,2.0,-0.0008,0.0247,nan,0.001608,not_assessed,"below the screen floor, peak too small to read a trend"
APO,2015,2019,6099,4.0,0.7875,0.3333,0.423,0.00069,not_assessed,"below the screen floor, peak too small to read a trend"
APW,2015,2019,2923,1.8,0.089,-0.1274,-1.431,0.000734,not_assessed,"below the screen floor, peak too small to read a trend"
AQG,2015,2019,6142,4.6,1.0111,0.5487,0.543,0.00075,not_assessed,"below the screen floor, peak too small to read a trend"
AQI,2015,2019,3178,4.1,0.4406,1.0317,2.341,0.001112,not_assessed,"below the screen floor, peak too small to read a trend"
AQJ,2015,2019,2653,3.0,0.6633,0.9403,1.418,0.00139,not_assessed,"below the screen floor, peak too small to read a trend"
AQP,2015,2019,15670,6.5,0.1765,-0.0532,-0.301,0.000449,not_assessed,"below the screen floor, peak too small to read a trend"
ARC,2015,2019,987,2.0,-0.1402,0.0,-0.0,0.00236,not_assessed,"below the screen floor, peak too small to read a trend"
ARD,2016,2019,2370,3.0,0.0505,-0.3571,-7.068,0.001275,not_assessed,"below the screen floor, peak too small to read a trend"
ARH,2015,2019,7596,4.0,-0.3422,-0.3359,0.982,0.000577,not_assessed,"below the screen floor, peak too small to read a trend"
ARI,2015,2019,6176,4.2,0.3941,0.1159,0.294,0.00077,not_assessed,"below the screen floor, peak too small to read a trend"
ARK,2015,2018,26530,26.2,2.2536,1.5185,0.674,0.001021,headroom,peak growing broadly in step with annual traffic
ARM,2015,2019,5049,3.0,0.0229,-0.1412,-6.168,0.000586,not_assessed,"below the screen floor, peak too small to read a trend"
ARN,2015,2019,216559,64.2,0.0567,-0.0195,-0.343,0.000281,at_ceiling,"large airport, peak hour static across the window"
ART,2015,2019,1442,1.4,-0.0069,-0.3229,nan,0.000939,not_assessed,"below the screen floor, peak too small to read a trend"
ARU,2015,2019,2014,2.1,0.0707,0.0719,1.016,0.001035,not_assessed,"below the screen floor, peak too small to read a trend"
ASB,2015,2019,17633,5.9,0.2384,-0.0134,-0.056,0.000365,not_assessed,"below the screen floor, peak too small to read a trend"
ASE,2015,2019,13262,11.0,0.2883,0.183,0.635,0.000816,not_assessed,"below the screen floor, peak too small to read a trend"
ASF,2015,2019,5369,3.5,0.1317,0.7507,5.698,0.000707,not_assessed,"below the screen floor, peak too small to read a trend"
ASJ,2015,2019,13911,5.9,-0.0052,-0.1676,nan,0.000617,not_assessed,"below the screen floor, peak too small to read a trend"
ASM,2015,2018,4027,1.0,0.8355,-0.2783,-0.333,0.000811,not_assessed,"below the screen floor, peak too small to read a trend"
ASO,2015,2018,1004,2.0,0.3867,0.0119,0.031,0.002018,not_assessed,"below the screen floor, peak too small to read a trend"
ASP,2015,2019,6446,5.3,0.0053,-0.0221,nan,0.00085,not_assessed,"below the screen floor, peak too small to read a trend"
ASR,2015,2019,14001,4.5,0.04,-0.2056,-5.146,0.000382,not_assessed,"below the screen floor, peak too small to read a trend"
ASS,2016,2018,1875,1.6,0.3666,0.0214,0.058,0.001127,not_assessed,"below the screen floor, peak too small to read a trend"
ASU,2015,2019,17118,4.2,0.637,0.2387,0.375,0.000382,not_assessed,"below the screen floor, peak too small to read a trend"
ASV,2015,2018,14353,25.4,7.2252,9.0676,1.255,0.00187,not_assessed,"below the screen floor, peak too small to read a trend"
ASW,2015,2018,5882,5.1,0.3323,1.4386,4.33,0.000956,not_assessed,"below the screen floor, peak too small to read a trend"
ATC,2015,2017,1820,4.0,-0.0827,1.0,-12.098,0.001872,not_assessed,"below the screen floor, peak too small to read a trend"
ATH,2015,2019,202157,57.4,0.3513,0.514,1.463,0.000293,headroom,peak growing broadly in step with annual traffic
ATJ,2015,2015,122,0.4,nan,nan,nan,0.003454,too_short,"one observed year, no trend to read"
ATK,2015,2019,1952,2.0,0.5155,-0.0138,-0.027,0.001767,not_assessed,"below the screen floor, peak too small to read a trend"
ATL,2015,2019,872285,209.5,0.0192,-0.0616,nan,0.000242,headroom,"traffic broadly flat, nothing to read into the peak"
ATM,2015,2019,2012,3.0,-0.4679,-0.0143,0.031,0.001759,not_assessed,"below the screen floor, peak too small to read a trend"
ATQ,2015,2019,17990,6.9,1.0198,0.3345,0.328,0.000425,not_assessed,"below the screen floor, peak too small to read a trend"
ATT,2015,2019,2275,3.0,-0.4086,0.4684,-1.146,0.001273,not_assessed,"below the screen floor, peak too small to read a trend"
ATW,2015,2019,13709,5.4,0.4095,0.408,0.996,0.000523,not_assessed,"below the screen floor, peak too small to read a trend"
ATY,2017,2019,1378,2.3,0.1024,1.26,12.305,0.00164,not_assessed,"below the screen floor, peak too small to read a trend"
ATZ,2016,2018,3268,2.0,-0.1905,-0.1955,1.026,0.000727,not_assessed,"below the screen floor, peak too small to read a trend"
AUA,2015,2019,24787,16.7,-0.0863,0.2105,-2.44,0.000848,headroom,"traffic broadly flat, nothing to read into the peak"
AUC,2015,2019,3289,3.0,0.8131,-0.1667,-0.205,0.00097,not_assessed,"below the screen floor, peak too small to read a trend"
AUG,2015,2019,2482,2.0,0.0,0.0,nan,0.000806,not_assessed,"below the screen floor, peak too small to read a trend"
AUH,2015,2019,113272,33.0,-0.2285,-0.1717,0.752,0.000333,headroom,"traffic broadly flat, nothing to read into the peak"
AUQ,2015,2019,1305,2.0,0.0101,-0.1111,nan,0.002422,not_assessed,"below the screen floor, peak too small to read a trend"
AUS,2015,2019,138917,33.3,0.2361,0.0544,0.23,0.000247,tightening,"growth going into the shoulder hours, not the peak"
AUX,2015,2019,842,1.0,-0.4684,-0.7495,1.6,0.00126,not_assessed,"below the screen floor, peak too small to read a trend"
AVA,2015,2019,3354,3.1,0.6017,0.3639,0.605,0.00096,not_assessed,"below the screen floor, peak too small to read a trend"
AVL,2015,2019,21764,7.7,0.6639,0.6098,0.919,0.000403,headroom,peak growing broadly in step with annual traffic
AVP,2015,2019,12261,4.7,0.2302,-0.1325,-0.576,0.000453,not_assessed,"below the screen floor, peak too small to read a trend"
AVV,2015,2019,6570,2.7,0.7776,0.2921,0.376,0.00054,not_assessed,"below the screen floor, peak too small to read a trend"
AWA,2017,2018,1557,2.1,0.0738,0.0561,0.76,0.001322,not_assessed,"below the screen floor, peak too small to read a trend"
AWZ,2015,2019,15780,6.0,0.1169,-0.2248,-1.924,0.000493,not_assessed,"below the screen floor, peak too small to read a trend"
AXA,2015,2019,8818,5.0,1.3248,0.5288,0.399,0.001012,not_assessed,"below the screen floor, peak too small to read a trend"
AXD,2015,2019,2982,3.9,0.1304,0.664,5.092,0.001457,not_assessed,"below the screen floor, peak too small to read a trend"
AXF,2015,2019,4898,4.0,0.428,0.3333,0.779,0.00071,not_assessed,"below the screen floor, peak too small to read a trend"
AXJ,2017,2019,2384,2.2,-0.1813,0.0762,-0.42,0.000907,not_assessed,"below the screen floor, peak too small to read a trend"
AXM,2015,2019,4670,4.5,-0.1385,1.2478,-9.007,0.000904,not_assessed,"below the screen floor, peak too small to read a trend"
AXT,2015,2019,15424,6.2,-0.0404,-0.0329,0.813,0.000407,not_assessed,"below the screen floor, peak too small to read a trend"
AXU,2015,2018,2999,2.0,0.2156,-0.0063,-0.029,0.000834,not_assessed,"below the screen floor, peak too small to read a trend"
AYM,2015,2016,732,1.0,0.0027,0.0,nan,0.001292,not_assessed,"below the screen floor, peak too small to read a trend"
AYP,2015,2019,2654,2.4,-0.1159,-0.3302,2.849,0.000996,not_assessed,"below the screen floor, peak too small to read a trend"
AYQ,2015,2019,4113,3.2,0.2694,0.0538,0.2,0.000849,not_assessed,"below the screen floor, peak too small to read a trend"
AYT,2015,2019,112312,33.7,0.2297,0.12,0.523,0.000319,headroom,peak growing broadly in step with annual traffic
AZA,2015,2019,11935,6.5,0.3454,0.0612,0.177,0.000522,not_assessed,"below the screen floor, peak too small to read a trend"
AZD,2015,2019,3866,3.8,0.0362,0.2193,6.062,0.000947,not_assessed,"below the screen floor, peak too small to read a trend"
AZO,2015,2019,7642,4.2,0.1577,0.1015,0.643,0.000619,not_assessed,"below the screen floor, peak too small to read a trend"
AZR,2015,2018,2116,1.2,0.0527,-0.6062,-11.495,0.000857,not_assessed,"below the screen floor, peak too small to read a trend"
BAH,2015,2019,78862,19.0,-0.0329,-0.0395,1.203,0.000256,headroom,"traffic broadly flat, nothing to read into the peak"
BAL,2016,2019,3096,3.8,0.084,0.1166,1.388,0.00126,not_assessed,"below the screen floor, peak too small to read a trend"
BAQ,2015,2019,24849,11.9,0.0955,0.1897,1.987,0.000475,headroom,peak growing broadly in step with annual traffic
BAR,2017,2018,4061,5.5,0.3164,0.1,0.316,0.001329,not_assessed,"below the screen floor, peak too small to read a trend"
BAV,2015,2019,19456,10.9,0.0714,0.2543,3.564,0.000532,not_assessed,"below the screen floor, peak too small to read a trend"
BAX,2015,2019,4147,4.7,0.4821,0.1989,0.412,0.0012,not_assessed,"below the screen floor, peak too small to read a trend"
BBA,2015,2019,4952,4.6,0.6057,0.5476,0.904,0.00099,not_assessed,"below the screen floor, peak too small to read a trend"
BBI,2015,2019,28053,9.6,1.1523,0.1952,0.169,0.000344,tightening,"growth going into the shoulder hours, not the peak"
BBK,2015,2018,1253,2.0,-0.21,-0.3563,1.697,0.00155,not_assessed,"below the screen floor, peak too small to read a trend"
BBN,2015,2019,2501,4.0,0.1317,0.3333,2.532,0.001599,not_assessed,"below the screen floor, peak too small to read a trend"
BCD,2015,2019,13264,5.0,0.1463,-0.2388,-1.632,0.000423,not_assessed,"below the screen floor, peak too small to read a trend"
BCM,2015,2019,3024,2.0,0.0968,-0.0426,-0.439,0.000679,not_assessed,"below the screen floor, peak too small to read a trend"
BCN,2015,2019,324594,75.4,0.2111,0.1101,0.522,0.000233,headroom,peak growing broadly in step with annual traffic
BCV,2015,2019,4356,4.0,-0.082,0.0096,-0.117,0.000923,not_assessed,"below the screen floor, peak too small to read a trend"
BDA,2015,2019,7591,6.0,0.0885,0.0071,0.08,0.000721,not_assessed,"below the screen floor, peak too small to read a trend"
BDB,2015,2019,3511,4.0,-0.1273,0.2276,-1.788,0.001385,not_assessed,"below the screen floor, peak too small to read a trend"
BDJ,2015,2019,31546,12.0,0.0309,-0.0971,-3.144,0.000355,tightening,"growth going into the shoulder hours, not the peak"
BDL,2015,2019,62329,16.7,-0.0574,-0.0993,1.73,0.000288,headroom,"traffic broadly flat, nothing to read into the peak"
BDO,2015,2019,23425,8.0,-0.2215,-0.2838,1.282,0.000459,headroom,"traffic broadly flat, nothing to read into the peak"
BDP,2015,2019,4255,3.0,0.4572,-0.4,-0.875,0.000697,not_assessed,"below the screen floor, peak too small to read a trend"
BDQ,2015,2019,8197,5.6,0.228,0.3468,1.521,0.000644,not_assessed,"below the screen floor, peak too small to read a trend"
BDS,2015,2019,17856,9.0,0.1583,0.2649,1.673,0.000519,not_assessed,"below the screen floor, peak too small to read a trend"
BDU,2015,2019,1872,2.0,-0.0696,0.0,-0.0,0.001068,not_assessed,"below the screen floor, peak too small to read a trend"
BEB,2015,2019,1922,1.8,0.1266,-0.1376,-1.087,0.001177,not_assessed,"below the screen floor, peak too small to read a trend"
BEF,2017,2019,3146,2.0,-0.3395,-0.5439,1.602,0.001657,not_assessed,"below the screen floor, peak too small to read a trend"
BEG,2015,2019,57947,15.9,0.1256,-0.0245,-0.195,0.000335,tightening,"growth going into the shoulder hours, not the peak"
BEJ,2015,2019,7601,5.1,-0.0701,-0.1539,2.195,0.000842,not_assessed,"below the screen floor, peak too small to read a trend"
BEL,2015,2019,27392,9.9,-0.2386,-0.0141,0.059,0.000374,headroom,"traffic broadly flat, nothing to read into the peak"
BEN,2015,2018,2726,2.0,-0.0671,-0.3064,4.567,0.000755,not_assessed,"below the screen floor, peak too small to read a trend"
BES,2015,2019,12267,5.3,0.0991,0.2212,2.233,0.000539,not_assessed,"below the screen floor, peak too small to read a trend"
BET,2015,2019,35429,11.2,-0.3723,-0.18,0.484,0.000818,headroom,"traffic broadly flat, nothing to read into the peak"
BEW,2015,2018,5397,3.9,0.076,0.7881,10.376,0.000946,not_assessed,"below the screen floor, peak too small to read a trend"
BEY,2015,2019,61373,11.5,0.0926,-0.2305,-2.489,0.000238,tightening,"growth going into the shoulder hours, not the peak"
BFD,2016,2019,2506,2.1,0.0204,0.0334,1.643,0.000825,not_assessed,"below the screen floor, peak too small to read a trend"
BFF,2015,2019,1251,2.1,-0.1866,-0.0035,0.019,0.001657,not_assessed,"below the screen floor, peak too small to read a trend"
BFI,2015,2019,2774,2.0,-0.0064,0.0,nan,0.000721,not_assessed,"below the screen floor, peak too small to read a trend"
BFJ,2015,2019,14320,8.0,0.8284,0.9364,1.13,0.000588,not_assessed,"below the screen floor, peak too small to read a trend"
BFL,2015,2019,4939,4.1,-0.1999,0.0952,-0.476,0.000931,not_assessed,"below the screen floor, peak too small to read a trend"
BFN,2015,2018,9015,3.0,0.0411,0.0337,0.819,0.000738,not_assessed,"below the screen floor, peak too small to read a trend"
BFS,2015,2019,42292,16.0,0.3572,-0.0014,-0.004,0.00038,tightening,"growth going into the shoulder hours, not the peak"
BFV,2015,2019,3632,4.0,1.2573,1.0,0.795,0.001181,not_assessed,"below the screen floor, peak too small to read a trend"
BGA,2015,2019,23524,6.9,0.4862,0.2058,0.423,0.00039,headroom,peak growing broadly in step with annual traffic
BGF,2015,2018,1786,3.0,0.3191,0.2381,0.746,0.002236,not_assessed,"below the screen floor, peak too small to read a trend"
BGG,2015,2019,1418,2.1,0.3178,-0.1251,-0.393,0.00166,not_assessed,"below the screen floor, peak too small to read a trend"
BGI,2015,2019,23334,9.1,0.1854,-0.0716,-0.386,0.000578,tightening,"growth going into the shoulder hours, not the peak"
BGM,2015,2019,1916,2.1,-0.6339,-0.3397,0.536,0.001122,not_assessed,"below the screen floor, peak too small to read a trend"
BGO,2015,2019,69520,22.5,-0.0212,-0.0996,4.705,0.000375,headroom,"traffic broadly flat, nothing to read into the peak"
BGR,2015,2019,11519,7.8,0.3875,0.4109,1.06,0.00066,not_assessed,"below the screen floor, peak too small to read a trend"
BGW,2015,2019,34053,10.8,0.2943,0.3951,1.342,0.000336,headroom,peak growing broadly in step with annual traffic
BGY,2015,2019,82103,24.5,0.3075,0.0122,0.04,0.000309,tightening,"growth going into the shoulder hours, not the peak"
BHB,2015,2019,2198,2.1,0.0037,0.0516,nan,0.001541,not_assessed,"below the screen floor, peak too small to read a trend"
BHD,2015,2019,34507,12.3,-0.159,-0.1656,1.041,0.000346,headroom,"traffic broadly flat, nothing to read into the peak"
BHE,2015,2019,14054,7.0,0.1525,0.1294,0.848,0.00058,not_assessed,"below the screen floor, peak too small to read a trend"
BHH,2015,2019,3942,3.1,0.08,-0.2266,-2.833,0.000866,not_assessed,"below the screen floor, peak too small to read a trend"
BHI,2015,2019,3930,3.0,-0.0843,-0.0831,0.985,0.001012,not_assessed,"below the screen floor, peak too small to read a trend"
BHJ,2015,2018,1860,2.5,0.267,1.0653,3.989,0.001563,not_assessed,"below the screen floor, peak too small to read a trend"
BHK,2015,2019,2339,2.2,-0.025,-0.0424,1.696,0.001154,not_assessed,"below the screen floor, peak too small to read a trend"
BHM,2015,2019,41881,12.8,0.1004,0.0151,0.151,0.000322,tightening,"growth going into the shoulder hours, not the peak"
BHO,2015,2019,13799,7.7,0.8981,0.3276,0.365,0.000688,not_assessed,"below the screen floor, peak too small to read a trend"
BHQ,2015,2019,3506,2.0,-0.0074,-0.0033,nan,0.000577,not_assessed,"below the screen floor, peak too small to read a trend"
BHR,2015,2019,6736,3.0,1.4117,-0.2377,-0.168,0.000685,not_assessed,"below the screen floor, peak too small to read a trend"
BHS,2015,2019,1934,2.0,0.1512,-0.0116,-0.077,0.001044,not_assessed,"below the screen floor, peak too small to read a trend"
BHU,2015,2015,730,2.0,nan,nan,nan,0.0045,too_short,"one observed year, no trend to read"
BHV,2016,2018,1014,2.0,-0.0714,0.0,-0.0,0.002218,not_assessed,"below the screen floor, peak too small to read a trend"
BHX,2015,2019,92185,28.0,0.1028,0.2848,2.77,0.000286,headroom,peak growing broadly in step with annual traffic
BHY,2015,2019,20560,9.4,1.1163,0.8793,0.788,0.000505,headroom,peak growing broadly in step with annual traffic
BIA,2015,2019,12925,10.3,0.17,0.4667,2.745,0.000874,not_assessed,"below the screen floor, peak too small to read a trend"
BIK,2015,2019,4664,6.1,0.6353,2.0937,3.295,0.001193,not_assessed,"below the screen floor, peak too small to read a trend"
BIL,2015,2019,20332,6.5,0.0459,-0.1642,-3.578,0.000521,tightening,"growth going into the shoulder hours, not the peak"
BIM,2015,2019,2486,4.0,0.8692,1.0,1.151,0.001658,not_assessed,"below the screen floor, peak too small to read a trend"
BIO,2015,2019,47402,15.6,0.2292,0.1932,0.843,0.00035,headroom,peak growing broadly in step with annual traffic
BIQ,2015,2019,9654,5.8,-0.0132,0.0347,nan,0.00069,not_assessed,"below the screen floor, peak too small to read a trend"
BIR,2015,2019,8006,4.7,0.4304,0.1685,0.392,0.00062,not_assessed,"below the screen floor, peak too small to read a trend"
BIS,2015,2019,10806,4.1,0.1357,0.0475,0.35,0.000539,not_assessed,"below the screen floor, peak too small to read a trend"
BJA,2015,2018,2442,2.6,-0.059,0.0499,-0.846,0.001183,not_assessed,"below the screen floor, peak too small to read a trend"
BJF,2015,2016,2466,2.0,0.0033,-0.1573,nan,0.00082,not_assessed,"below the screen floor, peak too small to read a trend"
BJI,2015,2019,1484,2.0,0.0178,-0.0769,nan,0.001348,not_assessed,"below the screen floor, peak too small to read a trend"
BJL,2015,2018,3511,2.9,0.6069,1.4848,2.447,0.001057,not_assessed,"below the screen floor, peak too small to read a trend"
BJM,2015,2018,3861,2.8,-0.1575,-0.0742,0.471,0.000933,not_assessed,"below the screen floor, peak too small to read a trend"
BJR,2015,2018,5248,3.2,0.312,-0.1996,-0.64,0.000598,not_assessed,"below the screen floor, peak too small to read a trend"
BJT,2015,2016,976,2.1,-0.2,0.0308,-0.154,0.00227,not_assessed,"below the screen floor, peak too small to read a trend"
BJV,2015,2019,20893,11.8,0.0068,-0.1002,nan,0.000585,headroom,"traffic broadly flat, nothing to read into the peak"
BJW,2016,2019,3276,2.0,0.4743,-0.5071,-1.069,0.000637,not_assessed,"below the screen floor, peak too small to read a trend"
BJX,2015,2019,27265,8.3,0.2563,0.0915,0.357,0.000339,headroom,peak growing broadly in step with annual traffic
BKC,2015,2019,2018,2.0,-0.1098,-0.0139,0.126,0.001029,not_assessed,"below the screen floor, peak too small to read a trend"
BKI,2015,2019,74783,17.4,0.1881,0.1198,0.637,0.000237,headroom,peak growing broadly in step with annual traffic
BKK,2015,2019,367042,60.3,0.2077,0.2051,0.987,0.000172,headroom,peak growing broadly in step with annual traffic
BKO,2015,2018,8965,4.4,0.0831,0.4064,4.89,0.00061,not_assessed,"below the screen floor, peak too small to read a trend"
BKS,2015,2019,8489,3.0,0.0456,-0.3537,-7.762,0.000507,not_assessed,"below the screen floor, peak too small to read a trend"
BKW,2015,2019,2270,2.1,0.8131,0.0303,0.037,0.000908,not_assessed,"below the screen floor, peak too small to read a trend"
BKY,2015,2015,638,1.9,nan,nan,nan,0.002903,too_short,"one observed year, no trend to read"
BKZ,2015,2018,2457,3.0,-0.1859,-0.2354,1.267,0.001883,not_assessed,"below the screen floor, peak too small to read a trend"
BLA,2015,2019,2254,2.5,-0.792,-0.5682,0.717,0.001358,not_assessed,"below the screen floor, peak too small to read a trend"
BLB,2016,2017,1167,2.6,-0.0259,0.2817,-10.886,0.002242,not_assessed,"below the screen floor, peak too small to read a trend"
BLD,2015,2019,902,2.0,-0.1586,0.0,-0.0,0.002169,not_assessed,"below the screen floor, peak too small to read a trend"
BLI,2015,2019,6619,3.4,-0.219,-0.2228,1.018,0.000653,not_assessed,"below the screen floor, peak too small to read a trend"
BLJ,2015,2018,1010,2.0,-0.1926,0.0,-0.0,0.002073,not_assessed,"below the screen floor, peak too small to read a trend"
BLK,2016,2016,1521,1.0,nan,nan,nan,0.000678,too_short,"one observed year, no trend to read"
BLL,2015,2019,31488,12.6,0.127,0.129,1.016,0.000508,headroom,peak growing broadly in step with annual traffic
BLQ,2015,2019,68563,22.6,0.2381,0.1125,0.473,0.000317,headroom,peak growing broadly in step with annual traffic
BLR,2015,2019,228392,40.6,0.6111,0.4998,0.818,0.000166,headroom,peak growing broadly in step with annual traffic
BLV,2017,2019,2024,2.8,0.1686,0.2222,1.318,0.001296,not_assessed,"below the screen floor, peak too small to read a trend"
BLZ,2015,2018,3795,4.0,-0.3449,-0.1989,0.577,0.001061,not_assessed,"below the screen floor, peak too small to read a trend"
BMA,2015,2019,44541,26.4,0.3921,0.1905,0.486,0.000575,headroom,peak growing broadly in step with annual traffic
BME,2015,2019,5105,3.6,0.12,-0.2816,-2.346,0.000848,not_assessed,"below the screen floor, peak too small to read a trend"
BMI,2015,2019,6158,4.6,-0.146,0.1071,-0.733,0.000788,not_assessed,"below the screen floor, peak too small to read a trend"
BMO,2015,2015,1253,2.2,nan,nan,nan,0.001848,too_short,"one observed year, no trend to read"
BMU,2015,2019,6176,5.4,1.0111,1.5152,1.499,0.00094,not_assessed,"below the screen floor, peak too small to read a trend"
BMV,2015,2019,6272,4.3,-0.0852,0.0747,-0.877,0.000675,not_assessed,"below the screen floor, peak too small to read a trend"
BNA,2015,2019,176678,43.0,0.3518,0.1356,0.386,0.000256,headroom,peak growing broadly in step with annual traffic
BND,2015,2019,7351,5.0,0.2589,0.564,2.178,0.000765,not_assessed,"below the screen floor, peak too small to read a trend"
BNE,2015,2019,189615,48.0,0.0042,0.0142,nan,0.000261,at_ceiling,"large airport, peak hour static across the window"
BNI,2015,2018,3220,3.0,-0.2077,0.0017,-0.008,0.001068,not_assessed,"below the screen floor, peak too small to read a trend"
BNK,2015,2019,4589,2.9,0.0882,-0.4061,-4.604,0.000829,not_assessed,"below the screen floor, peak too small to read a trend"
BNN,2015,2019,4133,3.0,-0.3677,-0.1579,0.429,0.000716,not_assessed,"below the screen floor, peak too small to read a trend"
BOB,2015,2019,7477,4.6,0.2489,0.15,0.603,0.000633,not_assessed,"below the screen floor, peak too small to read a trend"
BOC,2015,2019,2551,2.0,0.0241,-0.3333,-13.839,0.000825,not_assessed,"below the screen floor, peak too small to read a trend"
BOD,2015,2019,64299,20.7,0.3028,0.0233,0.077,0.000357,tightening,"growth going into the shoulder hours, not the peak"
BOG,2015,2019,287266,62.0,0.0664,0.0161,0.243,0.000226,at_ceiling,"large airport, peak hour static across the window"
BOH,2015,2019,3691,4.0,-0.3342,0.0,-0.0,0.001116,not_assessed,"below the screen floor, peak too small to read a trend"
BOI,2015,2019,51000,13.4,0.2546,0.4898,1.924,0.000297,headroom,peak growing broadly in step with annual traffic
BOJ,2015,2019,9021,5.2,0.2993,-0.0907,-0.303,0.000893,not_assessed,"below the screen floor, peak too small to read a trend"
BOM,2015,2019,299966,48.0,0.0539,-0.007,-0.13,0.00016,at_ceiling,"large airport, peak hour static across the window"
BON,2015,2019,10673,2.0,0.1092,-0.5254,-4.81,0.001222,not_assessed,"below the screen floor, peak too small to read a trend"
BOO,2015,2019,34514,14.4,-0.0308,0.4419,-14.332,0.000537,headroom,"traffic broadly flat, nothing to read into the peak"
BOS,2015,2019,395311,96.6,0.1462,0.1756,1.201,0.000249,headroom,peak growing broadly in step with annual traffic
BPE,2016,2019,5011,4.0,0.8712,0.337,0.387,0.000933,not_assessed,"below the screen floor, peak too small to read a trend"
BPL,2015,2019,6183,5.0,2.6031,1.5,0.576,0.000674,not_assessed,"below the screen floor, peak too small to read a trend"
BPN,2015,2019,57837,19.9,-0.1836,-0.0297,0.162,0.000374,headroom,"traffic broadly flat, nothing to read into the peak"
BPS,2015,2019,11175,7.0,0.1876,0.1462,0.779,0.000663,not_assessed,"below the screen floor, peak too small to read a trend"
BPT,2015,2019,2002,2.1,-0.0557,-0.0226,0.406,0.001044,not_assessed,"below the screen floor, peak too small to read a trend"
BPX,2015,2019,4368,6.6,1.5455,1.2139,0.785,0.001444,not_assessed,"below the screen floor, peak too small to read a trend"
BQK,2015,2019,2074,2.2,0.0768,0.0075,0.097,0.001082,not_assessed,"below the screen floor, peak too small to read a trend"
BQN,2015,2019,4619,3.6,0.6033,0.1913,0.317,0.000873,not_assessed,"below the screen floor, peak too small to read a trend"
BQS,2015,2019,4318,3.6,0.7054,0.4095,0.581,0.000974,not_assessed,"below the screen floor, peak too small to read a trend"
BRA,2015,2019,1771,4.0,-0.4591,0.4437,-0.966,0.002344,not_assessed,"below the screen floor, peak too small to read a trend"
BRC,2015,2019,12809,8.2,0.4418,0.6861,1.553,0.000615,not_assessed,"below the screen floor, peak too small to read a trend"
BRD,2015,2019,1272,2.1,-0.0101,-0.0463,nan,0.001616,not_assessed,"below the screen floor, peak too small to read a trend"
BRE,2015,2019,20990,10.3,-0.1602,0.2076,-1.296,0.000506,headroom,"traffic broadly flat, nothing to read into the peak"
BRI,2015,2019,37736,15.8,0.3239,0.3848,1.188,0.000422,headroom,peak growing broadly in step with annual traffic
BRL,2015,2019,3329,1.0,0.2765,-0.5,-1.809,0.000689,not_assessed,"below the screen floor, peak too small to read a trend"
BRM,2015,2019,958,2.0,-0.7975,-0.5,0.627,0.001872,not_assessed,"below the screen floor, peak too small to read a trend"
BRN,2015,2017,5469,3.8,-0.2791,-0.1703,0.61,0.000993,not_assessed,"below the screen floor, peak too small to read a trend"
BRO,2015,2019,5445,2.5,0.0356,-0.0011,-0.03,0.000552,not_assessed,"below the screen floor, peak too small to read a trend"
BRQ,2015,2019,2730,3.0,0.0549,-0.0614,-1.12,0.001164,not_assessed,"below the screen floor, peak too small to read a trend"
BRR,2015,2019,1354,2.3,0.3732,0.1502,0.402,0.00169,not_assessed,"below the screen floor, peak too small to read a trend"
BRS,2015,2019,57899,20.9,0.1186,0.0779,0.657,0.000347,headroom,peak growing broadly in step with annual traffic
BRU,2015,2019,199870,56.0,0.0038,0.1079,nan,0.000308,headroom,"traffic broadly flat, nothing to read into the peak"
BRW,2015,2019,6289,2.0,0.1707,-0.0638,-0.374,0.000986,not_assessed,"below the screen floor, peak too small to read a trend"
BSA,2017,2017,817,0.9,nan,nan,nan,0.002289,too_short,"one observed year, no trend to read"
BSB,2015,2019,118198,40.5,-0.2345,-0.1094,0.467,0.000356,headroom,"traffic broadly flat, nothing to read into the peak"
BSD,2015,2019,10549,4.7,1.7761,0.5992,0.337,0.000453,not_assessed,"below the screen floor, peak too small to read a trend"
BSG,2015,2018,5271,3.0,-0.0552,0.0,-0.0,0.000591,not_assessed,"below the screen floor, peak too small to read a trend"
BSK,2015,2018,1541,2.0,0.4676,1.0,2.138,0.001243,not_assessed,"below the screen floor, peak too small to read a trend"
BSL,2015,2019,64174,20.1,0.1647,0.0445,0.27,0.000343,tightening,"growth going into the shoulder hours, not the peak"
BSO,2015,2019,2458,3.0,0.5353,-0.0655,-0.122,0.001253,not_assessed,"below the screen floor, peak too small to read a trend"
BSR,2015,2019,9083,4.4,0.0079,-0.1603,nan,0.000615,not_assessed,"below the screen floor, peak too small to read a trend"
BTC,2016,2019,1218,2.0,0.6639,0.0,0.0,0.001929,not_assessed,"below the screen floor, peak too small to read a trend"
BTH,2015,2019,37187,18.9,-0.1656,0.1309,-0.79,0.000453,headroom,"traffic broadly flat, nothing to read into the peak"
BTJ,2015,2019,8512,4.1,0.3982,0.0365,0.092,0.000602,not_assessed,"below the screen floor, peak too small to read a trend"
BTK,2015,2019,1467,3.0,-0.0916,2.0,-21.824,0.001947,not_assessed,"below the screen floor, peak too small to read a trend"
BTM,2015,2019,1354,1.2,-0.0713,-0.4067,5.701,0.000902,not_assessed,"below the screen floor, peak too small to read a trend"
BTR,2015,2019,15480,5.7,-0.1062,0.7531,-7.093,0.000345,not_assessed,"below the screen floor, peak too small to read a trend"
BTS,2015,2019,11322,5.8,0.348,-0.2648,-0.761,0.000576,not_assessed,"below the screen floor, peak too small to read a trend"
BTT,2015,2019,1148,2.0,-0.4763,0.0,-0.0,0.001742,not_assessed,"below the screen floor, peak too small to read a trend"
BTU,2015,2019,11396,5.2,0.0343,-0.1389,-4.048,0.000483,not_assessed,"below the screen floor, peak too small to read a trend"
BTV,2015,2019,23992,6.7,0.1109,0.0728,0.656,0.000371,headroom,peak growing broadly in step with annual traffic
BTW,2018,2019,3022,4.0,0.0747,0.0,0.0,0.001332,not_assessed,"below the screen floor, peak too small to read a trend"
BUA,2015,2019,1343,2.0,-0.0475,-0.3276,6.895,0.002107,not_assessed,"below the screen floor, peak too small to read a trend"
BUD,2015,2019,105935,35.7,0.3565,0.5565,1.561,0.000324,headroom,peak growing broadly in step with annual traffic
BUF,2015,2019,57541,19.2,-0.0204,0.0817,-4.014,0.000344,headroom,"traffic broadly flat, nothing to read into the peak"
BUQ,2015,2018,3790,4.0,0.207,0.1988,0.96,0.00151,not_assessed,"below the screen floor, peak too small to read a trend"
BUR,2015,2019,65045,22.4,0.3374,0.4528,1.342,0.000341,headroom,peak growing broadly in step with annual traffic
BUS,2015,2019,4346,3.5,0.707,0.1084,0.153,0.000734,not_assessed,"below the screen floor, peak too small to read a trend"
BUT,2018,2018,664,2.0,nan,nan,nan,0.004264,too_short,"one observed year, no trend to read"
BUU,2019,2019,1414,2.0,nan,nan,nan,0.001458,too_short,"one observed year, no trend to read"
BUW,2015,2019,3058,2.3,0.4047,-0.2867,-0.708,0.000737,not_assessed,"below the screen floor, peak too small to read a trend"
BUZ,2015,2019,2378,2.4,0.5022,0.4788,0.953,0.001129,not_assessed,"below the screen floor, peak too small to read a trend"
BVA,2015,2019,23927,13.1,-0.1357,-0.1488,1.096,0.000546,headroom,"traffic broadly flat, nothing to read into the peak"
BVB,2015,2019,2369,3.2,-0.0793,0.0512,-0.646,0.001383,not_assessed,"below the screen floor, peak too small to read a trend"
BVC,2015,2018,3277,3.0,0.1666,0.1254,0.753,0.001169,not_assessed,"below the screen floor, peak too small to read a trend"
BVE,2015,2019,1879,2.0,0.0905,-0.0545,-0.602,0.002672,not_assessed,"below the screen floor, peak too small to read a trend"
BVG,2015,2016,1848,2.0,0.0022,-0.1542,nan,0.001094,not_assessed,"below the screen floor, peak too small to read a trend"
BVH,2015,2019,690,2.0,-0.1626,0.98,-6.026,0.002899,not_assessed,"below the screen floor, peak too small to read a trend"
BWA,2015,2019,6624,6.0,1.3185,0.5,0.379,0.001041,not_assessed,"below the screen floor, peak too small to read a trend"
BWI,2015,2019,230795,56.0,0.0895,0.0653,0.73,0.000235,headroom,peak growing broadly in step with annual traffic
BWN,2015,2019,17635,10.0,0.3613,0.5388,1.492,0.000526,not_assessed,"below the screen floor, peak too small to read a trend"
BWT,2015,2019,4994,3.0,0.0036,-0.2467,nan,0.000643,not_assessed,"below the screen floor, peak too small to read a trend"
BWX,2015,2019,5519,4.1,1.9263,0.5931,0.308,0.000946,not_assessed,"below the screen floor, peak too small to read a trend"
BXB,2019,2019,1460,2.0,nan,nan,nan,0.00137,too_short,"one observed year, no trend to read"
BXU,2015,2019,5868,4.2,0.1985,0.0896,0.451,0.000899,not_assessed,"below the screen floor, peak too small to read a trend"
BYK,2016,2016,436,2.0,nan,nan,nan,0.004587,too_short,"one observed year, no trend to read"
BZA,2017,2019,730,1.0,-0.1531,-0.5,3.265,0.003477,not_assessed,"below the screen floor, peak too small to read a trend"
BZE,2015,2019,92301,38.9,0.5879,0.731,1.243,0.000701,headroom,peak growing broadly in step with annual traffic
BZG,2015,2019,2900,3.0,0.2478,0.0,0.0,0.001272,not_assessed,"below the screen floor, peak too small to read a trend"
BZL,2019,2019,1468,4.0,nan,nan,nan,0.002655,too_short,"one observed year, no trend to read"
BZN,2015,2019,16806,10.3,0.3488,0.5858,1.679,0.000659,not_assessed,"below the screen floor, peak too small to read a trend"
BZV,2015,2018,6457,3.0,-0.5517,-0.4781,0.867,0.000597,not_assessed,"below the screen floor, peak too small to read a trend"
CAB,2015,2018,3115,2.1,0.3603,0.0229,0.063,0.000864,not_assessed,"below the screen floor, peak too small to read a trend"
CAC,2015,2019,3349,2.9,-0.3873,-0.3063,0.791,0.001041,not_assessed,"below the screen floor, peak too small to read a trend"
CAE,2015,2019,22935,9.1,0.071,0.7333,10.331,0.000366,headroom,peak growing broadly in step with annual traffic
CAG,2015,2019,32625,11.8,0.2479,0.15,0.605,0.000375,headroom,peak growing broadly in step with annual traffic
CAH,2015,2019,730,1.0,0.0945,-0.0942,-0.997,0.001431,not_assessed,"below the screen floor, peak too small to read a trend"
CAI,2015,2018,133376,27.5,0.064,0.0474,0.741,0.00025,headroom,peak growing broadly in step with annual traffic
CAK,2015,2019,15604,6.6,-0.2983,-0.3531,1.184,0.000515,headroom,"traffic broadly flat, nothing to read into the peak"
CAN,2015,2019,475510,81.7,0.2243,0.183,0.816,0.000177,headroom,peak growing broadly in step with annual traffic
CAP,2015,2019,3516,1.5,-0.0162,0.2975,nan,0.001374,not_assessed,"below the screen floor, peak too small to read a trend"
CAW,2015,2017,821,1.5,-0.4468,-0.2363,0.529,0.001873,not_assessed,"below the screen floor, peak too small to read a trend"
CAY,2015,2019,2674,3.1,-0.0874,0.5067,-5.8,0.001064,not_assessed,"below the screen floor, peak too small to read a trend"
CBB,2015,2019,25375,7.4,0.1707,0.0147,0.086,0.000318,tightening,"growth going into the shoulder hours, not the peak"
CBH,2015,2018,1341,2.5,-0.0543,0.2981,-5.489,0.002096,not_assessed,"below the screen floor, peak too small to read a trend"
CBO,2015,2019,2208,3.0,0.2377,-0.2387,-1.004,0.001542,not_assessed,"below the screen floor, peak too small to read a trend"
CBQ,2015,2018,2200,3.0,-0.2146,0.1934,-0.901,0.001374,not_assessed,"below the screen floor, peak too small to read a trend"
CBR,2015,2019,40319,17.0,0.0533,0.3829,7.185,0.000447,headroom,peak growing broadly in step with annual traffic
CBT,2015,2018,1932,2.0,1.2918,1.0136,0.785,0.001332,not_assessed,"below the screen floor, peak too small to read a trend"
CCC,2015,2019,3804,3.9,0.0558,0.04,0.717,0.001018,not_assessed,"below the screen floor, peak too small to read a trend"
CCF,2015,2019,2188,3.0,-0.0872,0.0,-0.0,0.001371,not_assessed,"below the screen floor, peak too small to read a trend"
CCJ,2015,2019,25840,9.0,0.491,0.2908,0.592,0.000325,headroom,peak growing broadly in step with annual traffic
CCM,2015,2016,1095,2.0,-0.1692,0.0013,-0.008,0.001846,not_assessed,"below the screen floor, peak too small to read a trend"
CCP,2015,2019,11223,5.0,0.5874,0.2049,0.349,0.000474,not_assessed,"below the screen floor, peak too small to read a trend"
CCS,2015,2019,30248,8.2,-0.585,-0.5524,0.944,0.00036,headroom,"traffic broadly flat, nothing to read into the peak"
CCU,2015,2019,165377,31.1,0.7041,0.3684,0.523,0.000194,headroom,peak growing broadly in step with annual traffic
CDC,2015,2019,1525,2.1,0.2181,0.0093,0.043,0.001355,not_assessed,"below the screen floor, peak too small to read a trend"
CDE,2018,2019,3191,4.0,-0.0793,0.4,-5.041,0.001032,not_assessed,"below the screen floor, peak too small to read a trend"
CDG,2015,2019,464556,96.5,0.0716,0.0151,0.21,0.000262,at_ceiling,"large airport, peak hour static across the window"
CDP,2018,2019,2220,2.0,0.2347,0.005,0.021,0.00117,not_assessed,"below the screen floor, peak too small to read a trend"
CDR,2016,2019,1550,2.1,-0.3815,0.0322,-0.084,0.001332,not_assessed,"below the screen floor, peak too small to read a trend"
CDT,2017,2019,960,3.0,0.1034,0.0196,0.19,0.0038,not_assessed,"below the screen floor, peak too small to read a trend"
CDV,2015,2019,1444,2.6,-0.0007,0.2255,nan,0.001716,not_assessed,"below the screen floor, peak too small to read a trend"
CEB,2015,2019,105422,23.0,0.5669,0.148,0.261,0.000239,tightening,"growth going into the shoulder hours, not the peak"
CEC,2016,2019,874,1.2,-0.3997,-0.3937,0.985,0.001387,not_assessed,"below the screen floor, peak too small to read a trend"
CED,2015,2019,1217,2.0,0.0033,0.01,nan,0.00166,not_assessed,"below the screen floor, peak too small to read a trend"
CEE,2015,2019,5009,3.0,0.0347,-0.2312,-6.662,0.000719,not_assessed,"below the screen floor, peak too small to read a trend"
CEH,2017,2017,952,1.4,nan,nan,nan,0.00147,too_short,"one observed year, no trend to read"
CEI,2015,2019,19747,8.0,0.3831,0.3231,0.843,0.000413,not_assessed,"below the screen floor, peak too small to read a trend"
CEK,2015,2019,13352,6.6,0.3564,0.6537,1.835,0.000538,not_assessed,"below the screen floor, peak too small to read a trend"
CEN,2015,2019,4154,2.5,0.5144,-0.0896,-0.174,0.001237,not_assessed,"below the screen floor, peak too small to read a trend"
CEZ,2015,2019,3150,2.2,1.7015,0.0775,0.046,0.000687,not_assessed,"below the screen floor, peak too small to read a trend"
CFE,2015,2019,5939,2.0,-0.1312,-0.6048,4.609,0.000721,not_assessed,"below the screen floor, peak too small to read a trend"
CFG,2017,2017,882,2.1,nan,nan,nan,0.001874,too_short,"one observed year, no trend to read"
CFN,2015,2019,1893,3.0,0.0647,0.4851,7.499,0.001531,not_assessed,"below the screen floor, peak too small to read a trend"
CFR,2015,2019,4190,3.9,0.8186,-0.0124,-0.015,0.001575,not_assessed,"below the screen floor, peak too small to read a trend"
CFS,2015,2019,5453,3.8,-0.0215,-0.0444,2.064,0.000925,not_assessed,"below the screen floor, peak too small to read a trend"
CFU,2015,2019,16807,9.0,0.4177,-0.0184,-0.044,0.000648,not_assessed,"below the screen floor, peak too small to read a trend"
CGB,2015,2019,26710,10.8,-0.2051,-0.1634,0.797,0.00038,headroom,"traffic broadly flat, nothing to read into the peak"
CGD,2015,2019,10460,5.5,1.9136,0.8244,0.431,0.000528,not_assessed,"below the screen floor, peak too small to read a trend"
CGH,2015,2019,172264,37.2,-0.0082,0.004,nan,0.000213,at_ceiling,"large airport, peak hour static across the window"
CGI,2015,2019,1583,2.0,-0.3678,0.0092,-0.025,0.001275,not_assessed,"below the screen floor, peak too small to read a trend"
CGK,2015,2019,432009,81.9,0.0255,0.0879,3.442,0.000198,headroom,peak growing broadly in step with annual traffic
CGM,2016,2019,1840,6.0,1.5344,2.0,1.303,0.00326,not_assessed,"below the screen floor, peak too small to read a trend"
CGN,2015,2019,90953,23.3,0.1015,-0.0581,-0.573,0.000269,tightening,"growth going into the shoulder hours, not the peak"
CGO,2015,2019,209244,43.8,0.4241,0.3277,0.773,0.000215,headroom,peak growing broadly in step with annual traffic
CGP,2015,2019,22105,9.8,0.1433,0.2219,1.548,0.000502,headroom,peak growing broadly in step with annual traffic
CGQ,2015,2019,97970,23.3,0.5128,0.1987,0.388,0.000242,headroom,peak growing broadly in step with annual traffic
CGR,2015,2019,12364,5.8,-0.2034,-0.2723,1.339,0.000519,not_assessed,"below the screen floor, peak too small to read a trend"
CGY,2015,2019,18126,8.2,0.2527,0.1844,0.73,0.000398,not_assessed,"below the screen floor, peak too small to read a trend"
CHA,2015,2019,20513,4.4,0.3813,-0.1268,-0.333,0.000351,tightening,"growth going into the shoulder hours, not the peak"
CHC,2015,2019,72849,17.0,0.0643,-0.3255,-5.066,0.000326,tightening,"growth going into the shoulder hours, not the peak"
CHG,2015,2019,2475,3.0,0.4732,0.5,1.057,0.001136,not_assessed,"below the screen floor, peak too small to read a trend"
CHO,2015,2019,18178,7.8,0.3067,0.5308,1.73,0.000365,not_assessed,"below the screen floor, peak too small to read a trend"
CHQ,2015,2019,13001,8.5,0.1581,0.0031,0.02,0.000741,not_assessed,"below the screen floor, peak too small to read a trend"
CHS,2015,2019,55214,14.2,0.2008,0.0581,0.29,0.000293,tightening,"growth going into the shoulder hours, not the peak"
CHT,2019,2019,622,1.0,nan,nan,nan,0.001816,too_short,"one observed year, no trend to read"
CHX,2015,2019,682,2.0,-0.6069,-0.6,0.989,0.002933,not_assessed,"below the screen floor, peak too small to read a trend"
CIA,2015,2019,33657,11.0,0.0075,-0.0788,nan,0.000325,headroom,"traffic broadly flat, nothing to read into the peak"
CID,2015,2019,21479,8.4,0.0282,0.2295,8.124,0.000466,headroom,peak growing broadly in step with annual traffic
CIF,2015,2019,17866,7.0,0.5068,0.2659,0.525,0.000377,not_assessed,"below the screen floor, peak too small to read a trend"
CIH,2015,2019,9076,5.0,0.2328,0.3366,1.446,0.00059,not_assessed,"below the screen floor, peak too small to read a trend"
CIJ,2015,2019,1708,3.0,0.2288,0.2,0.874,0.002027,not_assessed,"below the screen floor, peak too small to read a trend"
CIK,2019,2019,730,2.0,nan,nan,nan,0.00274,too_short,"one observed year, no trend to read"
CIT,2015,2019,8604,3.2,0.6815,0.0065,0.01,0.000413,not_assessed,"below the screen floor, peak too small to read a trend"
CIU,2015,2019,1354,2.2,-0.0174,-0.0114,nan,0.001602,not_assessed,"below the screen floor, peak too small to read a trend"
CIX,2015,2019,5879,4.7,0.6528,0.8528,1.306,0.000838,not_assessed,"below the screen floor, peak too small to read a trend"
CIY,2015,2018,2484,3.7,0.1154,0.2437,2.111,0.001526,not_assessed,"below the screen floor, peak too small to read a trend"
CJA,2015,2019,4375,4.0,0.321,0.3454,1.076,0.000971,not_assessed,"below the screen floor, peak too small to read a trend"
CJB,2015,2019,22042,7.9,0.1935,0.1528,0.789,0.000363,headroom,peak growing broadly in step with annual traffic
CJC,2015,2019,15446,7.8,0.6059,0.5224,0.862,0.000488,not_assessed,"below the screen floor, peak too small to read a trend"
CJJ,2015,2019,16399,6.0,0.5099,-0.0095,-0.019,0.000379,not_assessed,"below the screen floor, peak too small to read a trend"
CJM,2015,2019,2170,2.9,0.1736,0.4375,2.52,0.001337,not_assessed,"below the screen floor, peak too small to read a trend"
CJS,2015,2019,15046,7.0,0.6152,0.3663,0.595,0.000566,not_assessed,"below the screen floor, peak too small to read a trend"
CJU,2015,2019,148816,38.8,0.2262,0.2865,1.267,0.000261,headroom,peak growing broadly in step with annual traffic
CKB,2015,2019,1710,1.3,-0.1896,-0.2417,1.275,0.001704,not_assessed,"below the screen floor, peak too small to read a trend"
CKG,2015,2019,312096,50.6,0.3722,0.196,0.527,0.000173,headroom,peak growing broadly in step with annual traffic
CKS,2015,2015,2777,3.0,nan,nan,nan,0.001149,too_short,"one observed year, no trend to read"
CKY,2015,2018,4854,2.0,0.4464,0.1521,0.341,0.000552,not_assessed,"below the screen floor, peak too small to read a trend"
CKZ,2015,2019,934,1.4,-0.3168,0.2937,-0.927,0.001597,not_assessed,"below the screen floor, peak too small to read a trend"
CLE,2015,2019,107516,27.0,0.0731,-0.072,-0.985,0.000292,tightening,"growth going into the shoulder hours, not the peak"
CLJ,2015,2019,20624,7.3,0.6119,0.1556,0.254,0.000384,tightening,"growth going into the shoulder hours, not the peak"
CLL,2015,2019,4535,3.3,-0.1039,0.161,-1.549,0.000654,not_assessed,"below the screen floor, peak too small to read a trend"
CLO,2015,2019,46723,13.0,-0.0187,0.006,nan,0.00031,headroom,"traffic broadly flat, nothing to read into the peak"
CLQ,2015,2019,2804,2.0,-0.124,-0.0455,0.366,0.001266,not_assessed,"below the screen floor, peak too small to read a trend"
CLT,2015,2019,541127,128.7,0.0616,0.2078,3.375,0.000239,headroom,peak growing broadly in step with annual traffic
CLY,2015,2019,3924,5.7,0.0095,0.1944,nan,0.001774,not_assessed,"below the screen floor, peak too small to read a trend"
CMB,2015,2019,62836,12.9,0.1385,-0.1507,-1.088,0.000255,tightening,"growth going into the shoulder hours, not the peak"
CME,2015,2019,4074,3.9,-0.2805,-0.0741,0.264,0.001169,not_assessed,"below the screen floor, peak too small to read a trend"
CMH,2015,2019,103362,27.2,0.0892,0.0295,0.331,0.000276,tightening,"growth going into the shoulder hours, not the peak"
CMI,2015,2019,5806,3.1,0.2505,0.3284,1.311,0.000558,not_assessed,"below the screen floor, peak too small to read a trend"
CMK,2015,2018,2566,3.0,2.0916,0.0642,0.031,0.001353,not_assessed,"below the screen floor, peak too small to read a trend"
CMN,2015,2018,81963,24.5,0.0787,0.3416,4.342,0.000287,headroom,peak growing broadly in step with annual traffic
CMW,2016,2019,2025,2.0,0.2082,-0.1369,-0.657,0.001168,not_assessed,"below the screen floor, peak too small to read a trend"
CMX,2015,2019,1456,1.8,0.0007,0.1147,nan,0.001241,not_assessed,"below the screen floor, peak too small to read a trend"
CNF,2015,2019,96403,22.8,-0.1077,-0.0408,0.378,0.00025,headroom,"traffic broadly flat, nothing to read into the peak"
CNM,2015,2019,2017,2.1,0.3796,-0.3119,-0.822,0.001023,not_assessed,"below the screen floor, peak too small to read a trend"
CNN,2019,2019,13896,5.0,nan,nan,nan,0.000471,too_short,"one observed year, no trend to read"
CNQ,2018,2019,1603,2.9,-0.0669,0.4615,-6.895,0.001891,not_assessed,"below the screen floor, peak too small to read a trend"
CNS,2015,2019,44892,14.2,0.0059,-0.2239,nan,0.000376,headroom,"traffic broadly flat, nothing to read into the peak"
CNX,2015,2019,79194,19.7,0.2658,0.2536,0.954,0.00025,headroom,peak growing broadly in step with annual traffic
CNY,2017,2019,1246,1.8,-0.5494,-0.3968,0.722,0.001452,not_assessed,"below the screen floor, peak too small to read a trend"
COD,2015,2019,2220,2.5,0.3105,-0.0234,-0.075,0.001112,not_assessed,"below the screen floor, peak too small to read a trend"
COK,2015,2019,70557,19.4,0.2972,0.4968,1.671,0.00029,headroom,peak growing broadly in step with annual traffic
COO,2015,2018,8283,5.2,-0.1512,-0.0157,0.104,0.000644,not_assessed,"below the screen floor, peak too small to read a trend"
COR,2015,2019,29669,11.8,0.5742,1.0959,1.909,0.000409,headroom,peak growing broadly in step with annual traffic
COS,2015,2019,21905,5.6,0.2506,-0.2469,-0.985,0.00046,tightening,"growth going into the shoulder hours, not the peak"
COU,2015,2019,6564,3.6,1.2935,0.818,0.632,0.000566,not_assessed,"below the screen floor, peak too small to read a trend"
CPC,2015,2019,1140,1.9,0.5079,0.35,0.689,0.001711,not_assessed,"below the screen floor, peak too small to read a trend"
CPD,2018,2019,654,2.0,0.0283,0.0,0.0,0.003049,not_assessed,"below the screen floor, peak too small to read a trend"
CPE,2015,2019,2100,3.1,-0.2981,0.017,-0.057,0.001565,not_assessed,"below the screen floor, peak too small to read a trend"
CPH,2015,2019,243625,61.5,0.0371,-0.0512,-1.38,0.000242,tightening,"growth going into the shoulder hours, not the peak"
CPO,2015,2019,4313,5.3,0.2246,0.4118,1.834,0.001138,not_assessed,"below the screen floor, peak too small to read a trend"
CPR,2015,2019,4634,3.1,-0.0949,-0.2068,2.178,0.000695,not_assessed,"below the screen floor, peak too small to read a trend"
CPT,2015,2018,84703,25.9,0.0838,0.1902,2.269,0.000352,headroom,peak growing broadly in step with annual traffic
CPV,2015,2019,1741,2.1,0.315,0.9739,3.092,0.00162,not_assessed,"below the screen floor, peak too small to read a trend"
CPX,2015,2019,5516,5.8,-0.4759,-0.0361,0.076,0.001049,not_assessed,"below the screen floor, peak too small to read a trend"
CRA,2016,2019,3010,2.2,1.1078,0.0869,0.078,0.000722,not_assessed,"below the screen floor, peak too small to read a trend"
CRD,2015,2019,6406,3.0,0.0058,-0.0431,nan,0.00061,not_assessed,"below the screen floor, peak too small to read a trend"
CRK,2015,2019,35515,12.9,4.9231,2.7844,0.566,0.000327,headroom,peak growing broadly in step with annual traffic
CRL,2015,2019,49471,16.0,0.1257,-0.0663,-0.528,0.000328,tightening,"growth going into the shoulder hours, not the peak"
CRM,2015,2019,730,1.0,0.1027,-0.488,-4.751,0.001405,not_assessed,"below the screen floor, peak too small to read a trend"
CRP,2015,2019,11803,5.2,-0.0736,-0.0393,0.534,0.000518,not_assessed,"below the screen floor, peak too small to read a trend"
CRV,2015,2015,1823,2.5,nan,nan,nan,0.001371,too_short,"one observed year, no trend to read"
CRW,2015,2019,10536,4.0,-0.1554,-0.4012,2.581,0.000518,not_assessed,"below the screen floor, peak too small to read a trend"
CRZ,2016,2019,3860,2.0,0.0182,0.0,nan,0.000548,not_assessed,"below the screen floor, peak too small to read a trend"
CSG,2015,2019,2548,2.2,0.0806,-0.082,-1.018,0.00085,not_assessed,"below the screen floor, peak too small to read a trend"
CSX,2015,2019,193079,37.3,0.299,0.1176,0.393,0.0002,headroom,peak growing broadly in step with annual traffic
CSY,2015,2019,3320,2.1,0.9404,0.3806,0.405,0.000762,not_assessed,"below the screen floor, peak too small to read a trend"
CTA,2015,2019,69492,21.5,0.393,0.1385,0.352,0.000307,headroom,peak growing broadly in step with annual traffic
CTC,2016,2019,809,2.0,-0.0229,0.0833,-3.632,0.002464,not_assessed,"below the screen floor, peak too small to read a trend"
CTD,2017,2019,1180,2.0,-0.056,0.0,-0.0,0.001695,not_assessed,"below the screen floor, peak too small to read a trend"
CTG,2015,2019,42732,12.7,0.382,0.3287,0.86,0.000292,headroom,peak growing broadly in step with annual traffic
CTL,2015,2019,964,2.0,0.2487,0.0,0.0,0.002253,not_assessed,"below the screen floor, peak too small to read a trend"
CTM,2015,2019,2915,4.0,1.1371,0.7959,0.7,0.001618,not_assessed,"below the screen floor, peak too small to read a trend"
CTN,2017,2019,1982,2.0,0.0702,0.0,0.0,0.001009,not_assessed,"below the screen floor, peak too small to read a trend"
CTS,2015,2019,157936,41.4,0.1243,0.316,2.542,0.000269,headroom,peak growing broadly in step with annual traffic
CTU,2015,2019,360982,52.7,0.2868,0.1809,0.631,0.000167,headroom,peak growing broadly in step with annual traffic
CUC,2015,2019,12155,8.1,0.1389,1.0427,7.51,0.000599,not_assessed,"below the screen floor, peak too small to read a trend"
CUE,2015,2019,3643,3.0,-0.341,-0.3935,1.154,0.001037,not_assessed,"below the screen floor, peak too small to read a trend"
CUK,2015,2019,19692,12.0,-0.4138,-0.003,0.007,0.000594,headroom,"traffic broadly flat, nothing to read into the peak"
CUL,2015,2019,19034,7.9,0.2901,-0.0036,-0.012,0.000418,not_assessed,"below the screen floor, peak too small to read a trend"
CUM,2015,2016,1082,2.8,0.1585,0.4222,2.665,0.002307,not_assessed,"below the screen floor, peak too small to read a trend"
CUN,2015,2019,156829,53.6,0.2183,0.171,0.783,0.000344,headroom,peak growing broadly in step with annual traffic
CUR,2015,2019,23383,11.1,-0.1332,0.3146,-2.362,0.000603,headroom,"traffic broadly flat, nothing to read into the peak"
CUU,2015,2019,19996,7.8,0.3697,0.3139,0.849,0.000514,not_assessed,"below the screen floor, peak too small to read a trend"
CUZ,2015,2019,36646,12.8,0.1769,-0.1852,-1.047,0.000362,tightening,"growth going into the shoulder hours, not the peak"
CVG,2015,2019,107437,28.7,0.1198,-0.2989,-2.494,0.000276,tightening,"growth going into the shoulder hours, not the peak"
CVM,2015,2019,1594,2.0,-0.4331,-0.0152,0.035,0.000913,not_assessed,"below the screen floor, peak too small to read a trend"
CVN,2015,2019,2061,2.0,-0.1113,-0.2766,2.486,0.000972,not_assessed,"below the screen floor, peak too small to read a trend"
CVQ,2017,2019,1234,2.0,0.1576,0.798,5.064,0.001636,not_assessed,"below the screen floor, peak too small to read a trend"
CWA,2015,2019,7141,4.3,0.16,-0.0687,-0.429,0.000608,not_assessed,"below the screen floor, peak too small to read a trend"
CWB,2015,2019,58619,15.6,-0.1723,-0.1482,0.86,0.000274,headroom,"traffic broadly flat, nothing to read into the peak"
CWC,2017,2019,822,1.1,-0.3092,0.0826,-0.267,0.001385,not_assessed,"below the screen floor, peak too small to read a trend"
CWJ,2017,2019,3012,3.0,2.8418,0.2,0.07,0.001058,not_assessed,"below the screen floor, peak too small to read a trend"
CWL,2015,2019,13912,5.0,0.1998,0.2597,1.299,0.000621,not_assessed,"below the screen floor, peak too small to read a trend"
CXB,2015,2019,6874,6.0,1.0606,0.2,0.189,0.000921,not_assessed,"below the screen floor, peak too small to read a trend"
CXH,2015,2019,13800,6.0,0.4059,0.0028,0.007,0.000414,not_assessed,"below the screen floor, peak too small to read a trend"
CXJ,2015,2019,2242,2.9,0.2015,0.4444,2.206,0.001209,not_assessed,"below the screen floor, peak too small to read a trend"
CXR,2015,2019,42250,11.4,2.1933,0.5979,0.273,0.000256,tightening,"growth going into the shoulder hours, not the peak"
CYB,2015,2019,4914,2.7,-0.0427,0.4118,-9.651,0.001444,not_assessed,"below the screen floor, peak too small to read a trend"
CYD,2015,2019,2178,2.0,-0.2541,-0.4952,1.949,0.000923,not_assessed,"below the screen floor, peak too small to read a trend"
CYF,2015,2019,2583,3.0,-0.3795,-0.25,0.659,0.001079,not_assessed,"below the screen floor, peak too small to read a trend"
CYI,2017,2019,1242,2.0,-0.0387,-0.0118,0.304,0.00161,not_assessed,"below the screen floor, peak too small to read a trend"
CYO,2016,2019,1274,2.0,-0.3256,0.0,-0.0,0.003707,not_assessed,"below the screen floor, peak too small to read a trend"
CYP,2015,2016,750,2.0,0.1364,0.0143,0.105,0.003303,not_assessed,"below the screen floor, peak too small to read a trend"
CYS,2015,2019,1030,2.0,-0.2659,0.0386,-0.145,0.001966,not_assessed,"below the screen floor, peak too small to read a trend"
CYZ,2017,2019,1012,3.0,0.01,0.5,nan,0.002279,not_assessed,"below the screen floor, peak too small to read a trend"
CZH,2015,2019,5248,4.0,-0.2811,0.0004,-0.001,0.00074,not_assessed,"below the screen floor, peak too small to read a trend"
CZL,2015,2018,10895,6.3,0.1455,0.4819,3.311,0.000549,not_assessed,"below the screen floor, peak too small to read a trend"
CZM,2015,2019,6195,5.0,-0.1882,-0.0658,0.35,0.001362,not_assessed,"below the screen floor, peak too small to read a trend"
CZS,2015,2019,727,1.3,0.1395,0.2686,1.926,0.001742,not_assessed,"below the screen floor, peak too small to read a trend"
CZU,2015,2019,1538,2.0,1.2098,0.0,0.0,0.001442,not_assessed,"below the screen floor, peak too small to read a trend"
CZX,2015,2019,30858,10.6,0.8778,0.6779,0.772,0.000351,headroom,peak growing broadly in step with annual traffic
DAB,2015,2019,6984,3.1,0.1934,-0.0601,-0.31,0.000488,not_assessed,"below the screen floor, peak too small to read a trend"
DAC,2015,2019,81172,19.1,0.3642,0.2527,0.694,0.00026,headroom,peak growing broadly in step with annual traffic
DAD,2015,2019,93543,22.9,0.9996,0.5408,0.541,0.000252,headroom,peak growing broadly in step with annual traffic
DAL,2015,2019,149575,35.5,0.132,0.0633,0.479,0.000234,headroom,peak growing broadly in step with annual traffic
DAM,2016,2019,6313,4.0,0.2009,0.3658,1.821,0.000641,not_assessed,"below the screen floor, peak too small to read a trend"
DAR,2015,2018,63398,20.8,0.2865,0.1054,0.368,0.000314,headroom,peak growing broadly in step with annual traffic
DAT,2015,2019,12158,6.4,1.0883,0.16,0.147,0.000549,not_assessed,"below the screen floor, peak too small to read a trend"
DAU,2016,2017,1124,2.0,-0.0483,-0.3158,6.543,0.002036,not_assessed,"below the screen floor, peak too small to read a trend"
DAV,2015,2019,3454,2.1,-0.2249,-0.2839,1.263,0.000833,not_assessed,"below the screen floor, peak too small to read a trend"
DAX,2015,2019,6330,6.1,0.6755,0.5063,0.749,0.00097,not_assessed,"below the screen floor, peak too small to read a trend"
DAY,2015,2019,33448,11.4,-0.077,-0.1202,1.56,0.00036,headroom,"traffic broadly flat, nothing to read into the peak"
DBC,2018,2019,719,1.9,-0.3428,-0.0714,0.208,0.003243,not_assessed,"below the screen floor, peak too small to read a trend"
DBO,2015,2019,8056,6.0,0.1272,0.2,1.572,0.000786,not_assessed,"below the screen floor, peak too small to read a trend"
DBQ,2015,2019,2098,2.3,0.0335,0.0192,0.572,0.001097,not_assessed,"below the screen floor, peak too small to read a trend"
DBV,2015,2019,21015,14.0,0.7101,0.2727,0.384,0.000804,headroom,peak growing broadly in step with annual traffic
DCA,2015,2019,294653,61.5,-0.0028,-0.0258,nan,0.000238,headroom,"traffic broadly flat, nothing to read into the peak"
DCG,2015,2019,938,1.0,-0.3575,-0.5,1.398,0.001066,not_assessed,"below the screen floor, peak too small to read a trend"
DCM,2015,2018,1530,2.1,0.0494,0.0485,0.982,0.001328,not_assessed,"below the screen floor, peak too small to read a trend"
DCY,2015,2019,2722,6.0,0.1466,0.2887,1.969,0.002217,not_assessed,"below the screen floor, peak too small to read a trend"
DDC,2015,2019,2008,2.0,0.3848,-0.005,-0.013,0.000996,not_assessed,"below the screen floor, peak too small to read a trend"
DDD,2019,2019,3421,2.0,nan,nan,nan,0.000708,too_short,"one observed year, no trend to read"
DDG,2015,2019,2102,2.0,0.1133,-0.003,-0.026,0.001002,not_assessed,"below the screen floor, peak too small to read a trend"
DEB,2015,2019,3948,3.0,2.8782,0.0,0.0,0.000811,not_assessed,"below the screen floor, peak too small to read a trend"
DEC,2015,2019,3860,3.0,0.0277,0.5,18.058,0.000777,not_assessed,"below the screen floor, peak too small to read a trend"
DED,2015,2019,11995,6.0,1.451,0.4624,0.319,0.000542,not_assessed,"below the screen floor, peak too small to read a trend"
DEE,2019,2019,736,2.0,nan,nan,nan,0.002286,too_short,"one observed year, no trend to read"
DEF,2016,2019,1720,1.9,0.1242,0.0735,0.592,0.001091,not_assessed,"below the screen floor, peak too small to read a trend"
DEL,2015,2019,442995,76.2,0.3816,0.2461,0.645,0.000163,headroom,peak growing broadly in step with annual traffic
DEN,2015,2019,613269,147.2,0.1742,-0.0624,-0.358,0.000247,tightening,"growth going into the shoulder hours, not the peak"
DEX,2017,2019,2792,2.0,0.242,-0.5,-2.066,0.000726,not_assessed,"below the screen floor, peak too small to read a trend"
DFW,2015,2019,690664,171.0,0.0431,0.0356,0.826,0.00025,headroom,peak growing broadly in step with annual traffic
DGA,2015,2019,23599,10.2,-0.0239,0.0111,-0.467,0.000434,headroom,"traffic broadly flat, nothing to read into the peak"
DGO,2015,2019,7198,3.1,0.4282,-0.2298,-0.537,0.00065,not_assessed,"below the screen floor, peak too small to read a trend"
DGT,2015,2019,7044,4.1,0.645,0.9235,1.432,0.000684,not_assessed,"below the screen floor, peak too small to read a trend"
DHB,2015,2015,2204,2.0,nan,nan,nan,0.000929,too_short,"one observed year, no trend to read"
DHG,2018,2019,910,2.0,0.0066,0.0202,nan,0.002242,not_assessed,"below the screen floor, peak too small to read a trend"
DHI,2015,2019,2300,3.0,0.5764,0.5033,0.873,0.001331,not_assessed,"below the screen floor, peak too small to read a trend"
DHM,2015,2019,2161,2.0,0.4087,0.0,0.0,0.000967,not_assessed,"below the screen floor, peak too small to read a trend"
DHN,2015,2019,2750,2.2,-0.0022,-0.028,nan,0.00081,not_assessed,"below the screen floor, peak too small to read a trend"
DIB,2015,2019,4742,4.1,0.624,-0.1237,-0.198,0.001212,not_assessed,"below the screen floor, peak too small to read a trend"
DIE,2015,2018,1730,3.0,0.7725,2.3913,3.095,0.001723,not_assessed,"below the screen floor, peak too small to read a trend"
DIG,2015,2019,7029,5.2,0.3111,0.3125,1.004,0.000734,not_assessed,"below the screen floor, peak too small to read a trend"
DIK,2015,2019,1290,2.2,-0.5233,-0.0278,0.053,0.001705,not_assessed,"below the screen floor, peak too small to read a trend"
DIL,2015,2019,2698,3.0,0.0668,0.8047,12.042,0.001103,not_assessed,"below the screen floor, peak too small to read a trend"
DIN,2015,2019,1364,2.1,-0.0145,-0.0069,nan,0.001521,not_assessed,"below the screen floor, peak too small to read a trend"
DIR,2015,2018,5002,4.3,0.0391,1.1502,29.452,0.001054,not_assessed,"below the screen floor, peak too small to read a trend"
DIU,2015,2015,730,2.0,nan,nan,nan,0.00274,too_short,"one observed year, no trend to read"
DIW,2015,2019,657,3.0,-0.55,0.404,-0.735,0.003868,not_assessed,"below the screen floor, peak too small to read a trend"
DIY,2015,2019,10794,5.9,-0.0356,-0.0095,0.267,0.000569,not_assessed,"below the screen floor, peak too small to read a trend"
DJB,2015,2019,14485,4.9,0.1614,0.0578,0.358,0.000458,not_assessed,"below the screen floor, peak too small to read a trend"
DJE,2015,2018,10022,6.0,0.2262,0.5146,2.275,0.000704,not_assessed,"below the screen floor, peak too small to read a trend"
DJH,2017,2019,730,1.0,0.7056,0.0,0.0,0.00137,not_assessed,"below the screen floor, peak too small to read a trend"
DJJ,2015,2019,29959,15.0,0.2737,-0.0417,-0.153,0.000489,tightening,"growth going into the shoulder hours, not the peak"
DKR,2015,2017,19842,7.2,0.1469,0.2447,1.666,0.00038,not_assessed,"below the screen floor, peak too small to read a trend"
DLA,2015,2018,13839,4.9,0.0298,0.2056,6.891,0.000469,not_assessed,"below the screen floor, peak too small to read a trend"
DLC,2015,2019,155371,31.5,0.3841,0.1523,0.396,0.000215,headroom,peak growing broadly in step with annual traffic
DLG,2015,2019,6295,2.1,0.114,-0.2597,-2.279,0.001028,not_assessed,"below the screen floor, peak too small to read a trend"
DLH,2015,2019,6753,3.0,0.2001,0.5141,2.569,0.000587,not_assessed,"below the screen floor, peak too small to read a trend"
DLI,2015,2019,12982,6.2,0.9575,0.2331,0.243,0.000478,not_assessed,"below the screen floor, peak too small to read a trend"
DLM,2015,2019,20343,14.6,0.0569,-0.0856,-1.504,0.00075,tightening,"growth going into the shoulder hours, not the peak"
DLU,2015,2019,18190,9.5,0.5451,0.1332,0.244,0.000527,not_assessed,"below the screen floor, peak too small to read a trend"
DMB,2015,2019,1066,1.0,-0.3167,-0.48,1.516,0.00261,not_assessed,"below the screen floor, peak too small to read a trend"
DME,2015,2019,191642,47.0,-0.1192,0.1237,-1.038,0.000253,headroom,"traffic broadly flat, nothing to read into the peak"
DMK,2015,2019,264354,50.4,0.2526,0.2002,0.793,0.000188,headroom,peak growing broadly in step with annual traffic
DMM,2015,2019,80356,18.0,0.1873,0.0546,0.292,0.00023,tightening,"growth going into the shoulder hours, not the peak"
DMU,2015,2019,1390,3.0,0.3163,0.5,1.581,0.002269,not_assessed,"below the screen floor, peak too small to read a trend"
DNH,2015,2019,7437,5.8,0.4741,0.1564,0.33,0.000788,not_assessed,"below the screen floor, peak too small to read a trend"
DNK,2015,2019,4256,2.5,-0.1522,0.088,-0.578,0.000815,not_assessed,"below the screen floor, peak too small to read a trend"
DNZ,2015,2019,3924,2.0,-0.0036,-0.4364,nan,0.000747,not_assessed,"below the screen floor, peak too small to read a trend"
DOB,2015,2019,730,2.0,-0.2082,-0.3333,1.601,0.00274,not_assessed,"below the screen floor, peak too small to read a trend"
DOD,2018,2018,1592,2.0,nan,nan,nan,0.003642,too_short,"one observed year, no trend to read"
DOH,2015,2019,213145,59.8,0.0895,0.2767,3.091,0.000303,headroom,peak growing broadly in step with annual traffic
DOM,2015,2019,7910,4.5,0.199,0.139,0.699,0.000755,not_assessed,"below the screen floor, peak too small to read a trend"
DOU,2015,2019,1531,2.1,-0.3199,0.05,-0.156,0.001388,not_assessed,"below the screen floor, peak too small to read a trend"
DOY,2015,2019,8274,5.7,1.4581,0.9075,0.622,0.000747,not_assessed,"below the screen floor, peak too small to read a trend"
DPL,2015,2019,2140,2.0,0.0094,-0.0183,nan,0.001121,not_assessed,"below the screen floor, peak too small to read a trend"
DPO,2015,2019,2712,2.0,-0.0102,0.0167,nan,0.00075,not_assessed,"below the screen floor, peak too small to read a trend"
DPS,2015,2019,161250,30.6,0.2773,0.2166,0.781,0.000209,headroom,peak growing broadly in step with annual traffic
DQA,2015,2019,6639,5.4,0.3683,0.5422,1.472,0.000825,not_assessed,"below the screen floor, peak too small to read a trend"
DRG,2015,2019,2018,3.0,-0.1098,0.4792,-4.363,0.001486,not_assessed,"below the screen floor, peak too small to read a trend"
DRK,2015,2019,2720,6.0,-0.136,0.5,-3.678,0.002276,not_assessed,"below the screen floor, peak too small to read a trend"
DRO,2015,2019,8750,5.1,0.0606,0.5545,9.149,0.000615,not_assessed,"below the screen floor, peak too small to read a trend"
DRS,2015,2019,15753,7.4,-0.1724,-0.1689,0.979,0.000589,not_assessed,"below the screen floor, peak too small to read a trend"
DRT,2019,2019,1446,2.0,nan,nan,nan,0.001539,too_short,"one observed year, no trend to read"
DRV,2015,2019,11649,4.0,0.6778,0.3333,0.492,0.000365,not_assessed,"below the screen floor, peak too small to read a trend"
DRW,2015,2019,20607,8.8,-0.0946,-0.1174,1.241,0.000499,headroom,"traffic broadly flat, nothing to read into the peak"
DSA,2015,2019,6622,6.0,0.9029,-0.0064,-0.007,0.001123,not_assessed,"below the screen floor, peak too small to read a trend"
DSE,2015,2018,1436,2.0,1.216,-0.0132,-0.011,0.001396,not_assessed,"below the screen floor, peak too small to read a trend"
DSI,2017,2017,491,1.0,nan,nan,nan,0.002037,too_short,"one observed year, no trend to read"
DSM,2015,2019,37065,14.6,0.1435,0.3588,2.5,0.000406,headroom,peak growing broadly in step with annual traffic
DSN,2015,2019,22831,10.2,0.5501,0.1886,0.343,0.000471,tightening,"growth going into the shoulder hours, not the peak"
DSS,2018,2018,21347,5.9,nan,nan,nan,0.000422,too_short,"one observed year, no trend to read"
DTB,2016,2019,4583,4.0,1.1762,0.7465,0.635,0.001063,not_assessed,"below the screen floor, peak too small to read a trend"
DTM,2015,2019,17825,13.1,0.3061,0.4553,1.488,0.000756,not_assessed,"below the screen floor, peak too small to read a trend"
DTU,2018,2019,1390,2.0,0.6951,0.1429,0.206,0.001543,not_assessed,"below the screen floor, peak too small to read a trend"
DTW,2015,2019,381007,104.6,0.0394,0.0351,0.891,0.000264,headroom,peak growing broadly in step with annual traffic
DUB,2015,2019,222875,49.7,0.2234,0.129,0.577,0.000222,headroom,peak growing broadly in step with annual traffic
DUD,2015,2019,10665,5.0,-0.0367,-0.0917,2.501,0.000592,not_assessed,"below the screen floor, peak too small to read a trend"
DUJ,2015,2019,3971,2.1,1.1145,0.0125,0.011,0.00053,not_assessed,"below the screen floor, peak too small to read a trend"
DUM,2017,2019,2190,2.0,0.2345,0.0,0.0,0.000913,not_assessed,"below the screen floor, peak too small to read a trend"
DUR,2015,2018,47055,12.5,0.0801,-0.0206,-0.257,0.000305,tightening,"growth going into the shoulder hours, not the peak"
DUS,2015,2019,211131,45.1,0.0879,-0.2118,-2.409,0.000246,tightening,"growth going into the shoulder hours, not the peak"
DVL,2015,2019,887,1.9,-0.2274,-0.024,0.106,0.002105,not_assessed,"below the screen floor, peak too small to read a trend"
DVO,2015,2019,30995,10.3,0.3134,0.2395,0.764,0.000348,headroom,peak growing broadly in step with annual traffic
DWC,2015,2018,2304,5.7,-0.5762,0.9104,-1.58,0.002685,not_assessed,"below the screen floor, peak too small to read a trend"
DWO,2015,2019,2866,6.0,0.6303,1.0,1.587,0.002237,not_assessed,"below the screen floor, peak too small to read a trend"
DXB,2015,2019,359256,60.1,-0.0562,0.0411,-0.732,0.000205,headroom,"traffic broadly flat, nothing to read into the peak"
DYG,2015,2019,25210,10.0,0.8484,0.0317,0.037,0.000433,tightening,"growth going into the shoulder hours, not the peak"
DYU,2015,2019,9588,4.2,-0.0708,0.0378,-0.534,0.0005,not_assessed,"below the screen floor, peak too small to read a trend"
DZA,2015,2018,6780,5.3,0.8881,0.6148,0.692,0.000861,not_assessed,"below the screen floor, peak too small to read a trend"
EAR,2015,2019,1369,1.1,-0.0318,-0.1912,6.007,0.00084,not_assessed,"below the screen floor, peak too small to read a trend"
EAS,2015,2019,4714,3.0,0.074,0.4767,6.438,0.000836,not_assessed,"below the screen floor, peak too small to read a trend"
EAT,2015,2019,2378,2.0,0.1019,-0.0643,-0.631,0.000853,not_assessed,"below the screen floor, peak too small to read a trend"
EAU,2015,2019,1456,2.0,-0.0068,-0.0846,nan,0.001374,not_assessed,"below the screen floor, peak too small to read a trend"
EBB,2015,2018,28951,5.3,0.4434,-0.2313,-0.522,0.00035,tightening,"growth going into the shoulder hours, not the peak"
EBD,2016,2018,1168,1.0,1.4904,-0.451,-0.303,0.000899,not_assessed,"below the screen floor, peak too small to read a trend"
EBL,2015,2019,18924,5.2,0.1029,-0.1319,-1.282,0.000349,not_assessed,"below the screen floor, peak too small to read a trend"
EBU,2016,2016,1160,2.0,nan,nan,nan,0.001791,too_short,"one observed year, no trend to read"
ECI,2019,2019,1330,2.1,nan,nan,nan,0.001554,too_short,"one observed year, no trend to read"
ECN,2015,2019,25551,10.1,0.1243,0.0751,0.604,0.000394,headroom,peak growing broadly in step with annual traffic
ECP,2015,2019,13200,4.9,0.2491,-0.0494,-0.198,0.000457,not_assessed,"below the screen floor, peak too small to read a trend"
EDI,2015,2019,120183,33.9,0.1901,0.3256,1.713,0.000286,headroom,peak growing broadly in step with annual traffic
EDL,2015,2018,8277,4.9,0.7045,0.0746,0.106,0.000612,not_assessed,"below the screen floor, peak too small to read a trend"
EDO,2015,2019,2305,3.0,-0.2531,-0.3584,1.416,0.001337,not_assessed,"below the screen floor, peak too small to read a trend"
EEK,2015,2019,1988,3.0,-0.5466,0.0,-0.0,0.001505,not_assessed,"below the screen floor, peak too small to read a trend"
EFL,2015,2019,4912,6.0,0.8487,0.4889,0.576,0.001258,not_assessed,"below the screen floor, peak too small to read a trend"
EGC,2015,2019,2636,5.0,0.1773,0.67,3.779,0.001915,not_assessed,"below the screen floor, peak too small to read a trend"
EGE,2015,2019,4758,9.3,0.1804,0.4113,2.281,0.002284,not_assessed,"below the screen floor, peak too small to read a trend"
EGM,2015,2019,1113,2.0,-0.1345,-0.4667,3.469,0.001823,not_assessed,"below the screen floor, peak too small to read a trend"
EGN,2015,2018,1474,2.1,0.4146,0.2333,0.563,0.001396,not_assessed,"below the screen floor, peak too small to read a trend"
EGO,2015,2019,6401,3.6,0.2905,0.1942,0.668,0.000885,not_assessed,"below the screen floor, peak too small to read a trend"
EGS,2015,2019,2026,2.1,-0.1579,-0.1691,1.071,0.001519,not_assessed,"below the screen floor, peak too small to read a trend"
EIN,2015,2019,38572,14.0,0.4024,0.0238,0.059,0.000386,tightening,"growth going into the shoulder hours, not the peak"
EIS,2015,2019,28003,11.4,0.1441,-0.0975,-0.676,0.000395,tightening,"growth going into the shoulder hours, not the peak"
EJA,2015,2019,1382,1.7,-0.4751,-0.3226,0.679,0.001308,not_assessed,"below the screen floor, peak too small to read a trend"
EJH,2015,2016,906,1.8,0.0414,-0.0774,-1.87,0.002479,not_assessed,"below the screen floor, peak too small to read a trend"
EJN,2015,2019,832,2.0,-0.1613,0.0,-0.0,0.002403,not_assessed,"below the screen floor, peak too small to read a trend"
EKO,2015,2019,1352,2.0,0.1575,0.6073,3.855,0.001479,not_assessed,"below the screen floor, peak too small to read a trend"
ELD,2015,2019,1878,2.0,-0.1571,-0.1475,0.939,0.001065,not_assessed,"below the screen floor, peak too small to read a trend"
ELF,2015,2016,1438,2.2,-0.0257,-0.3222,12.517,0.001579,not_assessed,"below the screen floor, peak too small to read a trend"
ELH,2015,2019,8204,5.1,0.4606,-0.1539,-0.334,0.001077,not_assessed,"below the screen floor, peak too small to read a trend"
ELI,2015,2019,2017,2.0,0.0035,-0.3441,nan,0.001002,not_assessed,"below the screen floor, peak too small to read a trend"
ELM,2015,2019,5524,2.4,-0.1694,-0.425,2.508,0.000721,not_assessed,"below the screen floor, peak too small to read a trend"
ELP,2015,2019,39465,14.9,0.1998,0.2767,1.385,0.00036,headroom,peak growing broadly in step with annual traffic
ELQ,2015,2019,14014,5.3,0.0673,0.3226,4.792,0.000358,not_assessed,"below the screen floor, peak too small to read a trend"
ELS,2015,2018,9338,7.0,-0.099,0.2522,-2.548,0.000726,not_assessed,"below the screen floor, peak too small to read a trend"
ELU,2015,2018,1812,2.0,1.0852,0.0,0.0,0.00182,not_assessed,"below the screen floor, peak too small to read a trend"
EMA,2015,2019,29960,12.0,-0.0346,-0.0698,2.014,0.00046,headroom,"traffic broadly flat, nothing to read into the peak"
EMD,2015,2019,4150,3.0,-0.2155,-0.3908,1.814,0.000805,not_assessed,"below the screen floor, peak too small to read a trend"
EMR,2018,2019,730,1.0,0.2086,0.0,0.0,0.00137,not_assessed,"below the screen floor, peak too small to read a trend"
ENA,2015,2019,6562,2.1,-0.5452,-0.4697,0.861,0.000327,not_assessed,"below the screen floor, peak too small to read a trend"
ENE,2015,2019,5700,5.0,0.2399,0.0065,0.027,0.000882,not_assessed,"below the screen floor, peak too small to read a trend"
ENH,2015,2019,11296,5.9,2.1624,0.9641,0.446,0.000544,not_assessed,"below the screen floor, peak too small to read a trend"
ENI,2016,2019,8071,4.8,1.6273,0.6063,0.373,0.000615,not_assessed,"below the screen floor, peak too small to read a trend"
ENO,2019,2019,780,2.0,nan,nan,nan,0.002539,too_short,"one observed year, no trend to read"
ENU,2015,2018,4290,5.0,0.4567,0.8758,1.918,0.001135,not_assessed,"below the screen floor, peak too small to read a trend"
ENY,2015,2019,6862,4.0,2.091,0.3371,0.161,0.000591,not_assessed,"below the screen floor, peak too small to read a trend"
EOH,2015,2019,28114,14.0,1.3783,1.4706,1.067,0.000539,headroom,peak growing broadly in step with annual traffic
EPA,2019,2019,8631,5.5,nan,nan,nan,0.000639,too_short,"one observed year, no trend to read"
EPR,2015,2019,1926,1.0,0.4288,-0.5067,-1.182,0.00053,not_assessed,"below the screen floor, peak too small to read a trend"
EQS,2018,2019,668,2.1,0.0341,0.0646,1.898,0.002997,not_assessed,"below the screen floor, peak too small to read a trend"
ERC,2015,2019,2692,2.1,0.232,-0.2977,-1.283,0.000811,not_assessed,"below the screen floor, peak too small to read a trend"
ERF,2015,2017,1886,2.0,0.4408,0.0,0.0,0.001032,not_assessed,"below the screen floor, peak too small to read a trend"
ERH,2018,2018,510,1.1,nan,nan,nan,0.00222,too_short,"one observed year, no trend to read"
ERI,2015,2019,5221,5.1,0.0774,0.4272,5.521,0.000983,not_assessed,"below the screen floor, peak too small to read a trend"
ERL,2015,2019,3369,3.0,0.4616,0.6185,1.34,0.001312,not_assessed,"below the screen floor, peak too small to read a trend"
ERS,2015,2018,5702,5.1,2.0656,4.1614,2.015,0.000949,not_assessed,"below the screen floor, peak too small to read a trend"
ERZ,2015,2019,5956,4.2,-0.0739,0.0299,-0.404,0.0007,not_assessed,"below the screen floor, peak too small to read a trend"
ESB,2015,2019,90655,30.9,0.0248,0.0976,3.93,0.000338,headroom,peak growing broadly in step with annual traffic
ESC,2015,2019,1250,2.0,-0.0016,-0.0942,nan,0.0016,not_assessed,"below the screen floor, peak too small to read a trend"
ESD,2015,2019,2572,2.0,0.4833,-0.065,-0.134,0.000778,not_assessed,"below the screen floor, peak too small to read a trend"
ESL,2019,2019,1062,2.0,nan,nan,nan,0.001982,too_short,"one observed year, no trend to read"
ESM,2015,2019,984,1.1,-0.5278,-0.4317,0.818,0.001466,not_assessed,"below the screen floor, peak too small to read a trend"
ESU,2016,2018,1004,2.0,1.0448,1.2609,1.207,0.002555,not_assessed,"below the screen floor, peak too small to read a trend"
ETH,2015,2018,11267,5.7,0.3113,0.8755,2.812,0.000674,not_assessed,"below the screen floor, peak too small to read a trend"
ETM,2019,2019,8156,4.5,nan,nan,nan,0.000896,too_short,"one observed year, no trend to read"
ETR,2015,2019,1052,2.1,-0.1543,-0.1865,1.208,0.001963,not_assessed,"below the screen floor, peak too small to read a trend"
ETZ,2015,2019,4912,3.0,0.0702,0.0,0.0,0.00115,not_assessed,"below the screen floor, peak too small to read a trend"
EUG,2015,2019,17817,6.7,0.2464,0.1366,0.555,0.00045,not_assessed,"below the screen floor, peak too small to read a trend"
EUN,2015,2018,2200,3.0,0.3959,0.8395,2.12,0.001519,not_assessed,"below the screen floor, peak too small to read a trend"
EUX,2015,2019,3445,3.0,0.2152,0.3671,1.706,0.000879,not_assessed,"below the screen floor, peak too small to read a trend"
EVE,2015,2019,8666,3.5,0.1603,0.1124,0.701,0.000566,not_assessed,"below the screen floor, peak too small to read a trend"
EVN,2015,2019,24021,7.4,0.416,0.2046,0.492,0.000343,headroom,peak growing broadly in step with annual traffic
EVV,2015,2019,11080,3.0,0.051,-0.4085,-8.005,0.00054,not_assessed,"below the screen floor, peak too small to read a trend"
EWB,2015,2019,1928,2.0,-0.4507,-0.4286,0.951,0.001037,not_assessed,"below the screen floor, peak too small to read a trend"
EWN,2015,2019,5146,2.2,-0.0469,-0.3855,8.227,0.000552,not_assessed,"below the screen floor, peak too small to read a trend"
EWR,2015,2019,416825,93.5,0.0745,0.1512,2.029,0.000228,headroom,peak growing broadly in step with annual traffic
EXT,2015,2019,12810,5.0,0.1988,-0.0016,-0.008,0.000636,not_assessed,"below the screen floor, peak too small to read a trend"
EYK,2015,2019,2331,4.0,0.2964,1.1176,3.77,0.001687,not_assessed,"below the screen floor, peak too small to read a trend"
EYP,2015,2019,6767,3.8,1.1661,0.8667,0.743,0.001064,not_assessed,"below the screen floor, peak too small to read a trend"
EYW,2015,2019,17150,9.0,0.0805,0.4671,5.801,0.000558,not_assessed,"below the screen floor, peak too small to read a trend"
EZE,2015,2019,76948,21.1,0.3102,0.4376,1.411,0.000278,headroom,peak growing broadly in step with annual traffic
EZS,2015,2019,5505,3.4,-0.1269,-0.1459,1.15,0.000619,not_assessed,"below the screen floor, peak too small to read a trend"
EZV,2019,2019,1036,2.0,nan,nan,nan,0.001931,too_short,"one observed year, no trend to read"
FAE,2015,2019,3744,3.2,0.3253,0.0741,0.228,0.000847,not_assessed,"below the screen floor, peak too small to read a trend"
FAI,2015,2019,25805,3.1,0.0171,-0.0561,nan,0.000307,headroom,"traffic broadly flat, nothing to read into the peak"
FAO,2015,2019,54050,24.7,0.4218,0.2164,0.513,0.000455,headroom,peak growing broadly in step with annual traffic
FAR,2015,2019,15214,5.1,0.0557,0.0408,0.732,0.000461,not_assessed,"below the screen floor, peak too small to read a trend"
FAT,2015,2019,27081,9.2,0.2683,0.2966,1.106,0.000395,headroom,peak growing broadly in step with annual traffic
FAV,2019,2019,799,2.0,nan,nan,nan,0.002752,too_short,"one observed year, no trend to read"
FAY,2015,2019,8266,4.4,-0.1539,0.6999,-4.547,0.000416,not_assessed,"below the screen floor, peak too small to read a trend"
FBM,2015,2018,4362,4.5,-0.1996,0.2106,-1.055,0.001075,not_assessed,"below the screen floor, peak too small to read a trend"
FBS,2015,2016,1878,2.0,-0.144,-0.0143,0.1,0.001065,not_assessed,"below the screen floor, peak too small to read a trend"
FCA,2015,2019,9536,7.5,0.2883,1.4175,4.917,0.000876,not_assessed,"below the screen floor, peak too small to read a trend"
FCO,2015,2019,304912,78.6,-0.0244,-0.0427,1.75,0.000268,headroom,"traffic broadly flat, nothing to read into the peak"
FDE,2015,2019,4004,3.0,-0.0435,-0.0348,0.8,0.000749,not_assessed,"below the screen floor, peak too small to read a trend"
FDF,2015,2019,14939,7.9,-0.1637,0.2853,-1.743,0.00068,not_assessed,"below the screen floor, peak too small to read a trend"
FDH,2015,2019,6313,3.0,-0.1398,-0.4365,3.122,0.000977,not_assessed,"below the screen floor, peak too small to read a trend"
FEG,2015,2019,1767,2.0,0.1496,1.0,6.683,0.000986,not_assessed,"below the screen floor, peak too small to read a trend"
FEN,2015,2019,3486,4.0,0.149,1.0,6.712,0.001194,not_assessed,"below the screen floor, peak too small to read a trend"
FEZ,2015,2018,9783,5.2,0.5766,0.3608,0.626,0.000507,not_assessed,"below the screen floor, peak too small to read a trend"
FGI,2015,2017,7216,5.0,0.1316,0.0,0.0,0.000695,not_assessed,"below the screen floor, peak too small to read a trend"
FIH,2015,2018,8400,4.0,0.1504,0.3212,2.136,0.000609,not_assessed,"below the screen floor, peak too small to read a trend"
FKB,2015,2019,8462,4.2,-0.0094,-0.1464,nan,0.000528,not_assessed,"below the screen floor, peak too small to read a trend"
FKI,2015,2015,1035,2.3,nan,nan,nan,0.002456,too_short,"one observed year, no trend to read"
FKL,2016,2018,1982,2.0,-0.0365,0.0,-0.0,0.001009,not_assessed,"below the screen floor, peak too small to read a trend"
FKQ,2015,2019,3513,3.0,0.5503,0.2188,0.398,0.000847,not_assessed,"below the screen floor, peak too small to read a trend"
FKS,2015,2019,4056,3.0,0.0607,0.3033,4.999,0.00092,not_assessed,"below the screen floor, peak too small to read a trend"
FLA,2015,2019,2613,4.0,0.0279,0.0,0.0,0.001657,not_assessed,"below the screen floor, peak too small to read a trend"
FLG,2015,2019,5082,3.1,0.3977,0.2766,0.696,0.000572,not_assessed,"below the screen floor, peak too small to read a trend"
FLL,2015,2019,278088,65.6,0.2585,0.2432,0.941,0.000241,headroom,peak growing broadly in step with annual traffic
FLN,2015,2019,29435,11.3,-0.0849,0.4166,-4.905,0.000388,headroom,"traffic broadly flat, nothing to read into the peak"
FLO,2015,2019,2528,2.3,-0.2015,0.1428,-0.708,0.000915,not_assessed,"below the screen floor, peak too small to read a trend"
FLR,2015,2019,29857,11.0,0.0725,-0.0982,-1.354,0.000359,tightening,"growth going into the shoulder hours, not the peak"
FLS,2015,2019,1804,2.2,0.044,0.1091,2.48,0.001249,not_assessed,"below the screen floor, peak too small to read a trend"
FLW,2015,2019,1788,2.5,0.4146,0.1111,0.268,0.0016,not_assessed,"below the screen floor, peak too small to read a trend"
FLZ,2015,2019,2506,2.0,-0.21,-0.4364,2.078,0.001074,not_assessed,"below the screen floor, peak too small to read a trend"
FMA,2015,2019,1148,2.0,-0.0606,0.7693,-12.704,0.002046,not_assessed,"below the screen floor, peak too small to read a trend"
FMI,2017,2018,843,2.0,0.336,0.1304,0.388,0.00273,not_assessed,"below the screen floor, peak too small to read a trend"
FMM,2015,2019,10227,7.0,0.4192,-0.0025,-0.006,0.000668,not_assessed,"below the screen floor, peak too small to read a trend"
FMN,2015,2015,2245,2.7,nan,nan,nan,0.001214,too_short,"one observed year, no trend to read"
FMO,2015,2019,9934,3.5,0.047,-0.3019,-6.422,0.000555,not_assessed,"below the screen floor, peak too small to read a trend"
FNA,2015,2018,4004,3.0,1.2609,0.1221,0.097,0.000857,not_assessed,"below the screen floor, peak too small to read a trend"
FNC,2015,2019,20826,9.0,0.1229,-0.0971,-0.79,0.000456,tightening,"growth going into the shoulder hours, not the peak"
FNI,2018,2019,1393,4.0,-0.0367,0.3333,-9.094,0.002872,not_assessed,"below the screen floor, peak too small to read a trend"
FNJ,2015,2018,1365,2.0,0.1509,0.0,0.0,0.001911,not_assessed,"below the screen floor, peak too small to read a trend"
FNT,2015,2019,8787,5.3,-0.1884,-0.1076,0.571,0.000686,not_assessed,"below the screen floor, peak too small to read a trend"
FOC,2015,2019,107016,23.7,0.1808,0.1632,0.903,0.000221,headroom,peak growing broadly in step with annual traffic
FOD,2015,2019,3012,1.0,0.1625,-0.5,-3.077,0.000687,not_assessed,"below the screen floor, peak too small to read a trend"
FOG,2015,2019,1830,2.0,0.1125,0.0,0.0,0.001093,not_assessed,"below the screen floor, peak too small to read a trend"
FON,2015,2019,2358,3.0,0.3006,0.022,0.073,0.001949,not_assessed,"below the screen floor, peak too small to read a trend"
FOR,2015,2019,45613,12.7,-0.0476,0.055,-1.156,0.000275,headroom,"traffic broadly flat, nothing to read into the peak"
FPO,2015,2019,11492,4.8,-0.0269,-0.0557,2.068,0.00077,not_assessed,"below the screen floor, peak too small to read a trend"
FRA,2015,2019,483423,102.5,0.1005,0.0399,0.397,0.000244,headroom,peak growing broadly in step with annual traffic
FRD,2015,2019,2966,2.0,0.2096,-0.065,-0.31,0.000674,not_assessed,"below the screen floor, peak too small to read a trend"
FRO,2015,2019,5876,4.0,-0.1618,0.0563,-0.348,0.000683,not_assessed,"below the screen floor, peak too small to read a trend"
FRS,2015,2019,6704,5.9,0.8473,0.7234,0.854,0.001244,not_assessed,"below the screen floor, peak too small to read a trend"
FRU,2015,2019,15663,6.4,-0.1793,-0.0869,0.484,0.000424,not_assessed,"below the screen floor, peak too small to read a trend"
FRW,2015,2018,1102,2.0,0.0367,0.8816,24.029,0.001657,not_assessed,"below the screen floor, peak too small to read a trend"
FSC,2015,2019,6744,9.2,0.1076,0.3309,3.076,0.001378,not_assessed,"below the screen floor, peak too small to read a trend"
FSD,2015,2019,17353,6.8,0.1054,0.2139,2.031,0.000423,not_assessed,"below the screen floor, peak too small to read a trend"
FSM,2015,2019,4330,2.0,0.0067,-0.0625,nan,0.000578,not_assessed,"below the screen floor, peak too small to read a trend"
FSP,2019,2019,920,1.8,nan,nan,nan,0.001826,too_short,"one observed year, no trend to read"
FSZ,2015,2019,9526,5.1,0.1797,0.4379,2.437,0.000528,not_assessed,"below the screen floor, peak too small to read a trend"
FTE,2015,2019,5081,4.8,-0.1912,0.22,-1.151,0.000902,not_assessed,"below the screen floor, peak too small to read a trend"
FTU,2015,2018,975,2.0,0.3374,0.8621,2.555,0.00282,not_assessed,"below the screen floor, peak too small to read a trend"
FUE,2015,2019,39778,19.8,0.3017,0.0705,0.234,0.000638,tightening,"growth going into the shoulder hours, not the peak"
FUG,2015,2019,7702,4.1,0.7021,-0.1521,-0.217,0.000568,not_assessed,"below the screen floor, peak too small to read a trend"
FUJ,2015,2019,6337,4.0,0.1585,-0.2,-1.262,0.000726,not_assessed,"below the screen floor, peak too small to read a trend"
FUK,2015,2019,178216,36.7,0.1061,0.0391,0.368,0.000236,headroom,peak growing broadly in step with annual traffic
FUO,2015,2019,5868,3.0,0.7863,0.3677,0.468,0.000534,not_assessed,"below the screen floor, peak too small to read a trend"
FUT,2015,2019,1505,2.0,0.0135,0.0,nan,0.001331,not_assessed,"below the screen floor, peak too small to read a trend"
FVM,2015,2019,1380,2.0,0.0117,0.005,nan,0.001456,not_assessed,"below the screen floor, peak too small to read a trend"
FWA,2015,2019,15306,5.2,-0.0017,-0.2083,nan,0.000532,not_assessed,"below the screen floor, peak too small to read a trend"
FYJ,2016,2019,726,2.0,-0.1879,0.5798,-3.086,0.002977,not_assessed,"below the screen floor, peak too small to read a trend"
FYN,2017,2019,1718,2.0,1.7098,1.0317,0.603,0.001359,not_assessed,"below the screen floor, peak too small to read a trend"
FYU,2015,2019,4616,6.0,0.0626,-0.1429,-2.282,0.001074,not_assessed,"below the screen floor, peak too small to read a trend"
GAJ,2015,2019,5840,2.0,0.3333,-0.0179,-0.054,0.000396,not_assessed,"below the screen floor, peak too small to read a trend"
GAL,2015,2019,7731,6.0,0.3786,-0.0043,-0.011,0.000823,not_assessed,"below the screen floor, peak too small to read a trend"
GAM,2015,2019,3672,4.0,0.8269,0.3271,0.396,0.00109,not_assessed,"below the screen floor, peak too small to read a trend"
GAN,2015,2019,4041,3.1,-0.1826,-0.2143,1.173,0.001009,not_assessed,"below the screen floor, peak too small to read a trend"
GAO,2016,2016,726,1.2,nan,nan,nan,0.001594,too_short,"one observed year, no trend to read"
GAU,2015,2019,45359,16.0,0.7673,0.5404,0.704,0.000384,headroom,peak growing broadly in step with annual traffic
GAY,2016,2019,2955,4.3,0.6272,0.0796,0.127,0.001683,not_assessed,"below the screen floor, peak too small to read a trend"
GBD,2015,2015,930,2.0,nan,nan,nan,0.002155,too_short,"one observed year, no trend to read"
GBE,2015,2018,10763,5.3,-0.0305,0.8246,-27.004,0.000529,not_assessed,"below the screen floor, peak too small to read a trend"
GBT,2015,2019,2778,2.0,2.139,0.0,0.0,0.001019,not_assessed,"below the screen floor, peak too small to read a trend"
GCC,2015,2019,1545,2.0,-0.287,0.0763,-0.266,0.001318,not_assessed,"below the screen floor, peak too small to read a trend"
GCI,2015,2019,20654,9.5,-0.1441,-0.0496,0.345,0.000427,headroom,"traffic broadly flat, nothing to read into the peak"
GCK,2015,2019,1456,1.3,0.0048,-0.3566,nan,0.0009,not_assessed,"below the screen floor, peak too small to read a trend"
GCM,2015,2019,17080,10.2,0.0639,-0.0699,-1.094,0.000822,not_assessed,"below the screen floor, peak too small to read a trend"
GCW,2015,2016,950,2.0,-0.1138,0.0,-0.0,0.002361,not_assessed,"below the screen floor, peak too small to read a trend"
GDE,2018,2018,694,2.0,nan,nan,nan,0.002882,too_short,"one observed year, no trend to read"
GDL,2015,2019,115322,27.3,0.2956,0.2091,0.707,0.00025,headroom,peak growing broadly in step with annual traffic
GDN,2015,2019,38889,11.5,0.2469,0.0329,0.133,0.000341,tightening,"growth going into the shoulder hours, not the peak"
GDQ,2015,2018,3652,3.2,0.2515,0.0688,0.274,0.000974,not_assessed,"below the screen floor, peak too small to read a trend"
GDT,2015,2019,8406,4.9,-0.0001,0.2167,nan,0.000738,not_assessed,"below the screen floor, peak too small to read a trend"
GDV,2015,2019,1460,1.0,0.0,-0.0754,nan,0.000685,not_assessed,"below the screen floor, peak too small to read a trend"
GDX,2015,2019,3298,3.0,0.654,0.5216,0.798,0.001204,not_assessed,"below the screen floor, peak too small to read a trend"
GEA,2015,2019,10853,5.0,-0.0807,0.0,-0.0,0.000486,not_assessed,"below the screen floor, peak too small to read a trend"
GEG,2015,2019,44379,11.6,0.2513,0.2686,1.069,0.000293,headroom,peak growing broadly in step with annual traffic
GEO,2015,2019,5777,2.4,-0.0351,-0.1473,4.199,0.000429,not_assessed,"below the screen floor, peak too small to read a trend"
GER,2015,2019,1398,2.0,-0.2377,0.0,-0.0,0.001451,not_assessed,"below the screen floor, peak too small to read a trend"
GES,2015,2019,6270,4.0,0.2194,0.4575,2.086,0.000664,not_assessed,"below the screen floor, peak too small to read a trend"
GET,2015,2019,1786,2.1,-0.4484,-0.3983,0.888,0.001153,not_assessed,"below the screen floor, peak too small to read a trend"
GEV,2015,2017,1041,1.0,0.0156,-0.1267,nan,0.001152,not_assessed,"below the screen floor, peak too small to read a trend"
GFF,2015,2019,4394,3.0,0.1683,0.5046,2.998,0.000701,not_assessed,"below the screen floor, peak too small to read a trend"
GFK,2015,2019,4224,3.0,-0.0951,0.4674,-4.914,0.000961,not_assessed,"below the screen floor, peak too small to read a trend"
GFN,2015,2019,2199,2.0,-0.0737,-0.0142,0.193,0.000924,not_assessed,"below the screen floor, peak too small to read a trend"
GGG,2015,2019,1878,2.1,0.3367,-0.0053,-0.016,0.00123,not_assessed,"below the screen floor, peak too small to read a trend"
GGM,2015,2015,565,1.0,nan,nan,nan,0.003792,too_short,"one observed year, no trend to read"
GGT,2015,2019,6644,3.0,0.2555,-0.4101,-1.605,0.000841,not_assessed,"below the screen floor, peak too small to read a trend"
GGW,2015,2019,1460,1.0,0.0,-0.0754,nan,0.000685,not_assessed,"below the screen floor, peak too small to read a trend"
GHA,2015,2018,1610,1.0,0.1126,-0.5017,-4.453,0.001248,not_assessed,"below the screen floor, peak too small to read a trend"
GHB,2015,2019,5444,6.1,0.392,0.2178,0.556,0.001393,not_assessed,"below the screen floor, peak too small to read a trend"
GIB,2015,2019,3600,5.0,0.0919,0.25,2.72,0.00151,not_assessed,"below the screen floor, peak too small to read a trend"
GIG,2015,2019,87877,30.4,-0.2625,0.0684,-0.26,0.000351,headroom,"traffic broadly flat, nothing to read into the peak"
GIL,2015,2019,1582,2.5,0.7617,0.2032,0.267,0.00158,not_assessed,"below the screen floor, peak too small to read a trend"
GIS,2015,2019,4746,3.0,-0.0609,-0.25,4.102,0.000632,not_assessed,"below the screen floor, peak too small to read a trend"
GIU,2015,2019,1762,2.0,0.1026,0.0,0.0,0.001187,not_assessed,"below the screen floor, peak too small to read a trend"
GIZ,2015,2019,21859,7.1,0.7217,0.3123,0.433,0.000316,headroom,peak growing broadly in step with annual traffic
GJL,2015,2018,1466,1.8,0.3935,0.8,2.033,0.001201,not_assessed,"below the screen floor, peak too small to read a trend"
GJT,2015,2019,9845,3.1,0.0519,-0.3665,-7.057,0.000505,not_assessed,"below the screen floor, peak too small to read a trend"
GKA,2015,2019,2954,3.9,-0.1388,-0.0179,0.129,0.001456,not_assessed,"below the screen floor, peak too small to read a trend"
GKK,2015,2019,2916,2.0,-0.2958,0.0,-0.0,0.000737,not_assessed,"below the screen floor, peak too small to read a trend"
GLA,2015,2019,75947,23.2,-0.0151,0.0787,nan,0.000361,headroom,"traffic broadly flat, nothing to read into the peak"
GLF,2015,2019,2557,4.0,-0.4725,-0.2321,0.491,0.001564,not_assessed,"below the screen floor, peak too small to read a trend"
GLH,2016,2019,2004,2.1,0.0654,0.0322,0.493,0.00103,not_assessed,"below the screen floor, peak too small to read a trend"
GLK,2016,2017,669,1.8,0.1076,0.0455,0.422,0.002637,not_assessed,"below the screen floor, peak too small to read a trend"
GLO,2016,2016,1146,2.0,nan,nan,nan,0.001745,too_short,"one observed year, no trend to read"
GLT,2015,2019,4867,4.0,-0.4864,0.0059,-0.012,0.000837,not_assessed,"below the screen floor, peak too small to read a trend"
GLV,2015,2019,1352,2.0,-0.3274,-0.3333,1.018,0.001479,not_assessed,"below the screen floor, peak too small to read a trend"
GMB,2015,2018,1370,2.0,0.0355,0.0242,0.681,0.001464,not_assessed,"below the screen floor, peak too small to read a trend"
GMO,2015,2017,730,1.0,-0.0,-0.3649,nan,0.00137,not_assessed,"below the screen floor, peak too small to read a trend"
GMP,2015,2019,117737,32.7,0.0137,0.0731,nan,0.000286,headroom,"traffic broadly flat, nothing to read into the peak"
GMQ,2017,2019,1400,3.0,1.1739,1.7551,1.495,0.0023,not_assessed,"below the screen floor, peak too small to read a trend"
GMZ,2015,2019,1828,3.0,0.2521,0.4929,1.956,0.001657,not_assessed,"below the screen floor, peak too small to read a trend"
GND,2015,2019,6694,2.8,-0.0428,-0.4154,9.716,0.000883,not_assessed,"below the screen floor, peak too small to read a trend"
GNS,2015,2019,6733,4.0,0.1196,0.0302,0.252,0.000859,not_assessed,"below the screen floor, peak too small to read a trend"
GNU,2015,2019,1974,2.0,-0.2148,0.0,-0.0,0.000838,not_assessed,"below the screen floor, peak too small to read a trend"
GNV,2015,2019,10402,6.5,0.0857,0.254,2.964,0.000548,not_assessed,"below the screen floor, peak too small to read a trend"
GNY,2015,2019,4581,3.6,-0.0474,-0.0289,0.61,0.00078,not_assessed,"below the screen floor, peak too small to read a trend"
GOA,2015,2019,14957,8.0,0.1162,0.3263,2.808,0.000542,not_assessed,"below the screen floor, peak too small to read a trend"
GOH,2015,2019,5625,4.0,0.2384,0.0,0.0,0.00073,not_assessed,"below the screen floor, peak too small to read a trend"
GOI,2015,2019,57866,19.5,0.6323,-0.1249,-0.197,0.000362,tightening,"growth going into the shoulder hours, not the peak"
GOJ,2015,2019,10674,5.5,0.0769,0.1037,1.349,0.000458,not_assessed,"below the screen floor, peak too small to read a trend"
GOM,2015,2018,2948,4.0,0.7738,0.5758,0.744,0.001925,not_assessed,"below the screen floor, peak too small to read a trend"
GOP,2017,2019,4538,3.2,1.7978,0.6021,0.335,0.000789,not_assessed,"below the screen floor, peak too small to read a trend"
GOQ,2015,2019,2725,2.9,0.5326,0.414,0.777,0.001049,not_assessed,"below the screen floor, peak too small to read a trend"
GOT,2015,2019,58193,20.9,0.0155,0.2813,nan,0.000332,headroom,"traffic broadly flat, nothing to read into the peak"
GOU,2016,2016,765,1.3,nan,nan,nan,0.002201,too_short,"one observed year, no trend to read"
GOV,2015,2019,1960,3.0,0.0294,0.7535,25.62,0.001392,not_assessed,"below the screen floor, peak too small to read a trend"
GPI,2015,2019,714,2.0,-0.0056,0.8571,nan,0.002801,not_assessed,"below the screen floor, peak too small to read a trend"
GPS,2015,2019,4349,4.0,0.0659,-0.0009,-0.014,0.001031,not_assessed,"below the screen floor, peak too small to read a trend"
GPT,2015,2019,9356,4.9,0.0053,0.0607,nan,0.000698,not_assessed,"below the screen floor, peak too small to read a trend"
GRB,2015,2019,12792,5.0,0.0369,-0.0533,-1.446,0.000482,not_assessed,"below the screen floor, peak too small to read a trend"
GRI,2015,2019,2284,3.1,0.2117,0.6863,3.242,0.001685,not_assessed,"below the screen floor, peak too small to read a trend"
GRJ,2015,2018,8526,5.0,-0.1122,-0.0207,0.184,0.000779,not_assessed,"below the screen floor, peak too small to read a trend"
GRK,2015,2019,6792,3.8,-0.2285,-0.0076,0.033,0.000598,not_assessed,"below the screen floor, peak too small to read a trend"
GRO,2015,2019,11003,8.0,0.0574,0.3793,6.612,0.000719,not_assessed,"below the screen floor, peak too small to read a trend"
GRQ,2015,2019,2800,2.0,0.7983,0.0,0.0,0.001261,not_assessed,"below the screen floor, peak too small to read a trend"
GRR,2015,2019,43842,13.3,0.2398,0.5527,2.305,0.000333,headroom,peak growing broadly in step with annual traffic
GRU,2015,2019,262558,57.4,-0.0164,0.1235,nan,0.000208,headroom,"traffic broadly flat, nothing to read into the peak"
GRV,2015,2019,4026,1.6,1.3205,-0.1875,-0.142,0.000499,not_assessed,"below the screen floor, peak too small to read a trend"
GRW,2015,2019,1328,2.0,0.2696,0.0,0.0,0.00176,not_assessed,"below the screen floor, peak too small to read a trend"
GRX,2015,2019,9775,5.5,0.3522,0.3162,0.898,0.000565,not_assessed,"below the screen floor, peak too small to read a trend"
GRZ,2015,2019,12888,4.0,-0.0788,-0.5233,6.644,0.000458,not_assessed,"below the screen floor, peak too small to read a trend"
GSM,2015,2019,3257,2.0,1.2293,-0.2523,-0.205,0.000982,not_assessed,"below the screen floor, peak too small to read a trend"
GSO,2015,2019,37316,10.8,0.1552,0.3788,2.44,0.000357,headroom,peak growing broadly in step with annual traffic
GSP,2015,2019,36459,11.2,0.1642,-0.0398,-0.242,0.00033,tightening,"growth going into the shoulder hours, not the peak"
GST,2015,2019,2674,2.0,-0.5232,-0.2026,0.387,0.003151,not_assessed,"below the screen floor, peak too small to read a trend"
GTE,2015,2019,1500,3.0,0.1228,0.0,0.0,0.004479,not_assessed,"below the screen floor, peak too small to read a trend"
GTF,2015,2019,6347,3.3,-0.1099,-0.0668,0.608,0.00082,not_assessed,"below the screen floor, peak too small to read a trend"
GTO,2015,2019,6333,4.0,0.1804,0.1171,0.649,0.000807,not_assessed,"below the screen floor, peak too small to read a trend"
GTR,2015,2019,2368,2.0,0.1665,-0.0144,-0.087,0.000845,not_assessed,"below the screen floor, peak too small to read a trend"
GTZ,2017,2018,23626,26.0,1.365,1.5988,1.171,0.001113,headroom,peak growing broadly in step with annual traffic
GUA,2015,2019,36160,10.3,0.2128,0.1742,0.819,0.00038,headroom,peak growing broadly in step with annual traffic
GUC,2015,2019,1668,1.2,0.178,-0.5305,-2.981,0.001379,not_assessed,"below the screen floor, peak too small to read a trend"
GUM,2015,2019,22031,9.0,-0.0984,-0.0724,0.736,0.000483,headroom,"traffic broadly flat, nothing to read into the peak"
GUR,2015,2019,2312,6.0,-0.2058,1.6421,-7.98,0.002696,not_assessed,"below the screen floor, peak too small to read a trend"
GUW,2015,2019,9992,4.0,0.6731,0.0281,0.042,0.000452,not_assessed,"below the screen floor, peak too small to read a trend"
GVA,2015,2019,144562,34.2,-0.0016,0.0251,nan,0.000254,headroom,"traffic broadly flat, nothing to read into the peak"
GVR,2015,2019,1026,2.0,-0.4341,-0.0244,0.056,0.001949,not_assessed,"below the screen floor, peak too small to read a trend"
GWD,2017,2019,672,2.0,-0.1483,0.0,-0.0,0.003182,not_assessed,"below the screen floor, peak too small to read a trend"
GWT,2015,2019,2623,3.1,-0.0282,-0.3733,13.258,0.002189,not_assessed,"below the screen floor, peak too small to read a trend"
GXH,2018,2019,1596,2.0,-0.2385,-0.3333,1.397,0.001251,not_assessed,"below the screen floor, peak too small to read a trend"
GYA,2016,2019,1599,4.0,0.7987,0.3333,0.417,0.002903,not_assessed,"below the screen floor, peak too small to read a trend"
GYD,2015,2019,37130,12.7,0.3568,0.4533,1.27,0.000337,headroom,peak growing broadly in step with annual traffic
GYE,2015,2019,36021,11.1,-0.0679,0.0228,-0.336,0.000303,headroom,"traffic broadly flat, nothing to read into the peak"
GYN,2015,2019,28405,8.3,-0.105,-0.1085,1.033,0.000329,headroom,"traffic broadly flat, nothing to read into the peak"
GYS,2015,2019,4906,4.0,1.2199,1.2315,1.009,0.000867,not_assessed,"below the screen floor, peak too small to read a trend"
GYU,2015,2019,3911,3.0,0.8731,0.5143,0.589,0.000776,not_assessed,"below the screen floor, peak too small to read a trend"
GZO,2015,2019,3099,3.8,0.0912,-0.0625,-0.685,0.001354,not_assessed,"below the screen floor, peak too small to read a trend"
GZP,2015,2019,5316,3.2,0.072,-0.2625,-3.646,0.000643,not_assessed,"below the screen floor, peak too small to read a trend"
GZT,2015,2019,15926,7.7,0.0996,0.4058,4.076,0.000543,not_assessed,"below the screen floor, peak too small to read a trend"
HAC,2015,2019,2204,2.0,-0.0027,0.5008,nan,0.000924,not_assessed,"below the screen floor, peak too small to read a trend"
HAD,2017,2019,2230,2.0,0.0109,0.0,nan,0.000918,not_assessed,"below the screen floor, peak too small to read a trend"
HAH,2015,2018,7044,4.1,0.2128,1.3437,6.314,0.001094,not_assessed,"below the screen floor, peak too small to read a trend"
HAJ,2015,2019,50518,12.6,0.0384,-0.1261,-3.285,0.000285,tightening,"growth going into the shoulder hours, not the peak"
HAK,2015,2019,163021,33.0,0.4189,0.166,0.396,0.000208,headroom,peak growing broadly in step with annual traffic
HAM,2015,2019,136759,39.5,-0.013,-0.0044,nan,0.00029,headroom,"traffic broadly flat, nothing to read into the peak"
HAN,2015,2019,178569,38.2,0.6305,0.5563,0.882,0.000225,headroom,peak growing broadly in step with annual traffic
HAQ,2015,2019,3588,2.0,-0.2342,0.0,-0.0,0.000557,not_assessed,"below the screen floor, peak too small to read a trend"
HAS,2015,2019,12292,7.1,0.7971,0.9114,1.143,0.00053,not_assessed,"below the screen floor, peak too small to read a trend"
HAU,2015,2019,5369,4.4,-0.2235,0.1154,-0.517,0.00084,not_assessed,"below the screen floor, peak too small to read a trend"
HAV,2015,2019,43926,11.6,0.3991,0.359,0.9,0.000319,headroom,peak growing broadly in step with annual traffic
HBA,2015,2019,19829,7.6,0.2034,-0.0407,-0.2,0.000393,not_assessed,"below the screen floor, peak too small to read a trend"
HBE,2015,2018,19442,7.5,-0.2262,0.2495,-1.103,0.000366,headroom,"traffic broadly flat, nothing to read into the peak"
HBX,2016,2019,6854,6.0,4.5096,2.0,0.443,0.000913,not_assessed,"below the screen floor, peak too small to read a trend"
HCJ,2018,2019,804,2.0,0.1486,0.0,0.0,0.002494,not_assessed,"below the screen floor, peak too small to read a trend"
HCR,2015,2019,1344,2.0,0.5342,0.0,0.0,0.001521,not_assessed,"below the screen floor, peak too small to read a trend"
HDG,2015,2019,8648,5.0,2.8538,1.2796,0.448,0.000625,not_assessed,"below the screen floor, peak too small to read a trend"
HDN,2015,2019,3534,6.6,0.1356,0.0144,0.106,0.002651,not_assessed,"below the screen floor, peak too small to read a trend"
HDS,2015,2018,3634,4.9,0.7272,0.6452,0.887,0.001506,not_assessed,"below the screen floor, peak too small to read a trend"
HDY,2015,2019,25181,9.1,0.0507,0.0093,0.183,0.000367,tightening,"growth going into the shoulder hours, not the peak"
HEA,2015,2019,2793,2.9,-0.0599,0.4815,-8.036,0.001012,not_assessed,"below the screen floor, peak too small to read a trend"
HEH,2015,2019,18419,20.6,0.1389,0.1422,1.024,0.001103,not_assessed,"below the screen floor, peak too small to read a trend"
HEK,2015,2019,2410,2.0,-0.0787,0.0,-0.0,0.000965,not_assessed,"below the screen floor, peak too small to read a trend"
HEL,2015,2019,181185,59.5,0.1811,0.161,0.889,0.000337,headroom,peak growing broadly in step with annual traffic
HER,2015,2019,37497,18.3,0.2627,0.0015,0.006,0.000504,tightening,"growth going into the shoulder hours, not the peak"
HET,2015,2019,110686,26.3,0.5376,0.126,0.234,0.000268,tightening,"growth going into the shoulder hours, not the peak"
HFA,2016,2017,1713,1.4,0.9577,0.2714,0.283,0.000825,not_assessed,"below the screen floor, peak too small to read a trend"
HFE,2015,2019,94010,25.2,0.6946,0.5753,0.828,0.00026,headroom,peak growing broadly in step with annual traffic
HFT,2015,2019,7946,4.4,-0.14,-0.1488,1.062,0.000549,not_assessed,"below the screen floor, peak too small to read a trend"
HGA,2015,2018,4991,3.0,0.5347,0.0232,0.043,0.000914,not_assessed,"below the screen floor, peak too small to read a trend"
HGH,2015,2019,269836,47.6,0.2686,0.0606,0.226,0.000183,tightening,"growth going into the shoulder hours, not the peak"
HGN,2015,2019,1642,2.0,-0.237,0.0211,-0.089,0.001532,not_assessed,"below the screen floor, peak too small to read a trend"
HGR,2015,2019,2422,2.4,-0.1266,0.1944,-1.536,0.003156,not_assessed,"below the screen floor, peak too small to read a trend"
HGU,2015,2019,6214,4.0,-0.1385,-0.4352,3.142,0.000855,not_assessed,"below the screen floor, peak too small to read a trend"
HHH,2015,2019,4465,4.0,0.2927,0.6851,2.34,0.000917,not_assessed,"below the screen floor, peak too small to read a trend"
HHN,2015,2019,8492,5.0,-0.475,-0.3773,0.794,0.000621,not_assessed,"below the screen floor, peak too small to read a trend"
HHP,2017,2019,14466,4.0,-0.0034,0.0112,nan,0.00028,not_assessed,"below the screen floor, peak too small to read a trend"
HIA,2015,2019,20960,10.4,3.2995,2.3582,0.715,0.000502,headroom,peak growing broadly in step with annual traffic
HIB,2015,2019,1252,2.0,-0.3622,-0.0723,0.2,0.001597,not_assessed,"below the screen floor, peak too small to read a trend"
HID,2015,2019,5966,3.6,3.0751,0.7506,0.244,0.001216,not_assessed,"below the screen floor, peak too small to read a trend"
HIJ,2015,2019,22124,7.9,0.0399,0.0382,0.958,0.000357,headroom,peak growing broadly in step with annual traffic
HIN,2015,2019,1982,2.1,0.0498,0.0625,1.255,0.001186,not_assessed,"below the screen floor, peak too small to read a trend"
HIR,2015,2019,9159,4.8,0.1963,0.0326,0.166,0.001231,not_assessed,"below the screen floor, peak too small to read a trend"
HJJ,2015,2019,5694,4.1,1.1326,0.345,0.305,0.000811,not_assessed,"below the screen floor, peak too small to read a trend"
HKD,2015,2019,15926,7.2,0.0646,0.1282,1.983,0.00048,not_assessed,"below the screen floor, peak too small to read a trend"
HKG,2015,2019,355215,71.6,0.0417,0.1136,2.721,0.000195,headroom,peak growing broadly in step with annual traffic
HKK,2015,2019,1316,2.0,-0.4288,1.0333,-2.41,0.001545,not_assessed,"below the screen floor, peak too small to read a trend"
HKN,2015,2019,3813,5.1,-0.0538,0.3846,-7.143,0.001487,not_assessed,"below the screen floor, peak too small to read a trend"
HKT,2015,2019,110486,19.1,0.3959,0.1287,0.325,0.000206,tightening,"growth going into the shoulder hours, not the peak"
HLA,2015,2018,15440,5.9,0.3815,0.3302,0.865,0.000373,not_assessed,"below the screen floor, peak too small to read a trend"
HLD,2015,2019,19870,8.9,0.294,0.1844,0.627,0.000485,not_assessed,"below the screen floor, peak too small to read a trend"
HLH,2015,2019,8944,6.0,0.7082,0.5037,0.711,0.000718,not_assessed,"below the screen floor, peak too small to read a trend"
HLN,2015,2019,4874,2.1,0.0729,-0.3445,-4.728,0.000546,not_assessed,"below the screen floor, peak too small to read a trend"
HLP,2015,2019,53583,14.9,1.4103,-0.0185,-0.013,0.00029,tightening,"growth going into the shoulder hours, not the peak"
HLZ,2015,2019,7592,4.0,-0.1082,0.0,-0.0,0.00052,not_assessed,"below the screen floor, peak too small to read a trend"
HMA,2015,2019,7734,4.0,1.1045,1.0,0.905,0.000524,not_assessed,"below the screen floor, peak too small to read a trend"
HMB,2015,2018,5075,3.8,-0.1038,0.5145,-4.955,0.000794,not_assessed,"below the screen floor, peak too small to read a trend"
HME,2015,2018,1982,1.0,-0.0178,-0.4114,nan,0.001327,not_assessed,"below the screen floor, peak too small to read a trend"
HMI,2016,2019,3854,4.0,0.7695,0.9813,1.275,0.001055,not_assessed,"below the screen floor, peak too small to read a trend"
HMO,2015,2019,18272,8.1,0.0724,0.0055,0.076,0.000573,not_assessed,"below the screen floor, peak too small to read a trend"
HNA,2015,2019,9160,4.0,0.084,-0.2,-2.38,0.00055,not_assessed,"below the screen floor, peak too small to read a trend"
HND,2015,2019,454765,83.9,0.0433,-0.0037,-0.085,0.000195,at_ceiling,"large airport, peak hour static across the window"
HNH,2015,2019,3222,4.0,-0.4991,0.0073,-0.015,0.001279,not_assessed,"below the screen floor, peak too small to read a trend"
HNL,2015,2019,156141,41.6,0.0663,0.0486,0.733,0.000317,headroom,peak growing broadly in step with annual traffic
HNM,2015,2019,1544,2.8,-0.0539,-0.2903,5.384,0.001839,not_assessed,"below the screen floor, peak too small to read a trend"
HNS,2015,2019,3822,5.4,-0.3974,0.308,-0.775,0.001462,not_assessed,"below the screen floor, peak too small to read a trend"
HNY,2015,2019,11127,4.5,6.847,1.1968,0.175,0.000452,not_assessed,"below the screen floor, peak too small to read a trend"
HOB,2015,2019,1496,1.2,0.1987,-0.3942,-1.984,0.00081,not_assessed,"below the screen floor, peak too small to read a trend"
HOD,2015,2015,1024,1.0,nan,nan,nan,0.001983,too_short,"one observed year, no trend to read"
HOE,2017,2018,1046,2.0,0.4329,1.0,2.31,0.001912,not_assessed,"below the screen floor, peak too small to read a trend"
HOF,2016,2019,1220,3.1,-0.4768,0.5142,-1.078,0.002486,not_assessed,"below the screen floor, peak too small to read a trend"
HOG,2015,2019,4952,2.8,-0.0128,-0.1873,nan,0.000873,not_assessed,"below the screen floor, peak too small to read a trend"
HOM,2015,2019,4634,3.0,0.0633,0.4397,6.943,0.000656,not_assessed,"below the screen floor, peak too small to read a trend"
HON,2015,2015,2021,2.0,nan,nan,nan,0.001335,too_short,"one observed year, no trend to read"
HOR,2015,2019,4549,3.8,0.149,0.2818,1.891,0.001052,not_assessed,"below the screen floor, peak too small to read a trend"
HOT,2015,2019,1878,2.0,0.1008,0.0,0.0,0.001065,not_assessed,"below the screen floor, peak too small to read a trend"
HOU,2015,2019,127574,32.2,0.0805,0.0455,0.565,0.000256,headroom,peak growing broadly in step with annual traffic
HOV,2015,2019,4368,2.1,-0.1452,-0.4095,2.82,0.000473,not_assessed,"below the screen floor, peak too small to read a trend"
HPB,2015,2019,358,1.0,-0.8587,-0.75,0.873,0.002793,not_assessed,"below the screen floor, peak too small to read a trend"
HPG,2015,2019,1082,2.0,0.326,-0.3333,-1.023,0.00187,not_assessed,"below the screen floor, peak too small to read a trend"
HPH,2015,2019,17075,6.7,0.8762,0.2618,0.299,0.000369,not_assessed,"below the screen floor, peak too small to read a trend"
HPN,2015,2019,29890,7.0,0.0726,0.3906,5.383,0.000328,headroom,peak growing broadly in step with annual traffic
HRB,2015,2019,147782,26.4,0.4244,0.0592,0.139,0.000198,tightening,"growth going into the shoulder hours, not the peak"
HRE,2015,2018,18009,5.8,0.3015,-0.1713,-0.568,0.000434,not_assessed,"below the screen floor, peak too small to read a trend"
HRG,2015,2018,22677,12.6,0.2369,1.0319,4.356,0.000615,headroom,peak growing broadly in step with annual traffic
HRI,2015,2019,2043,3.0,2.3437,0.5531,0.236,0.001251,not_assessed,"below the screen floor, peak too small to read a trend"
HRK,2015,2019,7354,4.2,2.2772,1.3527,0.594,0.000639,not_assessed,"below the screen floor, peak too small to read a trend"
HRL,2015,2019,9192,4.2,0.284,0.0462,0.163,0.000637,not_assessed,"below the screen floor, peak too small to read a trend"
HRO,2017,2019,1879,2.0,0.1395,0.0,0.0,0.001064,not_assessed,"below the screen floor, peak too small to read a trend"
HSG,2015,2019,5902,3.8,0.1354,0.1482,1.094,0.000644,not_assessed,"below the screen floor, peak too small to read a trend"
HSL,2015,2019,1862,4.0,0.0437,0.0,0.0,0.002106,not_assessed,"below the screen floor, peak too small to read a trend"
HSN,2015,2019,12946,8.2,0.7798,0.3708,0.476,0.000652,not_assessed,"below the screen floor, peak too small to read a trend"
HSV,2015,2019,23291,11.6,0.2022,0.7209,3.565,0.00051,headroom,peak growing broadly in step with annual traffic
HTA,2015,2019,4178,3.8,0.1583,-0.0971,-0.613,0.001196,not_assessed,"below the screen floor, peak too small to read a trend"
HTI,2015,2019,4792,3.9,0.1321,-0.2228,-1.687,0.001018,not_assessed,"below the screen floor, peak too small to read a trend"
HTN,2015,2019,15236,6.7,1.5402,0.7571,0.492,0.000505,not_assessed,"below the screen floor, peak too small to read a trend"
HTS,2015,2019,3192,2.0,-0.0212,-0.2727,12.889,0.001148,not_assessed,"below the screen floor, peak too small to read a trend"
HTY,2015,2019,8118,4.3,-0.0699,-0.1766,2.527,0.000564,not_assessed,"below the screen floor, peak too small to read a trend"
HUH,2015,2019,3378,4.0,0.0765,0.3333,4.358,0.001147,not_assessed,"below the screen floor, peak too small to read a trend"
HUI,2015,2019,11887,5.8,0.3536,0.1242,0.351,0.000477,not_assessed,"below the screen floor, peak too small to read a trend"
HUN,2015,2019,2606,3.0,-0.2501,-0.1589,0.635,0.001082,not_assessed,"below the screen floor, peak too small to read a trend"
HUO,2018,2019,2098,2.0,-0.0038,0.0,nan,0.000956,not_assessed,"below the screen floor, peak too small to read a trend"
HUS,2015,2019,730,2.0,0.0,0.0,nan,0.00274,not_assessed,"below the screen floor, peak too small to read a trend"
HUU,2015,2018,2202,3.4,0.0223,0.8821,39.586,0.001547,not_assessed,"below the screen floor, peak too small to read a trend"
HUX,2015,2019,7406,6.5,0.4431,0.3296,0.744,0.000833,not_assessed,"below the screen floor, peak too small to read a trend"
HUY,2015,2019,3402,4.0,-0.1818,0.1699,-0.934,0.000988,not_assessed,"below the screen floor, peak too small to read a trend"
HUZ,2015,2019,20219,7.4,4.8403,0.8181,0.169,0.000364,tightening,"growth going into the shoulder hours, not the peak"
HVB,2015,2019,2978,3.9,-0.1796,0.2009,-1.119,0.001584,not_assessed,"below the screen floor, peak too small to read a trend"
HVD,2017,2018,756,2.0,-0.3195,-0.3077,0.963,0.003348,not_assessed,"below the screen floor, peak too small to read a trend"
HVG,2015,2016,2466,2.0,0.0041,-0.1761,nan,0.000823,not_assessed,"below the screen floor, peak too small to read a trend"
HVN,2015,2019,2273,3.0,-0.0442,0.3125,-7.077,0.001134,not_assessed,"below the screen floor, peak too small to read a trend"
HVR,2015,2019,1460,1.0,0.0564,-0.0754,-1.335,0.000685,not_assessed,"below the screen floor, peak too small to read a trend"
HXD,2016,2019,1306,2.0,0.8446,0.0247,0.029,0.001569,not_assessed,"below the screen floor, peak too small to read a trend"
HYA,2015,2019,6435,3.0,-0.6664,-0.4,0.6,0.001616,not_assessed,"below the screen floor, peak too small to read a trend"
HYD,2015,2019,183119,33.7,0.8689,0.5018,0.578,0.000199,headroom,peak growing broadly in step with annual traffic
HYN,2015,2019,10396,5.1,1.0763,0.4548,0.423,0.000534,not_assessed,"below the screen floor, peak too small to read a trend"
HYS,2015,2019,2189,2.2,0.7498,-0.0295,-0.039,0.001022,not_assessed,"below the screen floor, peak too small to read a trend"
HZG,2015,2019,5648,5.4,3.4125,0.8358,0.245,0.000941,not_assessed,"below the screen floor, peak too small to read a trend"
HZH,2015,2019,724,1.0,-0.5389,-0.6512,1.208,0.001487,not_assessed,"below the screen floor, peak too small to read a trend"
HZK,2018,2018,1252,2.0,nan,nan,nan,0.001597,too_short,"one observed year, no trend to read"
IAD,2015,2019,237351,98.3,0.03,-0.0431,-1.439,0.00043,tightening,"growth going into the shoulder hours, not the peak"
IAG,2015,2019,1694,2.0,-0.0303,-0.3333,10.987,0.001195,not_assessed,"below the screen floor, peak too small to read a trend"
IAH,2015,2019,450805,153.8,-0.0495,0.3323,-6.719,0.000325,headroom,"traffic broadly flat, nothing to read into the peak"
IAN,2015,2019,2024,2.0,0.007,-0.0139,nan,0.001008,not_assessed,"below the screen floor, peak too small to read a trend"
IAO,2015,2019,7308,9.0,8.2506,3.5,0.424,0.00124,not_assessed,"below the screen floor, peak too small to read a trend"
IAS,2015,2019,11317,5.1,1.0907,0.2638,0.242,0.00055,not_assessed,"below the screen floor, peak too small to read a trend"
IBA,2015,2018,1298,2.0,0.7781,1.0,1.285,0.003223,not_assessed,"below the screen floor, peak too small to read a trend"
IBE,2015,2019,3297,3.9,-0.197,0.3161,-1.604,0.001094,not_assessed,"below the screen floor, peak too small to read a trend"
IBR,2015,2019,6584,3.0,0.3665,0.0,0.0,0.000464,not_assessed,"below the screen floor, peak too small to read a trend"
IBZ,2015,2019,57876,19.8,0.2598,-0.0536,-0.206,0.0004,tightening,"growth going into the shoulder hours, not the peak"
ICN,2015,2019,364083,70.0,0.3839,0.2381,0.62,0.000197,headroom,peak growing broadly in step with annual traffic
ICT,2015,2019,23741,9.4,-0.0114,0.1456,nan,0.000426,headroom,"traffic broadly flat, nothing to read into the peak"
IDA,2015,2019,5794,2.7,0.061,-0.0565,-0.927,0.0009,not_assessed,"below the screen floor, peak too small to read a trend"
IDR,2015,2019,22903,7.9,0.5852,0.1333,0.228,0.00038,tightening,"growth going into the shoulder hours, not the peak"
IEG,2017,2019,853,2.0,-0.1142,1.0196,-8.926,0.002383,not_assessed,"below the screen floor, peak too small to read a trend"
IEV,2015,2019,19753,7.0,1.3127,0.4015,0.306,0.000407,not_assessed,"below the screen floor, peak too small to read a trend"
IFJ,2015,2019,1396,2.1,-0.0014,-0.2638,nan,0.001505,not_assessed,"below the screen floor, peak too small to read a trend"
IFN,2015,2019,10775,4.0,0.0073,-0.4222,nan,0.000567,not_assessed,"below the screen floor, peak too small to read a trend"
IFO,2016,2019,1670,1.3,0.036,0.1381,3.839,0.000985,not_assessed,"below the screen floor, peak too small to read a trend"
IFP,2017,2017,638,2.3,nan,nan,nan,0.003542,too_short,"one observed year, no trend to read"
IFU,2019,2019,3351,2.0,nan,nan,nan,0.000597,too_short,"one observed year, no trend to read"
IGD,2015,2019,1648,2.5,0.1856,0.0534,0.288,0.001571,not_assessed,"below the screen floor, peak too small to read a trend"
IGR,2015,2019,11755,6.0,0.5015,0.3603,0.719,0.000575,not_assessed,"below the screen floor, peak too small to read a trend"
IGT,2015,2019,2188,1.0,1.3731,-0.4046,-0.295,0.000517,not_assessed,"below the screen floor, peak too small to read a trend"
IGU,2015,2019,16227,7.0,0.0075,-0.003,nan,0.000474,not_assessed,"below the screen floor, peak too small to read a trend"
IIL,2016,2019,2849,3.0,0.9993,0.7333,0.734,0.001168,not_assessed,"below the screen floor, peak too small to read a trend"
IJK,2015,2019,5634,3.0,1.0622,0.5,0.471,0.000594,not_assessed,"below the screen floor, peak too small to read a trend"
IKA,2015,2019,38830,10.6,0.1175,0.022,0.188,0.000279,tightening,"growth going into the shoulder hours, not the peak"
IKI,2015,2019,1432,2.0,-0.0219,0.0,-0.0,0.001397,not_assessed,"below the screen floor, peak too small to read a trend"
IKT,2015,2019,24572,6.8,0.2944,0.0948,0.322,0.000398,tightening,"growth going into the shoulder hours, not the peak"
ILI,2015,2019,3888,4.0,0.6503,0.0,0.0,0.001091,not_assessed,"below the screen floor, peak too small to read a trend"
ILM,2015,2019,18138,5.0,0.3494,-0.0418,-0.12,0.000365,not_assessed,"below the screen floor, peak too small to read a trend"
ILO,2015,2019,20472,6.8,0.2413,0.0285,0.118,0.000358,tightening,"growth going into the shoulder hours, not the peak"
ILP,2015,2019,2502,2.0,0.0425,0.0076,0.18,0.000818,not_assessed,"below the screen floor, peak too small to read a trend"
ILR,2015,2018,2028,2.8,1.9306,1.6632,0.861,0.002422,not_assessed,"below the screen floor, peak too small to read a trend"
ILY,2015,2019,1966,2.5,0.1404,-0.375,-2.671,0.001421,not_assessed,"below the screen floor, peak too small to read a trend"
IMF,2015,2019,9164,7.0,0.6583,0.4685,0.712,0.000763,not_assessed,"below the screen floor, peak too small to read a trend"
IMP,2015,2019,2704,3.0,-0.3884,-0.25,0.644,0.001195,not_assessed,"below the screen floor, peak too small to read a trend"
IMT,2015,2019,1356,2.2,-0.0,0.0667,nan,0.0016,not_assessed,"below the screen floor, peak too small to read a trend"
INB,2015,2019,2185,2.5,-0.6999,-0.4524,0.646,0.001128,not_assessed,"below the screen floor, peak too small to read a trend"
INC,2015,2019,85912,27.7,0.8545,0.3867,0.452,0.000328,headroom,peak growing broadly in step with annual traffic
IND,2015,2019,106093,27.1,0.0917,0.0904,0.986,0.00028,headroom,peak growing broadly in step with annual traffic
INH,2015,2018,754,2.0,-0.4356,-0.2571,0.59,0.003359,not_assessed,"below the screen floor, peak too small to read a trend"
INI,2017,2019,3224,3.1,0.4721,-0.2188,-0.463,0.001038,not_assessed,"below the screen floor, peak too small to read a trend"
INL,2015,2019,1296,2.1,0.0335,0.1357,4.053,0.001641,not_assessed,"below the screen floor, peak too small to read a trend"
INN,2015,2019,10107,7.1,0.078,0.0642,0.823,0.000959,not_assessed,"below the screen floor, peak too small to read a trend"
INV,2015,2019,12368,6.8,0.1696,0.1707,1.007,0.000673,not_assessed,"below the screen floor, peak too small to read a trend"
IOA,2015,2019,2018,1.8,0.515,-0.1026,-0.199,0.001238,not_assessed,"below the screen floor, peak too small to read a trend"
IOM,2015,2019,12816,6.7,-0.3125,0.0242,-0.077,0.000623,not_assessed,"below the screen floor, peak too small to read a trend"
IOS,2015,2019,5006,4.9,-0.294,0.0006,-0.002,0.000973,not_assessed,"below the screen floor, peak too small to read a trend"
IPC,2015,2019,1320,1.3,0.3707,0.3347,0.903,0.001042,not_assessed,"below the screen floor, peak too small to read a trend"
IPH,2015,2019,4450,4.0,0.2185,0.0,0.0,0.001169,not_assessed,"below the screen floor, peak too small to read a trend"
IPI,2019,2019,894,2.0,nan,nan,nan,0.003005,too_short,"one observed year, no trend to read"
IPL,2015,2019,2624,2.0,0.0479,0.0,0.0,0.000762,not_assessed,"below the screen floor, peak too small to read a trend"
IPN,2015,2018,2359,2.0,-0.1047,-0.2801,2.674,0.000866,not_assessed,"below the screen floor, peak too small to read a trend"
IPT,2015,2019,1547,2.3,-0.1377,0.155,-1.126,0.001508,not_assessed,"below the screen floor, peak too small to read a trend"
IQM,2017,2019,2386,2.0,2.836,0.9157,0.323,0.001086,not_assessed,"below the screen floor, peak too small to read a trend"
IQN,2015,2019,4528,4.0,0.5083,0.2273,0.447,0.000884,not_assessed,"below the screen floor, peak too small to read a trend"
IQQ,2015,2019,10695,6.3,-0.1169,0.0317,-0.271,0.000635,not_assessed,"below the screen floor, peak too small to read a trend"
IQT,2015,2019,11385,7.3,0.2109,0.7187,3.407,0.000579,not_assessed,"below the screen floor, peak too small to read a trend"
IRI,2015,2018,1583,2.0,0.4287,0.0,0.0,0.001263,not_assessed,"below the screen floor, peak too small to read a trend"
IRJ,2016,2019,840,2.1,0.0048,0.0197,nan,0.002492,not_assessed,"below the screen floor, peak too small to read a trend"
IRK,2015,2019,2190,2.0,-0.0,0.0,nan,0.000913,not_assessed,"below the screen floor, peak too small to read a trend"
ISA,2015,2019,4273,5.0,-0.004,0.2197,nan,0.000923,not_assessed,"below the screen floor, peak too small to read a trend"
ISB,2015,2019,31476,12.4,0.0031,0.3387,nan,0.000373,headroom,"traffic broadly flat, nothing to read into the peak"
ISE,2015,2019,630,1.6,-0.144,0.216,-1.5,0.002762,not_assessed,"below the screen floor, peak too small to read a trend"
ISG,2015,2019,23563,8.3,-0.0051,-0.0968,nan,0.0004,headroom,"traffic broadly flat, nothing to read into the peak"
ISK,2019,2019,1424,1.4,nan,nan,nan,0.002514,too_short,"one observed year, no trend to read"
ISN,2015,2018,3499,3.0,-0.3976,-0.3644,0.917,0.000862,not_assessed,"below the screen floor, peak too small to read a trend"
ISP,2015,2019,12926,5.0,0.0857,-0.3054,-3.565,0.000449,not_assessed,"below the screen floor, peak too small to read a trend"
IST,2015,2019,422696,75.2,-0.0301,-0.014,0.464,0.000177,at_ceiling,"large airport, peak hour static across the window"
ISU,2015,2019,6308,3.1,-0.0148,0.1417,nan,0.000566,not_assessed,"below the screen floor, peak too small to read a trend"
ITH,2015,2019,5991,3.2,0.031,-0.0716,-2.313,0.00054,not_assessed,"below the screen floor, peak too small to read a trend"
ITM,2015,2019,137990,35.6,0.0655,0.0222,0.339,0.000301,tightening,"growth going into the shoulder hours, not the peak"
ITO,2015,2019,12213,4.1,-0.1148,-0.2189,1.906,0.000353,not_assessed,"below the screen floor, peak too small to read a trend"
ITU,2019,2019,756,2.0,nan,nan,nan,0.001934,too_short,"one observed year, no trend to read"
IVC,2015,2019,5684,3.0,-0.0761,-0.2602,3.421,0.000753,not_assessed,"below the screen floor, peak too small to read a trend"
IVL,2015,2019,1981,3.0,0.7531,0.3722,0.494,0.001562,not_assessed,"below the screen floor, peak too small to read a trend"
IWA,2019,2019,562,1.1,nan,nan,nan,0.001928,too_short,"one observed year, no trend to read"
IWD,2015,2019,2082,2.0,0.1086,1.0,9.206,0.000961,not_assessed,"below the screen floor, peak too small to read a trend"
IWJ,2015,2019,1496,2.4,-0.0361,0.2227,-6.172,0.001629,not_assessed,"below the screen floor, peak too small to read a trend"
IWK,2015,2019,4360,1.3,0.4932,-0.3109,-0.63,0.000301,not_assessed,"below the screen floor, peak too small to read a trend"
IXA,2015,2019,10256,5.0,0.7243,0.25,0.345,0.00051,not_assessed,"below the screen floor, peak too small to read a trend"
IXB,2015,2019,23006,8.0,1.6983,0.0122,0.007,0.000368,tightening,"growth going into the shoulder hours, not the peak"
IXC,2015,2019,16994,9.8,0.3295,-0.0922,-0.28,0.000618,not_assessed,"below the screen floor, peak too small to read a trend"
IXD,2015,2019,3912,4.0,2.4077,1.0,0.415,0.001254,not_assessed,"below the screen floor, peak too small to read a trend"
IXE,2015,2019,15756,6.1,0.2062,-0.1582,-0.767,0.000439,not_assessed,"below the screen floor, peak too small to read a trend"
IXG,2015,2017,1712,2.0,0.0118,-0.0098,nan,0.00119,not_assessed,"below the screen floor, peak too small to read a trend"
IXJ,2015,2019,13607,8.2,0.3803,0.1386,0.365,0.00066,not_assessed,"below the screen floor, peak too small to read a trend"
IXL,2015,2019,5436,5.7,0.8604,0.1119,0.13,0.000932,not_assessed,"below the screen floor, peak too small to read a trend"
IXM,2015,2019,15866,7.0,0.8182,0.75,0.917,0.000478,not_assessed,"below the screen floor, peak too small to read a trend"
IXR,2015,2019,18059,7.4,1.675,0.8497,0.507,0.000425,not_assessed,"below the screen floor, peak too small to read a trend"
IXS,2015,2019,3914,5.9,-0.0625,0.2068,-3.308,0.001106,not_assessed,"below the screen floor, peak too small to read a trend"
IXU,2015,2019,3268,3.0,-0.0049,0.3062,nan,0.001181,not_assessed,"below the screen floor, peak too small to read a trend"
IXY,2018,2019,774,2.1,0.0691,0.04,0.579,0.002819,not_assessed,"below the screen floor, peak too small to read a trend"
IXZ,2015,2019,11653,7.5,1.1111,0.5067,0.456,0.000634,not_assessed,"below the screen floor, peak too small to read a trend"
IZA,2015,2019,1834,1.2,-0.143,-0.4285,2.996,0.00109,not_assessed,"below the screen floor, peak too small to read a trend"
IZO,2015,2019,11922,5.1,0.8564,1.0075,1.176,0.000563,not_assessed,"below the screen floor, peak too small to read a trend"
IZT,2018,2019,1304,2.0,0.0831,-0.0278,-0.334,0.001887,not_assessed,"below the screen floor, peak too small to read a trend"
JAC,2015,2019,9606,7.2,0.2781,0.1346,0.484,0.00081,not_assessed,"below the screen floor, peak too small to read a trend"
JAE,2017,2019,2054,2.0,1.5358,0.5789,0.377,0.001056,not_assessed,"below the screen floor, peak too small to read a trend"
JAI,2015,2019,39738,10.0,0.7578,-0.0719,-0.095,0.000278,tightening,"growth going into the shoulder hours, not the peak"
JAN,2015,2019,17090,6.8,-0.0916,0.0605,-0.661,0.000417,not_assessed,"below the screen floor, peak too small to read a trend"
JAU,2015,2019,2946,4.2,1.0178,1.08,1.061,0.001457,not_assessed,"below the screen floor, peak too small to read a trend"
JAV,2015,2019,4176,3.1,0.1714,0.018,0.105,0.000767,not_assessed,"below the screen floor, peak too small to read a trend"
JAX,2015,2019,71259,22.1,0.1308,0.0685,0.524,0.00031,headroom,peak growing broadly in step with annual traffic
JBB,2015,2019,1080,3.0,0.4835,1.8923,3.914,0.002352,not_assessed,"below the screen floor, peak too small to read a trend"
JBQ,2015,2019,3860,3.0,0.3915,0.5,1.277,0.000933,not_assessed,"below the screen floor, peak too small to read a trend"
JBR,2015,2019,1980,1.9,0.0543,0.8889,16.366,0.000954,not_assessed,"below the screen floor, peak too small to read a trend"
JDH,2015,2019,4195,4.0,0.4342,0.3153,0.726,0.001184,not_assessed,"below the screen floor, peak too small to read a trend"
JDO,2015,2019,4688,4.9,-0.0352,0.6848,-19.46,0.001266,not_assessed,"below the screen floor, peak too small to read a trend"
JDZ,2015,2019,5746,5.7,0.4336,-0.0498,-0.115,0.00088,not_assessed,"below the screen floor, peak too small to read a trend"
JED,2015,2019,215294,35.1,0.2126,0.2312,1.087,0.000171,headroom,peak growing broadly in step with annual traffic
JEG,2015,2019,1256,2.0,-0.3506,-0.375,1.07,0.001671,not_assessed,"below the screen floor, peak too small to read a trend"
JEK,2015,2017,1016,1.5,0.1189,-0.0347,-0.292,0.001434,not_assessed,"below the screen floor, peak too small to read a trend"
JER,2015,2019,23470,13.0,-0.0469,0.0892,-1.902,0.000611,headroom,"traffic broadly flat, nothing to read into the peak"
JFK,2015,2019,429118,79.7,0.017,-0.1227,nan,0.000216,headroom,"traffic broadly flat, nothing to read into the peak"
JGA,2015,2019,600,2.0,-0.1781,0.0,-0.0,0.003761,not_assessed,"below the screen floor, peak too small to read a trend"
JGD,2015,2019,3142,3.0,0.0849,-0.2709,-3.189,0.001044,not_assessed,"below the screen floor, peak too small to read a trend"
JGN,2015,2019,4888,3.0,0.055,-0.01,-0.182,0.000663,not_assessed,"below the screen floor, peak too small to read a trend"
JGS,2015,2019,8848,5.6,0.5012,0.1391,0.277,0.000691,not_assessed,"below the screen floor, peak too small to read a trend"
JHB,2015,2019,38620,13.0,0.4339,0.3133,0.722,0.000365,headroom,peak growing broadly in step with annual traffic
JHG,2015,2019,41826,14.2,0.2368,-0.3654,-1.543,0.000334,tightening,"growth going into the shoulder hours, not the peak"
JHM,2015,2019,10373,6.0,-0.0541,-0.0507,0.937,0.000628,not_assessed,"below the screen floor, peak too small to read a trend"
JHS,2015,2019,1570,2.0,0.1158,-0.1144,-0.988,0.00132,not_assessed,"below the screen floor, peak too small to read a trend"
JHW,2015,2017,2469,2.0,0.0061,0.0,nan,0.00081,not_assessed,"below the screen floor, peak too small to read a trend"
JIB,2015,2018,6376,3.1,0.1451,0.0694,0.478,0.000553,not_assessed,"below the screen floor, peak too small to read a trend"
JIC,2015,2019,2092,2.2,0.2277,0.0301,0.132,0.001162,not_assessed,"below the screen floor, peak too small to read a trend"
JIJ,2015,2018,3088,3.1,0.4376,0.0278,0.063,0.000978,not_assessed,"below the screen floor, peak too small to read a trend"
JIK,2015,2016,1222,2.1,0.1784,0.0714,0.4,0.002111,not_assessed,"below the screen floor, peak too small to read a trend"
JIM,2015,2018,1460,2.0,0.5904,0.0155,0.026,0.001392,not_assessed,"below the screen floor, peak too small to read a trend"
JIO,2019,2019,728,2.0,nan,nan,nan,0.002747,too_short,"one observed year, no trend to read"
JIQ,2015,2019,5866,3.6,1.8503,0.1969,0.106,0.000672,not_assessed,"below the screen floor, peak too small to read a trend"
JJG,2017,2019,1304,2.0,-0.0619,0.0408,-0.66,0.001329,not_assessed,"below the screen floor, peak too small to read a trend"
JJM,2017,2018,3171,12.0,0.9893,5.0,5.054,0.003784,not_assessed,"below the screen floor, peak too small to read a trend"
JJN,2015,2019,63252,18.7,1.108,1.0431,0.941,0.000299,headroom,peak growing broadly in step with annual traffic
JKG,2016,2018,4082,3.8,0.1295,0.377,2.912,0.000858,not_assessed,"below the screen floor, peak too small to read a trend"
JKH,2015,2019,5351,5.0,0.7866,0.6667,0.847,0.000881,not_assessed,"below the screen floor, peak too small to read a trend"
JKL,2015,2015,1440,2.0,nan,nan,nan,0.001364,too_short,"one observed year, no trend to read"
JKR,2015,2019,2463,3.5,0.0709,0.1556,2.195,0.001643,not_assessed,"below the screen floor, peak too small to read a trend"
JLN,2015,2019,2773,1.9,0.9151,-0.1817,-0.199,0.000963,not_assessed,"below the screen floor, peak too small to read a trend"
JLR,2015,2019,5764,4.0,1.1767,0.0,0.0,0.00072,not_assessed,"below the screen floor, peak too small to read a trend"
JMJ,2018,2019,4398,3.1,0.9147,0.3761,0.411,0.000703,not_assessed,"below the screen floor, peak too small to read a trend"
JMK,2015,2019,12212,7.1,0.6919,0.1716,0.248,0.000676,not_assessed,"below the screen floor, peak too small to read a trend"
JMO,2017,2019,2975,5.5,-0.1927,0.0118,-0.061,0.001867,not_assessed,"below the screen floor, peak too small to read a trend"
JMS,2015,2019,1617,2.0,-0.0875,-0.1186,1.356,0.001237,not_assessed,"below the screen floor, peak too small to read a trend"
JMU,2015,2019,5804,3.8,0.0752,-0.0625,-0.831,0.000647,not_assessed,"below the screen floor, peak too small to read a trend"
JNB,2015,2018,195554,34.8,-0.0071,-0.2179,nan,0.00026,headroom,"traffic broadly flat, nothing to read into the peak"
JNG,2015,2019,11832,5.5,1.3255,0.3888,0.293,0.000481,not_assessed,"below the screen floor, peak too small to read a trend"
JNU,2015,2019,30248,8.4,-0.0079,0.6536,nan,0.00045,headroom,"traffic broadly flat, nothing to read into the peak"
JNX,2015,2019,2988,3.1,1.1906,0.5287,0.444,0.001027,not_assessed,"below the screen floor, peak too small to read a trend"
JNZ,2015,2019,3202,3.9,1.3789,2.1,1.523,0.001269,not_assessed,"below the screen floor, peak too small to read a trend"
JOE,2015,2019,2870,2.6,0.0622,0.0217,0.349,0.000898,not_assessed,"below the screen floor, peak too small to read a trend"
JOG,2015,2019,60847,15.8,0.1821,0.1183,0.65,0.000273,headroom,peak growing broadly in step with annual traffic
JOI,2015,2019,5232,3.0,-0.2006,-0.22,1.097,0.000645,not_assessed,"below the screen floor, peak too small to read a trend"
JOS,2015,2018,712,2.0,-0.0247,0.4141,-16.793,0.002621,not_assessed,"below the screen floor, peak too small to read a trend"
JPA,2015,2019,9748,5.6,-0.1668,-0.0805,0.483,0.000636,not_assessed,"below the screen floor, peak too small to read a trend"
JPR,2015,2019,716,1.1,0.1153,0.1053,0.913,0.001544,not_assessed,"below the screen floor, peak too small to read a trend"
JRH,2015,2019,962,2.0,0.2365,-0.2874,-1.215,0.002071,not_assessed,"below the screen floor, peak too small to read a trend"
JRO,2015,2018,23463,9.1,0.7018,0.584,0.832,0.000506,headroom,peak growing broadly in step with annual traffic
JSA,2018,2019,2884,6.0,0.9753,1.0371,1.063,0.002312,not_assessed,"below the screen floor, peak too small to read a trend"
JSH,2015,2016,1754,4.0,0.1115,0.3333,2.989,0.002268,not_assessed,"below the screen floor, peak too small to read a trend"
JSJ,2018,2019,1432,2.9,0.4122,0.4282,1.039,0.001885,not_assessed,"below the screen floor, peak too small to read a trend"
JSR,2015,2019,6290,6.0,0.8467,0.0,0.0,0.001074,not_assessed,"below the screen floor, peak too small to read a trend"
JST,2015,2019,3354,2.0,0.286,-0.0657,-0.23,0.0006,not_assessed,"below the screen floor, peak too small to read a trend"
JSY,2017,2017,905,2.1,nan,nan,nan,0.002346,too_short,"one observed year, no trend to read"
JTC,2015,2019,2084,3.0,-0.1654,0.575,-3.476,0.001632,not_assessed,"below the screen floor, peak too small to read a trend"
JTR,2015,2019,18378,8.0,0.9098,0.5175,0.569,0.000406,not_assessed,"below the screen floor, peak too small to read a trend"
JUB,2015,2018,6660,6.0,-0.1845,0.097,-0.525,0.000806,not_assessed,"below the screen floor, peak too small to read a trend"
JUH,2015,2019,5766,4.1,0.7019,0.285,0.406,0.000762,not_assessed,"below the screen floor, peak too small to read a trend"
JUJ,2015,2019,3624,4.1,0.4543,1.0288,2.265,0.001273,not_assessed,"below the screen floor, peak too small to read a trend"
JUL,2015,2019,3824,3.6,-0.0387,-0.1836,4.742,0.000912,not_assessed,"below the screen floor, peak too small to read a trend"
JUZ,2015,2019,3642,3.5,1.0278,0.6534,0.636,0.001011,not_assessed,"below the screen floor, peak too small to read a trend"
JXA,2015,2019,3960,4.0,0.482,-0.0067,-0.014,0.000906,not_assessed,"below the screen floor, peak too small to read a trend"
JYV,2015,2019,2030,2.2,-0.0881,-0.0136,0.155,0.00111,not_assessed,"below the screen floor, peak too small to read a trend"
JZH,2015,2017,5371,6.0,-0.559,-0.3801,0.68,0.00109,not_assessed,"below the screen floor, peak too small to read a trend"
KAC,2016,2017,1202,1.0,0.1936,-0.1743,-0.9,0.000862,not_assessed,"below the screen floor, peak too small to read a trend"
KAD,2015,2018,981,2.7,-0.4083,0.3594,-0.88,0.002622,not_assessed,"below the screen floor, peak too small to read a trend"
KAE,2015,2019,1778,4.0,0.2495,1.0098,4.048,0.002294,not_assessed,"below the screen floor, peak too small to read a trend"
KAJ,2015,2019,2262,2.5,-0.0157,0.1765,nan,0.001117,not_assessed,"below the screen floor, peak too small to read a trend"
KAL,2015,2019,2050,2.0,0.3676,0.0191,0.052,0.0016,not_assessed,"below the screen floor, peak too small to read a trend"
KAN,2015,2018,3294,2.7,-0.3475,0.1369,-0.394,0.00117,not_assessed,"below the screen floor, peak too small to read a trend"
KAO,2015,2019,1220,1.9,0.618,-0.0444,-0.072,0.002585,not_assessed,"below the screen floor, peak too small to read a trend"
KAW,2015,2019,1695,3.8,-0.3215,0.1159,-0.361,0.001968,not_assessed,"below the screen floor, peak too small to read a trend"
KAZ,2015,2019,922,2.0,0.2037,0.2653,1.303,0.001888,not_assessed,"below the screen floor, peak too small to read a trend"
KBL,2015,2019,17117,8.2,0.0749,0.3564,4.761,0.000507,not_assessed,"below the screen floor, peak too small to read a trend"
KBP,2015,2019,89847,25.6,0.5356,0.1607,0.3,0.000286,tightening,"growth going into the shoulder hours, not the peak"
KBR,2015,2019,19853,8.5,-0.2536,0.1238,-0.488,0.000481,headroom,"traffic broadly flat, nothing to read into the peak"
KBU,2015,2019,3234,3.0,0.2231,-0.051,-0.229,0.000928,not_assessed,"below the screen floor, peak too small to read a trend"
KBV,2015,2019,23891,7.1,-0.1128,0.1504,-1.333,0.000348,headroom,"traffic broadly flat, nothing to read into the peak"
KCA,2015,2019,5332,4.0,0.5682,0.5477,0.964,0.000903,not_assessed,"below the screen floor, peak too small to read a trend"
KCH,2015,2019,48413,16.5,0.0567,0.1627,2.871,0.000309,headroom,peak growing broadly in step with annual traffic
KCM,2015,2019,1964,2.0,-0.0141,-0.0349,nan,0.001161,not_assessed,"below the screen floor, peak too small to read a trend"
KCT,2015,2019,1263,3.0,-0.3866,0.0,-0.0,0.002019,not_assessed,"below the screen floor, peak too small to read a trend"
KCZ,2015,2019,16624,6.1,0.1159,0.1797,1.552,0.000413,not_assessed,"below the screen floor, peak too small to read a trend"
KDH,2015,2019,2415,3.0,0.1186,0.4641,3.914,0.001224,not_assessed,"below the screen floor, peak too small to read a trend"
KDI,2015,2019,11852,6.3,0.0338,0.2638,7.816,0.000641,not_assessed,"below the screen floor, peak too small to read a trend"
KDL,2015,2019,1240,2.1,0.0935,0.0366,0.392,0.001672,not_assessed,"below the screen floor, peak too small to read a trend"
KDM,2015,2019,3767,3.0,-0.1732,-0.25,1.444,0.000796,not_assessed,"below the screen floor, peak too small to read a trend"
KDO,2015,2019,4426,2.1,-0.198,-0.2976,1.503,0.000476,not_assessed,"below the screen floor, peak too small to read a trend"
KDU,2015,2019,612,1.0,-0.1616,0.0,-0.0,0.001767,not_assessed,"below the screen floor, peak too small to read a trend"
KDZ,2015,2018,3244,4.0,0.7413,0.3333,0.45,0.001229,not_assessed,"below the screen floor, peak too small to read a trend"
KEB,2015,2019,604,2.0,-0.1726,0.0,-0.0,0.003311,not_assessed,"below the screen floor, peak too small to read a trend"
KEF,2015,2019,43486,19.5,0.4284,0.0063,0.015,0.000467,tightening,"growth going into the shoulder hours, not the peak"
KEH,2015,2015,4099,8.0,nan,nan,nan,0.001902,too_short,"one observed year, no trend to read"
KEJ,2015,2019,2503,3.5,0.407,0.6158,1.513,0.001436,not_assessed,"below the screen floor, peak too small to read a trend"
KEM,2015,2019,1910,2.5,0.347,0.2164,0.624,0.001333,not_assessed,"below the screen floor, peak too small to read a trend"
KEP,2015,2019,4904,4.0,0.7304,0.0,0.0,0.00091,not_assessed,"below the screen floor, peak too small to read a trend"
KER,2018,2019,5793,2.0,-0.1791,-0.3333,1.861,0.000465,not_assessed,"below the screen floor, peak too small to read a trend"
KET,2015,2019,1484,2.5,-0.1151,-0.3829,3.327,0.002011,not_assessed,"below the screen floor, peak too small to read a trend"
KEU,2017,2018,15608,11.0,0.2726,0.1086,0.398,0.000988,not_assessed,"below the screen floor, peak too small to read a trend"
KEW,2016,2019,1234,2.0,0.1576,0.0,0.0,0.001621,not_assessed,"below the screen floor, peak too small to read a trend"
KFS,2015,2018,806,2.0,-0.0074,-0.0615,nan,0.002758,not_assessed,"below the screen floor, peak too small to read a trend"
KGC,2015,2019,2282,2.2,0.0664,0.1177,1.773,0.001314,not_assessed,"below the screen floor, peak too small to read a trend"
KGD,2015,2019,21720,8.1,0.4964,0.0474,0.095,0.000436,tightening,"growth going into the shoulder hours, not the peak"
KGF,2015,2019,2776,2.3,-0.1963,0.1443,-0.735,0.001461,not_assessed,"below the screen floor, peak too small to read a trend"
KGI,2015,2019,3976,4.9,0.1612,0.2188,1.357,0.001254,not_assessed,"below the screen floor, peak too small to read a trend"
KGL,2015,2018,19771,7.0,0.334,0.4788,1.434,0.000512,not_assessed,"below the screen floor, peak too small to read a trend"
KGS,2015,2019,13560,9.4,0.3055,0.0454,0.149,0.00075,not_assessed,"below the screen floor, peak too small to read a trend"
KGT,2015,2019,1490,2.0,-0.0337,-0.1054,3.126,0.001532,not_assessed,"below the screen floor, peak too small to read a trend"
KHD,2018,2019,1204,3.0,0.1316,0.5,3.8,0.002476,not_assessed,"below the screen floor, peak too small to read a trend"
KHE,2015,2019,2047,1.3,1.6934,0.08,0.047,0.000965,not_assessed,"below the screen floor, peak too small to read a trend"
KHG,2015,2019,21284,10.8,0.6328,0.5132,0.811,0.000554,headroom,peak growing broadly in step with annual traffic
KHH,2015,2019,58457,16.7,0.3585,0.1213,0.338,0.000302,tightening,"growth going into the shoulder hours, not the peak"
KHI,2015,2019,39544,11.1,-0.2167,-0.1636,0.755,0.000266,headroom,"traffic broadly flat, nothing to read into the peak"
KHN,2015,2019,103785,23.6,0.6155,0.196,0.318,0.000229,tightening,"growth going into the shoulder hours, not the peak"
KHS,2015,2019,730,1.2,-0.4952,-0.3019,0.61,0.002059,not_assessed,"below the screen floor, peak too small to read a trend"
KHV,2015,2019,17135,8.0,0.1197,0.4286,3.58,0.000661,not_assessed,"below the screen floor, peak too small to read a trend"
KHX,2016,2018,1967,5.5,-0.0994,0.8397,-8.451,0.002801,not_assessed,"below the screen floor, peak too small to read a trend"
KID,2017,2017,1307,2.0,nan,nan,nan,0.00153,too_short,"one observed year, no trend to read"
KIE,2017,2018,979,2.0,0.0072,0.0,nan,0.002436,not_assessed,"below the screen floor, peak too small to read a trend"
KIH,2015,2019,10593,5.2,-0.2533,-0.1977,0.781,0.000526,not_assessed,"below the screen floor, peak too small to read a trend"
KIJ,2015,2019,18670,6.9,0.0926,-0.0054,-0.058,0.000454,not_assessed,"below the screen floor, peak too small to read a trend"
KIM,2015,2018,5361,3.9,0.2659,-0.0545,-0.205,0.001015,not_assessed,"below the screen floor, peak too small to read a trend"
KIN,2015,2019,15326,8.3,0.0904,0.3477,3.845,0.000446,not_assessed,"below the screen floor, peak too small to read a trend"
KIR,2015,2019,3401,3.0,0.0783,0.3606,4.605,0.001202,not_assessed,"below the screen floor, peak too small to read a trend"
KIS,2015,2018,9334,6.5,0.4748,0.156,0.328,0.000718,not_assessed,"below the screen floor, peak too small to read a trend"
KIT,2015,2016,953,2.1,-0.106,0.0256,-0.242,0.00232,not_assessed,"below the screen floor, peak too small to read a trend"
KIV,2015,2019,24698,9.0,0.2559,0.2692,1.052,0.000336,headroom,peak growing broadly in step with annual traffic
KIX,2015,2019,189958,43.1,0.311,0.0837,0.269,0.000231,tightening,"growth going into the shoulder hours, not the peak"
KIY,2017,2018,730,2.0,0.0,0.0,nan,0.00274,not_assessed,"below the screen floor, peak too small to read a trend"
KJA,2015,2019,21665,6.7,0.4508,0.2271,0.504,0.000504,headroom,peak growing broadly in step with annual traffic
KJH,2017,2017,6364,4.0,nan,nan,nan,0.000733,too_short,"one observed year, no trend to read"
KJT,2019,2019,5175,5.0,nan,nan,nan,0.001107,too_short,"one observed year, no trend to read"
KKA,2015,2019,2685,3.0,0.2952,0.4898,1.659,0.001141,not_assessed,"below the screen floor, peak too small to read a trend"
KKC,2015,2019,14272,8.0,0.4238,0.3291,0.777,0.000595,not_assessed,"below the screen floor, peak too small to read a trend"
KKE,2015,2019,3059,2.2,0.1132,0.0601,0.531,0.000716,not_assessed,"below the screen floor, peak too small to read a trend"
KKH,2015,2019,1028,1.0,-0.7576,-0.7955,1.05,0.00109,not_assessed,"below the screen floor, peak too small to read a trend"
KKI,2015,2016,2824,2.0,0.0028,0.0,nan,0.000708,not_assessed,"below the screen floor, peak too small to read a trend"
KKJ,2015,2019,17337,6.0,0.1001,0.125,1.249,0.000332,not_assessed,"below the screen floor, peak too small to read a trend"
KKN,2015,2019,5803,6.4,-0.0697,0.0732,-1.049,0.001563,not_assessed,"below the screen floor, peak too small to read a trend"
KKX,2015,2019,3631,3.0,-0.0155,0.0,nan,0.000861,not_assessed,"below the screen floor, peak too small to read a trend"
KLG,2015,2019,4526,5.0,0.2141,0.25,1.168,0.001135,not_assessed,"below the screen floor, peak too small to read a trend"
KLN,2015,2019,1822,2.0,-0.2037,-0.5,2.455,0.001287,not_assessed,"below the screen floor, peak too small to read a trend"
KLO,2015,2019,17216,6.0,0.0142,-0.1928,nan,0.000366,not_assessed,"below the screen floor, peak too small to read a trend"
KLR,2015,2019,4117,4.1,0.183,0.147,0.803,0.000916,not_assessed,"below the screen floor, peak too small to read a trend"
KLU,2015,2019,3038,3.0,-0.1877,0.0,-0.0,0.001327,not_assessed,"below the screen floor, peak too small to read a trend"
KLW,2015,2019,6511,4.2,0.3356,-0.3033,-0.904,0.000699,not_assessed,"below the screen floor, peak too small to read a trend"
KME,2015,2018,858,2.0,1.1029,0.04,0.036,0.002331,not_assessed,"below the screen floor, peak too small to read a trend"
KMG,2015,2019,352401,59.4,0.1752,0.1374,0.784,0.000173,headroom,peak growing broadly in step with annual traffic
KMI,2015,2019,37732,12.0,0.0769,0.1242,1.614,0.000346,headroom,peak growing broadly in step with annual traffic
KMJ,2015,2019,29167,6.9,-0.0014,-0.3196,nan,0.00032,headroom,"traffic broadly flat, nothing to read into the peak"
KMQ,2015,2019,16268,9.8,-0.034,0.4912,-14.438,0.000523,not_assessed,"below the screen floor, peak too small to read a trend"
KMS,2015,2018,4117,3.0,-0.4645,-0.2868,0.617,0.000717,not_assessed,"below the screen floor, peak too small to read a trend"
KMV,2016,2019,1390,3.8,0.32,0.7423,2.32,0.002786,not_assessed,"below the screen floor, peak too small to read a trend"
KNG,2015,2019,1775,2.0,-0.1483,-0.3333,2.248,0.001145,not_assessed,"below the screen floor, peak too small to read a trend"
KNH,2015,2019,31230,15.8,1.8105,0.9798,0.541,0.0005,headroom,peak growing broadly in step with annual traffic
KNO,2015,2019,71864,23.4,-0.0362,-0.009,0.248,0.000317,headroom,"traffic broadly flat, nothing to read into the peak"
KNS,2015,2019,3283,4.0,0.6077,0.3333,0.548,0.001447,not_assessed,"below the screen floor, peak too small to read a trend"
KNU,2019,2019,2114,2.1,nan,nan,nan,0.001254,too_short,"one observed year, no trend to read"
KNX,2015,2019,2130,3.0,-0.0157,0.0,nan,0.001454,not_assessed,"below the screen floor, peak too small to read a trend"
KOA,2015,2019,43136,12.5,0.1198,0.0638,0.532,0.00036,headroom,peak growing broadly in step with annual traffic
KOE,2015,2019,31739,11.0,1.0321,-0.0293,-0.028,0.00039,tightening,"growth going into the shoulder hours, not the peak"
KOI,2015,2019,11118,5.2,0.0294,0.0468,1.589,0.000618,not_assessed,"below the screen floor, peak too small to read a trend"
KOJ,2015,2019,61775,16.2,0.042,-0.2235,-5.32,0.000328,tightening,"growth going into the shoulder hours, not the peak"
KOK,2015,2019,2022,2.5,-0.4011,-0.3898,0.972,0.00125,not_assessed,"below the screen floor, peak too small to read a trend"
KOP,2015,2019,2506,2.1,0.1011,0.0268,0.265,0.000859,not_assessed,"below the screen floor, peak too small to read a trend"
KOS,2015,2019,17264,6.7,10.8409,2.4056,0.222,0.000392,not_assessed,"below the screen floor, peak too small to read a trend"
KOT,2015,2019,666,1.0,-0.8059,-0.7449,0.924,0.001535,not_assessed,"below the screen floor, peak too small to read a trend"
KOW,2015,2019,17400,8.8,1.0327,0.7612,0.737,0.000475,not_assessed,"below the screen floor, peak too small to read a trend"
KOZ,2015,2019,1354,2.0,-0.2649,0.0,-0.0,0.001477,not_assessed,"below the screen floor, peak too small to read a trend"
KPN,2015,2019,2583,3.0,-0.3206,-0.0046,0.014,0.001079,not_assessed,"below the screen floor, peak too small to read a trend"
KPO,2017,2019,1236,2.0,-0.1534,-0.0251,0.164,0.00162,not_assessed,"below the screen floor, peak too small to read a trend"
KQH,2019,2019,1694,2.1,nan,nan,nan,0.001214,too_short,"one observed year, no trend to read"
KRK,2015,2019,58625,20.3,0.7767,0.5805,0.747,0.000389,headroom,peak growing broadly in step with annual traffic
KRL,2015,2019,25147,10.1,1.1608,1.4566,1.255,0.000413,headroom,peak growing broadly in step with annual traffic
KRN,2015,2019,2311,2.4,0.1257,-0.1705,-1.356,0.001064,not_assessed,"below the screen floor, peak too small to read a trend"
KRO,2015,2019,728,1.0,-0.251,-0.4952,1.973,0.001709,not_assessed,"below the screen floor, peak too small to read a trend"
KRP,2015,2019,3326,2.0,0.083,0.0588,0.708,0.000682,not_assessed,"below the screen floor, peak too small to read a trend"
KRR,2015,2019,35375,9.8,0.4005,0.6011,1.501,0.000233,headroom,peak growing broadly in step with annual traffic
KRS,2015,2019,14442,5.0,-0.044,-0.2635,5.995,0.000442,not_assessed,"below the screen floor, peak too small to read a trend"
KRT,2015,2018,33598,8.9,0.1518,0.1944,1.28,0.000291,headroom,peak growing broadly in step with annual traffic
KRW,2016,2019,3473,2.0,0.1324,-0.2077,-1.569,0.000623,not_assessed,"below the screen floor, peak too small to read a trend"
KRY,2015,2019,13282,8.0,4.3992,3.1812,0.723,0.000665,not_assessed,"below the screen floor, peak too small to read a trend"
KSC,2015,2019,5116,4.0,0.2066,0.149,0.721,0.00129,not_assessed,"below the screen floor, peak too small to read a trend"
KSD,2016,2018,2405,1.8,-0.16,0.082,-0.513,0.001961,not_assessed,"below the screen floor, peak too small to read a trend"
KSE,2015,2018,1988,4.7,0.3941,1.2895,3.272,0.00234,not_assessed,"below the screen floor, peak too small to read a trend"
KSH,2015,2019,4239,3.0,0.7309,0.7796,1.067,0.000727,not_assessed,"below the screen floor, peak too small to read a trend"
KSM,2015,2019,3381,3.1,-0.0056,0.5634,nan,0.001185,not_assessed,"below the screen floor, peak too small to read a trend"
KSN,2015,2019,1665,1.0,-0.0119,-0.5111,nan,0.001179,not_assessed,"below the screen floor, peak too small to read a trend"
KSQ,2015,2015,928,2.0,nan,nan,nan,0.002734,too_short,"one observed year, no trend to read"
KSR,2019,2019,766,2.3,nan,nan,nan,0.003046,too_short,"one observed year, no trend to read"
KSU,2015,2019,5070,4.2,-0.1901,0.4941,-2.599,0.000927,not_assessed,"below the screen floor, peak too small to read a trend"
KSY,2015,2019,3182,4.4,0.346,0.4556,1.317,0.001387,not_assessed,"below the screen floor, peak too small to read a trend"
KTA,2015,2019,6046,7.0,-0.2213,0.0138,-0.062,0.001168,not_assessed,"below the screen floor, peak too small to read a trend"
KTD,2015,2019,689,2.0,-0.4716,-0.3333,0.707,0.003765,not_assessed,"below the screen floor, peak too small to read a trend"
KTG,2015,2019,9044,6.0,0.9149,0.0,0.0,0.000664,not_assessed,"below the screen floor, peak too small to read a trend"
KTJ,2017,2018,14959,11.0,0.3271,0.1462,0.447,0.001043,not_assessed,"below the screen floor, peak too small to read a trend"
KTL,2015,2018,1113,2.0,0.6687,-0.016,-0.024,0.003174,not_assessed,"below the screen floor, peak too small to read a trend"
KTM,2015,2019,86565,24.7,0.3428,0.0485,0.141,0.000309,tightening,"growth going into the shoulder hours, not the peak"
KTN,2015,2019,11886,3.5,-0.073,-0.4226,5.789,0.000594,not_assessed,"below the screen floor, peak too small to read a trend"
KTS,2015,2019,2017,2.0,0.4469,-0.0139,-0.031,0.001016,not_assessed,"below the screen floor, peak too small to read a trend"
KTT,2015,2019,2391,3.8,0.8018,0.6062,0.756,0.001689,not_assessed,"below the screen floor, peak too small to read a trend"
KTW,2015,2019,21132,8.0,0.3769,0.3639,0.966,0.000409,headroom,peak growing broadly in step with annual traffic
KUA,2015,2019,4150,3.1,0.0751,-0.0008,-0.011,0.000807,not_assessed,"below the screen floor, peak too small to read a trend"
KUF,2015,2019,22378,8.0,0.2034,0.4591,2.257,0.000362,headroom,peak growing broadly in step with annual traffic
KUH,2015,2019,10174,5.6,0.1679,0.1248,0.743,0.000535,not_assessed,"below the screen floor, peak too small to read a trend"
KUK,2015,2019,2275,2.0,-0.4086,-0.3368,0.824,0.000667,not_assessed,"below the screen floor, peak too small to read a trend"
KUL,2015,2019,400014,72.0,0.1487,0.0903,0.607,0.000188,headroom,peak growing broadly in step with annual traffic
KUM,2015,2019,4613,2.9,0.1191,-0.275,-2.309,0.000719,not_assessed,"below the screen floor, peak too small to read a trend"
KUN,2015,2019,7061,6.2,0.6455,0.25,0.387,0.000896,not_assessed,"below the screen floor, peak too small to read a trend"
KUO,2015,2019,3936,2.1,0.0082,0.0659,nan,0.000774,not_assessed,"below the screen floor, peak too small to read a trend"
KUT,2015,2019,5561,4.0,1.958,1.0,0.511,0.000888,not_assessed,"below the screen floor, peak too small to read a trend"
KUU,2016,2019,1167,2.0,0.7575,0.0,0.0,0.001768,not_assessed,"below the screen floor, peak too small to read a trend"
KUV,2015,2019,720,2.0,-0.1982,0.0,-0.0,0.003597,not_assessed,"below the screen floor, peak too small to read a trend"
KVA,2015,2019,2311,4.0,0.1452,0.6375,4.391,0.002378,not_assessed,"below the screen floor, peak too small to read a trend"
KVD,2015,2019,1457,1.8,-0.3808,-0.2774,0.729,0.001272,not_assessed,"below the screen floor, peak too small to read a trend"
KVG,2015,2019,1698,2.0,-0.0053,0.0143,nan,0.001199,not_assessed,"below the screen floor, peak too small to read a trend"
KVK,2016,2019,2109,1.2,0.3467,0.2159,0.623,0.000931,not_assessed,"below the screen floor, peak too small to read a trend"
KVL,2015,2019,2226,3.0,0.1075,0.5,4.653,0.00133,not_assessed,"below the screen floor, peak too small to read a trend"
KVR,2016,2019,876,2.1,-0.0478,-0.0328,0.686,0.002359,not_assessed,"below the screen floor, peak too small to read a trend"
KVX,2015,2019,2384,2.0,0.1968,0.0,0.0,0.001337,not_assessed,"below the screen floor, peak too small to read a trend"
KWA,2018,2018,1672,2.0,nan,nan,nan,0.002555,too_short,"one observed year, no trend to read"
KWE,2015,2019,167144,31.9,0.4651,0.2034,0.437,0.000201,headroom,peak growing broadly in step with annual traffic
KWI,2015,2019,112641,22.5,0.2358,0.3289,1.395,0.000199,headroom,peak growing broadly in step with annual traffic
KWJ,2015,2019,13789,5.4,0.2632,-0.0216,-0.082,0.000417,not_assessed,"below the screen floor, peak too small to read a trend"
KWK,2015,2019,1021,1.0,-0.7369,-0.7955,1.08,0.001095,not_assessed,"below the screen floor, peak too small to read a trend"
KWL,2015,2019,65610,21.5,0.2811,0.4272,1.52,0.000323,headroom,peak growing broadly in step with annual traffic
KWN,2015,2019,2594,3.0,-0.5458,-0.3979,0.729,0.001058,not_assessed,"below the screen floor, peak too small to read a trend"
KWT,2015,2019,2323,3.0,-0.3962,-0.0069,0.017,0.001207,not_assessed,"below the screen floor, peak too small to read a trend"
KWZ,2015,2015,1006,2.0,nan,nan,nan,0.001791,too_short,"one observed year, no trend to read"
KYA,2015,2019,6397,5.1,-0.1459,0.2786,-1.909,0.000786,not_assessed,"below the screen floor, peak too small to read a trend"
KYP,2015,2018,1434,3.0,0.7595,0.5,0.658,0.002614,not_assessed,"below the screen floor, peak too small to read a trend"
KYU,2018,2019,1236,2.0,0.0317,-0.0069,-0.219,0.001695,not_assessed,"below the screen floor, peak too small to read a trend"
KYZ,2019,2019,1359,1.6,nan,nan,nan,0.0014,too_short,"one observed year, no trend to read"
KZN,2015,2019,26258,6.8,0.8158,0.1814,0.222,0.000331,tightening,"growth going into the shoulder hours, not the peak"
KZO,2015,2019,2638,1.8,0.101,-0.192,-1.901,0.001016,not_assessed,"below the screen floor, peak too small to read a trend"
KZR,2015,2019,689,1.4,-0.1178,0.2681,-2.276,0.00186,not_assessed,"below the screen floor, peak too small to read a trend"
LAD,2015,2018,20301,7.2,0.1196,0.2409,2.014,0.000386,headroom,peak growing broadly in step with annual traffic
LAE,2015,2019,9127,5.0,-0.3143,-0.3745,1.191,0.000602,not_assessed,"below the screen floor, peak too small to read a trend"
LAH,2018,2019,1295,2.0,-0.1585,0.0,-0.0,0.002018,not_assessed,"below the screen floor, peak too small to read a trend"
LAK,2016,2016,1194,2.0,nan,nan,nan,0.001675,too_short,"one observed year, no trend to read"
LAN,2015,2019,8088,4.1,0.0463,0.2916,6.297,0.000575,not_assessed,"below the screen floor, peak too small to read a trend"
LAO,2015,2019,1131,2.4,-0.5218,-0.4057,0.778,0.002158,not_assessed,"below the screen floor, peak too small to read a trend"
LAP,2015,2019,12305,3.4,1.0179,-0.2571,-0.253,0.000585,not_assessed,"below the screen floor, peak too small to read a trend"
LAQ,2015,2017,2247,1.9,-0.4567,-0.0642,0.141,0.00091,not_assessed,"below the screen floor, peak too small to read a trend"
LAR,2015,2019,1251,2.0,-0.0134,-0.0797,nan,0.001608,not_assessed,"below the screen floor, peak too small to read a trend"
LAS,2015,2019,365840,74.6,0.0895,0.0017,0.019,0.000211,at_ceiling,"large airport, peak hour static across the window"
LAU,2015,2018,10467,18.0,1.8827,2.3592,1.253,0.001348,not_assessed,"below the screen floor, peak too small to read a trend"
LAW,2015,2019,2669,2.1,-0.0825,-0.1413,1.712,0.000938,not_assessed,"below the screen floor, peak too small to read a trend"
LAX,2015,2019,629696,132.7,0.065,0.0932,1.434,0.000208,headroom,peak growing broadly in step with annual traffic
LBA,2015,2019,29353,12.0,-0.0514,-0.1184,2.303,0.000495,headroom,"traffic broadly flat, nothing to read into the peak"
LBB,2015,2019,15107,4.7,0.17,-0.0941,-0.554,0.000349,not_assessed,"below the screen floor, peak too small to read a trend"
LBD,2015,2019,4559,4.0,-0.1974,0.0089,-0.045,0.000921,not_assessed,"below the screen floor, peak too small to read a trend"
LBE,2015,2019,2246,2.0,-0.1967,0.0,-0.0,0.000762,not_assessed,"below the screen floor, peak too small to read a trend"
LBF,2015,2019,1251,1.2,-0.004,-0.4271,nan,0.000929,not_assessed,"below the screen floor, peak too small to read a trend"
LBJ,2015,2019,11931,6.1,0.7296,0.2219,0.304,0.000658,not_assessed,"below the screen floor, peak too small to read a trend"
LBL,2015,2019,1251,2.0,-0.127,-0.0448,0.353,0.001599,not_assessed,"below the screen floor, peak too small to read a trend"
LBS,2015,2019,3338,3.0,0.3514,-0.2393,-0.681,0.001017,not_assessed,"below the screen floor, peak too small to read a trend"
LBU,2015,2019,10141,4.0,0.0012,-0.0038,nan,0.000474,not_assessed,"below the screen floor, peak too small to read a trend"
LBV,2015,2018,11616,4.8,-0.0504,0.0412,-0.817,0.000648,not_assessed,"below the screen floor, peak too small to read a trend"
LCA,2015,2019,45855,15.6,0.439,0.2016,0.459,0.00037,headroom,peak growing broadly in step with annual traffic
LCE,2015,2019,7367,2.9,-0.1458,-0.4014,2.754,0.000875,not_assessed,"below the screen floor, peak too small to read a trend"
LCG,2015,2019,10207,5.0,0.0886,-0.0457,-0.516,0.000555,not_assessed,"below the screen floor, peak too small to read a trend"
LCH,2015,2019,3955,3.3,-0.0729,0.0733,-1.005,0.000811,not_assessed,"below the screen floor, peak too small to read a trend"
LCJ,2015,2019,1478,2.0,-0.4772,-0.5977,1.253,0.001554,not_assessed,"below the screen floor, peak too small to read a trend"
LCK,2017,2019,2066,2.8,0.1352,0.1,0.74,0.001369,not_assessed,"below the screen floor, peak too small to read a trend"
LCX,2016,2019,2246,2.3,0.4689,1.0046,2.142,0.000903,not_assessed,"below the screen floor, peak too small to read a trend"
LCY,2015,2019,79683,34.2,-0.0108,-0.0567,nan,0.000438,headroom,"traffic broadly flat, nothing to read into the peak"
LDB,2015,2019,10054,4.6,-0.1044,-0.1994,1.909,0.000601,not_assessed,"below the screen floor, peak too small to read a trend"
LDE,2015,2019,3298,4.8,0.2366,0.5744,2.428,0.001884,not_assessed,"below the screen floor, peak too small to read a trend"
LDH,2015,2019,1492,3.0,0.1109,0.0,0.0,0.002011,not_assessed,"below the screen floor, peak too small to read a trend"
LDS,2015,2019,1832,2.0,0.8031,-0.003,-0.004,0.001167,not_assessed,"below the screen floor, peak too small to read a trend"
LDU,2015,2019,3650,2.1,-0.0,-0.0588,nan,0.000584,not_assessed,"below the screen floor, peak too small to read a trend"
LDY,2015,2019,3068,3.0,0.5896,-0.0067,-0.011,0.00159,not_assessed,"below the screen floor, peak too small to read a trend"
LDZ,2016,2018,2635,3.0,0.4795,1.1975,2.497,0.00141,not_assessed,"below the screen floor, peak too small to read a trend"
LEA,2015,2019,1262,1.3,0.0112,-0.3444,nan,0.001196,not_assessed,"below the screen floor, peak too small to read a trend"
LEB,2015,2019,4380,2.0,0.0,-0.0036,nan,0.000457,not_assessed,"below the screen floor, peak too small to read a trend"
LED,2015,2019,148449,29.3,0.2738,0.0792,0.289,0.00023,tightening,"growth going into the shoulder hours, not the peak"
LEI,2015,2019,8117,8.0,0.1481,0.8069,5.449,0.000975,not_assessed,"below the screen floor, peak too small to read a trend"
LEJ,2015,2019,20182,11.1,0.0204,0.0636,3.116,0.000479,headroom,peak growing broadly in step with annual traffic
LET,2015,2019,2340,3.0,0.183,-0.006,-0.033,0.001197,not_assessed,"below the screen floor, peak too small to read a trend"
LEX,2015,2019,24965,9.4,0.0491,0.4548,9.266,0.000384,headroom,peak growing broadly in step with annual traffic
LFQ,2016,2019,8352,5.7,2.8312,1.8659,0.659,0.000691,not_assessed,"below the screen floor, peak too small to read a trend"
LFR,2016,2019,1362,2.0,-0.2858,0.0,-0.0,0.001396,not_assessed,"below the screen floor, peak too small to read a trend"
LFT,2015,2019,10465,4.6,-0.1215,-0.064,0.527,0.000631,not_assessed,"below the screen floor, peak too small to read a trend"
LFW,2015,2018,8625,9.4,-0.1209,-0.0066,0.055,0.001275,not_assessed,"below the screen floor, peak too small to read a trend"
LGA,2015,2019,372488,82.0,-0.0001,-0.0697,nan,0.000229,headroom,"traffic broadly flat, nothing to read into the peak"
LGB,2015,2019,32046,11.3,0.4228,0.6903,1.633,0.000328,headroom,peak growing broadly in step with annual traffic
LGG,2015,2019,1117,1.0,-0.492,-0.5455,1.109,0.000997,not_assessed,"below the screen floor, peak too small to read a trend"
LGI,2015,2019,2126,3.0,-0.2132,-0.0095,0.044,0.001862,not_assessed,"below the screen floor, peak too small to read a trend"
LGK,2015,2019,25066,8.9,0.0918,-0.2522,-2.748,0.000383,tightening,"growth going into the shoulder hours, not the peak"
LGP,2015,2019,6874,4.0,0.4441,-0.2,-0.45,0.00076,not_assessed,"below the screen floor, peak too small to read a trend"
LGQ,2015,2019,1184,2.0,-0.0543,-0.0145,0.267,0.001993,not_assessed,"below the screen floor, peak too small to read a trend"
LGW,2015,2019,268917,56.6,0.089,0.1371,1.541,0.000211,headroom,peak growing broadly in step with annual traffic
LHE,2015,2019,25881,6.8,-0.1648,-0.0348,0.211,0.000391,headroom,"traffic broadly flat, nothing to read into the peak"
LHR,2015,2019,477954,90.3,0.0114,-0.0074,nan,0.000201,at_ceiling,"large airport, peak hour static across the window"
LHW,2015,2019,117616,29.5,0.7868,0.1636,0.208,0.00026,tightening,"growth going into the shoulder hours, not the peak"
LIF,2015,2019,4952,3.0,0.2233,0.0,0.0,0.000592,not_assessed,"below the screen floor, peak too small to read a trend"
LIG,2015,2019,3695,3.2,-0.1717,-0.1936,1.128,0.001208,not_assessed,"below the screen floor, peak too small to read a trend"
LIH,2015,2019,28513,9.9,0.1385,0.0908,0.655,0.000366,headroom,peak growing broadly in step with annual traffic
LIL,2015,2019,20038,9.4,0.2628,0.0623,0.237,0.000572,tightening,"growth going into the shoulder hours, not the peak"
LIM,2015,2019,188605,37.1,0.2691,-0.009,-0.033,0.000208,at_ceiling,"large airport, peak hour static across the window"
LIN,2015,2019,70436,20.5,-0.2592,-0.0979,0.378,0.000299,headroom,"traffic broadly flat, nothing to read into the peak"
LIO,2016,2019,1900,2.2,-0.1559,-0.3005,1.927,0.001138,not_assessed,"below the screen floor, peak too small to read a trend"
LIR,2015,2019,17976,11.0,0.5087,0.2131,0.419,0.001021,not_assessed,"below the screen floor, peak too small to read a trend"
LIS,2015,2019,212949,40.8,0.3529,0.2044,0.579,0.000219,headroom,peak growing broadly in step with annual traffic
LIT,2015,2019,30626,8.1,0.0862,-0.1857,-2.153,0.000325,tightening,"growth going into the shoulder hours, not the peak"
LIW,2019,2019,1013,2.3,nan,nan,nan,0.002332,too_short,"one observed year, no trend to read"
LIX,2015,2018,4957,7.0,3.2513,3.235,0.995,0.001551,not_assessed,"below the screen floor, peak too small to read a trend"
LJG,2015,2019,54828,14.3,0.2043,0.0235,0.115,0.00027,tightening,"growth going into the shoulder hours, not the peak"
LJU,2015,2019,20697,10.9,0.0449,0.1738,3.873,0.000517,headroom,peak growing broadly in step with annual traffic
LKA,2016,2019,2644,2.0,0.7258,0.0,0.0,0.000814,not_assessed,"below the screen floor, peak too small to read a trend"
LKE,2015,2016,5190,6.0,-0.7019,-0.605,0.862,0.001059,not_assessed,"below the screen floor, peak too small to read a trend"
LKL,2015,2019,1934,2.5,-0.2562,0.4356,-1.701,0.001252,not_assessed,"below the screen floor, peak too small to read a trend"
LKN,2015,2019,5038,4.0,0.0269,0.579,21.521,0.000794,not_assessed,"below the screen floor, peak too small to read a trend"
LKO,2015,2019,38644,10.1,0.726,0.1892,0.261,0.000268,tightening,"growth going into the shoulder hours, not the peak"
LKY,2015,2018,33674,44.6,32.9456,21.2903,0.646,0.001321,headroom,peak growing broadly in step with annual traffic
LLA,2015,2019,10107,5.0,-0.1484,-0.1432,0.965,0.000575,not_assessed,"below the screen floor, peak too small to read a trend"
LLB,2016,2019,2996,2.0,1.1218,-0.1613,-0.144,0.000944,not_assessed,"below the screen floor, peak too small to read a trend"
LLF,2015,2018,3508,3.0,1.5756,0.5,0.317,0.000807,not_assessed,"below the screen floor, peak too small to read a trend"
LLI,2015,2018,2619,4.0,0.303,0.284,0.937,0.001527,not_assessed,"below the screen floor, peak too small to read a trend"
LLJ,2019,2019,890,2.0,nan,nan,nan,0.002741,too_short,"one observed year, no trend to read"
LLO,2018,2019,842,2.0,-0.2741,0.0,-0.0,0.002375,not_assessed,"below the screen floor, peak too small to read a trend"
LLV,2015,2019,4954,3.0,0.8638,0.5,0.579,0.000584,not_assessed,"below the screen floor, peak too small to read a trend"
LLW,2015,2018,12806,8.0,0.4557,0.8632,1.894,0.000864,not_assessed,"below the screen floor, peak too small to read a trend"
LMM,2015,2019,4881,2.5,0.663,-0.3561,-0.537,0.000914,not_assessed,"below the screen floor, peak too small to read a trend"
LMN,2015,2019,3018,2.0,0.3202,-0.1176,-0.367,0.000756,not_assessed,"below the screen floor, peak too small to read a trend"
LMP,2015,2019,4155,4.0,0.2508,0.0,0.0,0.001478,not_assessed,"below the screen floor, peak too small to read a trend"
LNJ,2015,2019,5097,4.9,0.2598,0.2831,1.09,0.000935,not_assessed,"below the screen floor, peak too small to read a trend"
LNK,2015,2019,7514,4.2,0.0387,0.2,5.167,0.000642,not_assessed,"below the screen floor, peak too small to read a trend"
LNL,2019,2019,3598,3.3,nan,nan,nan,0.001067,too_short,"one observed year, no trend to read"
LNS,2015,2019,3132,3.0,0.0249,0.5,20.105,0.000958,not_assessed,"below the screen floor, peak too small to read a trend"
LNV,2015,2019,1783,2.0,0.0645,0.0,0.0,0.001301,not_assessed,"below the screen floor, peak too small to read a trend"
LNY,2015,2019,4638,3.0,0.0056,-0.25,nan,0.000549,not_assessed,"below the screen floor, peak too small to read a trend"
LNZ,2015,2019,4131,3.9,-0.3511,-0.2485,0.708,0.000924,not_assessed,"below the screen floor, peak too small to read a trend"
LOE,2015,2019,2446,2.0,-0.0678,0.0,-0.0,0.001089,not_assessed,"below the screen floor, peak too small to read a trend"
LOH,2015,2019,1675,3.0,-0.3224,-0.25,0.775,0.001555,not_assessed,"below the screen floor, peak too small to read a trend"
LOK,2015,2018,3386,4.0,1.2439,0.3416,0.275,0.001149,not_assessed,"below the screen floor, peak too small to read a trend"
LOP,2015,2019,28818,10.0,0.1377,0.0668,0.485,0.000401,headroom,peak growing broadly in step with annual traffic
LOS,2015,2018,60012,22.5,-0.0251,0.2816,-11.204,0.000314,headroom,"traffic broadly flat, nothing to read into the peak"
LOY,2017,2018,2917,10.0,-0.0505,0.6144,-12.176,0.003428,not_assessed,"below the screen floor, peak too small to read a trend"
LPA,2015,2019,103209,26.8,0.3895,0.0302,0.078,0.000369,tightening,"growth going into the shoulder hours, not the peak"
LPB,2015,2019,31263,8.9,-0.092,-0.2942,3.198,0.000265,headroom,"traffic broadly flat, nothing to read into the peak"
LPF,2015,2019,5340,5.0,1.1007,0.2963,0.269,0.001017,not_assessed,"below the screen floor, peak too small to read a trend"
LPI,2015,2019,1899,2.0,-0.2882,-0.2973,1.031,0.001137,not_assessed,"below the screen floor, peak too small to read a trend"
LPK,2015,2019,2153,3.4,0.1928,0.6905,3.581,0.001856,not_assessed,"below the screen floor, peak too small to read a trend"
LPL,2015,2019,34332,14.0,0.0511,-0.0244,-0.477,0.000417,tightening,"growth going into the shoulder hours, not the peak"
LPQ,2015,2019,13124,6.6,0.54,0.3738,0.692,0.000532,not_assessed,"below the screen floor, peak too small to read a trend"
LPS,2015,2015,2152,2.1,nan,nan,nan,0.000964,too_short,"one observed year, no trend to read"
LPT,2015,2019,4554,4.0,0.0345,0.3274,9.481,0.000873,not_assessed,"below the screen floor, peak too small to read a trend"
LPX,2019,2019,452,1.0,nan,nan,nan,0.002212,too_short,"one observed year, no trend to read"
LRD,2015,2019,5352,2.9,0.0398,0.194,4.871,0.0009,not_assessed,"below the screen floor, peak too small to read a trend"
LRE,2015,2019,940,3.0,0.0043,0.0,nan,0.002966,not_assessed,"below the screen floor, peak too small to read a trend"
LRM,2015,2015,1425,2.2,nan,nan,nan,0.002519,too_short,"one observed year, no trend to read"
LRR,2015,2018,1626,3.0,-0.0181,0.7888,nan,0.001864,not_assessed,"below the screen floor, peak too small to read a trend"
LRS,2015,2016,1428,2.1,-0.0881,0.0606,-0.688,0.001482,not_assessed,"below the screen floor, peak too small to read a trend"
LRT,2015,2019,2881,2.1,-0.2059,-0.0494,0.24,0.000786,not_assessed,"below the screen floor, peak too small to read a trend"
LRV,2016,2019,1847,2.0,0.3492,0.2705,0.775,0.001337,not_assessed,"below the screen floor, peak too small to read a trend"
LSC,2015,2019,8903,6.0,0.4643,0.4999,1.077,0.000696,not_assessed,"below the screen floor, peak too small to read a trend"
LSE,2015,2019,4398,2.4,0.0143,-0.0902,nan,0.00066,not_assessed,"below the screen floor, peak too small to read a trend"
LSH,2015,2019,3543,5.0,0.4586,0.5476,1.194,0.001362,not_assessed,"below the screen floor, peak too small to read a trend"
LSI,2015,2019,6573,5.0,-0.0728,-0.1781,2.447,0.000722,not_assessed,"below the screen floor, peak too small to read a trend"
LSP,2015,2018,2216,2.0,-0.1774,0.0,-0.0,0.002578,not_assessed,"below the screen floor, peak too small to read a trend"
LST,2015,2019,13844,7.0,0.0065,-0.0052,nan,0.000569,not_assessed,"below the screen floor, peak too small to read a trend"
LSW,2015,2019,1126,3.0,0.3405,0.0,0.0,0.002729,not_assessed,"below the screen floor, peak too small to read a trend"
LSY,2015,2019,1673,2.0,-0.1259,0.008,-0.064,0.001205,not_assessed,"below the screen floor, peak too small to read a trend"
LTN,2015,2019,108519,32.9,0.3447,0.2306,0.669,0.000306,headroom,peak growing broadly in step with annual traffic
LTO,2015,2015,646,1.2,nan,nan,nan,0.003096,too_short,"one observed year, no trend to read"
LUA,2017,2019,3710,7.2,0.1755,0.8,4.557,0.001947,not_assessed,"below the screen floor, peak too small to read a trend"
LUD,2016,2016,282,1.3,nan,nan,nan,0.00466,too_short,"one observed year, no trend to read"
LUG,2015,2018,3064,2.2,-0.4693,-0.4207,0.897,0.000777,not_assessed,"below the screen floor, peak too small to read a trend"
LUM,2015,2019,18061,7.0,0.5147,0.1051,0.204,0.000399,not_assessed,"below the screen floor, peak too small to read a trend"
LUN,2015,2018,18476,3.9,-0.0864,0.0051,-0.059,0.000421,headroom,"traffic broadly flat, nothing to read into the peak"
LUO,2015,2016,690,1.0,-0.0522,0.0037,-0.072,0.001501,not_assessed,"below the screen floor, peak too small to read a trend"
LUP,2019,2019,2262,4.0,nan,nan,nan,0.001768,too_short,"one observed year, no trend to read"
LUQ,2015,2019,950,2.1,-0.2787,0.0679,-0.243,0.002206,not_assessed,"below the screen floor, peak too small to read a trend"
LUV,2015,2019,2757,1.9,-0.275,-0.5128,1.865,0.001005,not_assessed,"below the screen floor, peak too small to read a trend"
LUW,2015,2019,7169,5.0,0.5517,0.1842,0.334,0.000807,not_assessed,"below the screen floor, peak too small to read a trend"
LUX,2015,2019,54158,18.9,0.3385,0.1407,0.416,0.00039,headroom,peak growing broadly in step with annual traffic
LUZ,2015,2019,2729,3.0,0.3966,0.0,0.0,0.001582,not_assessed,"below the screen floor, peak too small to read a trend"
LVI,2015,2018,4626,4.8,0.2577,0.0051,0.02,0.001342,not_assessed,"below the screen floor, peak too small to read a trend"
LWB,2015,2019,1330,2.3,-0.0177,0.1421,nan,0.001717,not_assessed,"below the screen floor, peak too small to read a trend"
LWE,2016,2019,730,2.0,-0.0395,0.0,-0.0,0.00274,not_assessed,"below the screen floor, peak too small to read a trend"
LWN,2018,2019,794,2.0,-0.2409,0.0067,-0.028,0.002551,not_assessed,"below the screen floor, peak too small to read a trend"
LWO,2015,2019,14914,7.2,1.9301,1.1014,0.571,0.000522,not_assessed,"below the screen floor, peak too small to read a trend"
LWS,2015,2019,1980,2.1,-0.3736,-0.321,0.859,0.001054,not_assessed,"below the screen floor, peak too small to read a trend"
LWY,2015,2019,4694,4.0,0.1449,0.0,0.0,0.000852,not_assessed,"below the screen floor, peak too small to read a trend"
LXA,2015,2019,38858,12.0,0.529,0.0916,0.173,0.000385,tightening,"growth going into the shoulder hours, not the peak"
LXG,2015,2019,2048,2.0,1.9468,-0.0041,-0.002,0.000919,not_assessed,"below the screen floor, peak too small to read a trend"
LXR,2015,2018,5701,5.7,-0.1534,0.7854,-5.12,0.001032,not_assessed,"below the screen floor, peak too small to read a trend"
LXS,2015,2019,2762,4.1,0.162,0.3675,2.269,0.001347,not_assessed,"below the screen floor, peak too small to read a trend"
LYA,2015,2019,13731,9.0,0.9828,1.2892,1.312,0.000702,not_assessed,"below the screen floor, peak too small to read a trend"
LYB,2015,2019,4082,4.0,0.0039,0.25,nan,0.00098,not_assessed,"below the screen floor, peak too small to read a trend"
LYC,2015,2017,1838,2.0,-0.1795,-0.0152,0.085,0.001304,not_assessed,"below the screen floor, peak too small to read a trend"
LYG,2015,2019,18336,8.3,1.316,0.3769,0.286,0.000454,not_assessed,"below the screen floor, peak too small to read a trend"
LYH,2015,2019,4402,2.0,0.1027,-0.1346,-1.311,0.000524,not_assessed,"below the screen floor, peak too small to read a trend"
LYI,2015,2019,21414,10.2,1.2129,0.708,0.584,0.000473,headroom,peak growing broadly in step with annual traffic
LYP,2015,2019,4152,3.1,1.0413,0.5506,0.529,0.000719,not_assessed,"below the screen floor, peak too small to read a trend"
LYR,2015,2019,1215,2.2,0.197,0.1506,0.764,0.001831,not_assessed,"below the screen floor, peak too small to read a trend"
LYS,2015,2019,108914,45.4,0.0998,0.1665,1.669,0.000327,headroom,peak growing broadly in step with annual traffic
LZC,2015,2019,1316,2.0,0.063,0.014,0.222,0.001845,not_assessed,"below the screen floor, peak too small to read a trend"
LZH,2015,2019,14015,8.0,0.3724,0.7166,1.924,0.000521,not_assessed,"below the screen floor, peak too small to read a trend"
LZN,2017,2019,4910,3.0,0.0101,0.0,nan,0.000611,not_assessed,"below the screen floor, peak too small to read a trend"
LZO,2015,2019,16635,11.0,0.8756,1.1994,1.37,0.000621,not_assessed,"below the screen floor, peak too small to read a trend"
LZR,2015,2015,645,2.0,nan,nan,nan,0.003101,too_short,"one observed year, no trend to read"
LZY,2015,2019,6813,8.0,0.7496,0.1597,0.213,0.001179,not_assessed,"below the screen floor, peak too small to read a trend"
MAA,2015,2019,165556,30.4,0.3753,0.3325,0.886,0.000181,headroom,peak growing broadly in step with annual traffic
MAB,2015,2019,2886,2.9,-0.4237,-0.2373,0.56,0.000967,not_assessed,"below the screen floor, peak too small to read a trend"
MAD,2015,2019,395038,90.4,0.161,0.1294,0.804,0.000233,headroom,peak growing broadly in step with annual traffic
MAF,2015,2019,19951,7.0,0.0327,0.0497,1.52,0.000373,not_assessed,"below the screen floor, peak too small to read a trend"
MAG,2015,2019,3430,4.2,-0.3178,0.3889,-1.224,0.001289,not_assessed,"below the screen floor, peak too small to read a trend"
MAH,2015,2019,25504,16.2,0.1314,0.067,0.51,0.000693,headroom,peak growing broadly in step with annual traffic
MAJ,2015,2019,1664,2.0,1.0024,1.0,0.998,0.001053,not_assessed,"below the screen floor, peak too small to read a trend"
MAM,2015,2019,742,2.1,-0.6664,-0.1326,0.199,0.003031,not_assessed,"below the screen floor, peak too small to read a trend"
MAN,2015,2019,182502,45.5,0.2156,0.0384,0.178,0.00027,tightening,"growth going into the shoulder hours, not the peak"
MAO,2015,2019,22794,8.0,-0.1977,-0.2203,1.114,0.00038,headroom,"traffic broadly flat, nothing to read into the peak"
MAQ,2015,2019,3295,2.1,0.4301,0.0605,0.141,0.000655,not_assessed,"below the screen floor, peak too small to read a trend"
MAR,2015,2019,4050,3.0,-0.6898,-0.546,0.792,0.000688,not_assessed,"below the screen floor, peak too small to read a trend"
MAS,2015,2019,862,2.0,-0.172,0.1111,-0.646,0.003348,not_assessed,"below the screen floor, peak too small to read a trend"
MAZ,2015,2019,2920,2.0,-0.0,0.0,nan,0.000685,not_assessed,"below the screen floor, peak too small to read a trend"
MBA,2015,2018,31358,31.7,1.1886,4.7143,3.966,0.000384,headroom,peak growing broadly in step with annual traffic
MBE,2015,2019,730,2.0,0.0,0.8554,nan,0.00281,not_assessed,"below the screen floor, peak too small to read a trend"
MBI,2015,2018,1290,2.0,-0.2229,0.435,-1.951,0.001637,not_assessed,"below the screen floor, peak too small to read a trend"
MBJ,2015,2019,30274,21.6,0.1736,0.0821,0.473,0.000692,headroom,peak growing broadly in step with annual traffic
MBL,2015,2019,806,1.0,0.0025,-0.5,nan,0.001373,not_assessed,"below the screen floor, peak too small to read a trend"
MBS,2015,2019,5957,3.0,-0.0644,-0.1207,1.874,0.000521,not_assessed,"below the screen floor, peak too small to read a trend"
MBT,2015,2019,730,2.0,0.0041,0.0,nan,0.00274,not_assessed,"below the screen floor, peak too small to read a trend"
MCE,2016,2019,3040,2.0,-0.0977,-0.4397,4.503,0.000667,not_assessed,"below the screen floor, peak too small to read a trend"
MCI,2015,2019,113024,28.9,0.0306,-0.0219,-0.714,0.000259,tightening,"growth going into the shoulder hours, not the peak"
MCK,2016,2019,1338,2.0,0.1706,0.0458,0.269,0.001495,not_assessed,"below the screen floor, peak too small to read a trend"
MCM,2015,2019,30830,11.1,-0.0387,-0.0187,0.483,0.000361,headroom,"traffic broadly flat, nothing to read into the peak"
MCN,2018,2019,1280,2.0,0.0207,1.0,48.231,0.001563,not_assessed,"below the screen floor, peak too small to read a trend"
MCO,2015,2019,336179,78.3,0.1755,0.1349,0.768,0.000241,headroom,peak growing broadly in step with annual traffic
MCP,2015,2019,4388,3.2,-0.2234,-0.1795,0.803,0.000752,not_assessed,"below the screen floor, peak too small to read a trend"
MCT,2015,2019,113990,26.6,0.2692,0.1111,0.413,0.000251,headroom,peak growing broadly in step with annual traffic
MCW,2015,2019,3548,4.0,0.2298,1.0,4.351,0.001467,not_assessed,"below the screen floor, peak too small to read a trend"
MCX,2015,2019,10454,4.5,2.1891,0.5085,0.232,0.000365,not_assessed,"below the screen floor, peak too small to read a trend"
MCY,2015,2019,9176,5.8,0.5147,0.1484,0.288,0.000662,not_assessed,"below the screen floor, peak too small to read a trend"
MCZ,2015,2019,13467,6.9,-0.0297,0.0156,-0.526,0.000529,not_assessed,"below the screen floor, peak too small to read a trend"
MDC,2015,2019,25299,8.1,0.1926,0.1689,0.877,0.000362,headroom,peak growing broadly in step with annual traffic
MDE,2015,2019,71883,19.4,0.1753,0.1785,1.018,0.000277,headroom,peak growing broadly in step with annual traffic
MDG,2015,2019,8120,5.2,0.4721,0.2862,0.606,0.000631,not_assessed,"below the screen floor, peak too small to read a trend"
MDL,2015,2019,28381,14.4,0.2161,-0.0656,-0.303,0.000375,tightening,"growth going into the shoulder hours, not the peak"
MDQ,2015,2019,5443,4.0,0.4522,0.6637,1.468,0.0007,not_assessed,"below the screen floor, peak too small to read a trend"
MDT,2015,2019,22985,7.5,0.0314,-0.048,-1.528,0.000442,tightening,"growth going into the shoulder hours, not the peak"
MDW,2015,2019,178215,42.8,-0.0668,-0.1453,2.177,0.000246,headroom,"traffic broadly flat, nothing to read into the peak"
MDZ,2015,2019,19656,8.2,0.4033,0.2191,0.543,0.000431,not_assessed,"below the screen floor, peak too small to read a trend"
MEB,2015,2019,3918,3.0,0.6123,0.5134,0.838,0.000909,not_assessed,"below the screen floor, peak too small to read a trend"
MEC,2015,2019,2532,3.4,-0.1843,0.2289,-1.242,0.001272,not_assessed,"below the screen floor, peak too small to read a trend"
MED,2015,2019,44541,11.1,0.1545,0.4605,2.98,0.000283,headroom,peak growing broadly in step with annual traffic
MEE,2015,2019,2619,2.0,0.1792,0.0,0.0,0.000926,not_assessed,"below the screen floor, peak too small to read a trend"
MEH,2015,2016,2466,2.0,0.0065,-0.0927,nan,0.000818,not_assessed,"below the screen floor, peak too small to read a trend"
MEI,2015,2019,1951,2.3,0.0512,-0.0028,-0.055,0.001179,not_assessed,"below the screen floor, peak too small to read a trend"
MEL,2015,2019,237703,52.1,0.0592,-0.0874,-1.478,0.000233,tightening,"growth going into the shoulder hours, not the peak"
MEM,2015,2019,58843,16.9,0.042,-0.0993,-2.366,0.000289,tightening,"growth going into the shoulder hours, not the peak"
MEQ,2015,2019,730,1.0,-0.2031,-0.3673,1.809,0.00137,not_assessed,"below the screen floor, peak too small to read a trend"
MEX,2015,2019,418097,84.8,0.1068,0.069,0.646,0.000201,headroom,peak growing broadly in step with annual traffic
MFA,2015,2018,2604,3.0,0.1086,-0.3832,-3.53,0.001152,not_assessed,"below the screen floor, peak too small to read a trend"
MFE,2015,2019,11717,5.4,0.1322,0.589,4.456,0.000499,not_assessed,"below the screen floor, peak too small to read a trend"
MFK,2017,2019,2196,2.0,-0.0144,-0.3036,nan,0.000911,not_assessed,"below the screen floor, peak too small to read a trend"
MFM,2015,2019,72436,19.7,0.4124,0.2925,0.709,0.000265,headroom,peak growing broadly in step with annual traffic
MFR,2015,2019,18040,5.3,0.4817,0.736,1.528,0.000401,not_assessed,"below the screen floor, peak too small to read a trend"
MFU,2015,2018,3089,3.2,0.1604,0.6023,3.755,0.001881,not_assessed,"below the screen floor, peak too small to read a trend"
MGA,2015,2019,14943,4.4,-0.0418,-0.4195,10.035,0.000504,not_assessed,"below the screen floor, peak too small to read a trend"
MGB,2015,2019,3620,3.0,-0.092,-0.0069,0.075,0.000829,not_assessed,"below the screen floor, peak too small to read a trend"
MGF,2015,2019,8193,3.7,-0.245,-0.1308,0.534,0.000556,not_assessed,"below the screen floor, peak too small to read a trend"
MGH,2015,2018,908,1.1,-0.1107,-0.1203,1.087,0.001859,not_assessed,"below the screen floor, peak too small to read a trend"
MGM,2015,2019,9388,4.9,0.0993,0.2222,2.238,0.000513,not_assessed,"below the screen floor, peak too small to read a trend"
MGQ,2015,2018,4343,4.8,0.5926,1.0365,1.749,0.001241,not_assessed,"below the screen floor, peak too small to read a trend"
MGW,2015,2019,3964,2.1,0.5831,-0.1051,-0.18,0.000521,not_assessed,"below the screen floor, peak too small to read a trend"
MGZ,2015,2019,1840,4.4,-0.49,-0.1326,0.271,0.002153,not_assessed,"below the screen floor, peak too small to read a trend"
MHD,2015,2019,38940,10.9,0.162,0.1381,0.852,0.000325,headroom,peak growing broadly in step with annual traffic
MHG,2019,2019,2158,2.9,nan,nan,nan,0.00133,too_short,"one observed year, no trend to read"
MHH,2015,2019,8716,6.0,0.0441,0.035,0.795,0.000809,not_assessed,"below the screen floor, peak too small to read a trend"
MHK,2015,2019,3966,2.7,0.1109,0.1588,1.432,0.000795,not_assessed,"below the screen floor, peak too small to read a trend"
MHQ,2015,2019,2763,2.3,0.0415,-0.2556,-6.165,0.001194,not_assessed,"below the screen floor, peak too small to read a trend"
MHT,2015,2019,22173,7.2,-0.1507,-0.2667,1.77,0.000421,headroom,"traffic broadly flat, nothing to read into the peak"
MIA,2015,2019,323559,76.3,0.009,-0.043,nan,0.000247,headroom,"traffic broadly flat, nothing to read into the peak"
MID,2015,2019,23403,12.2,0.3704,0.3312,0.894,0.000544,headroom,peak growing broadly in step with annual traffic
MIG,2015,2019,31688,14.9,1.3247,1.0838,0.818,0.00048,headroom,peak growing broadly in step with annual traffic
MII,2015,2019,1418,2.0,-0.2011,0.0,-0.0,0.001414,not_assessed,"below the screen floor, peak too small to read a trend"
MIM,2015,2019,2906,2.0,-0.0212,-0.0115,0.541,0.000699,not_assessed,"below the screen floor, peak too small to read a trend"
MIR,2015,2018,6731,5.3,1.1911,1.1698,0.982,0.000766,not_assessed,"below the screen floor, peak too small to read a trend"
MIU,2018,2018,929,2.5,nan,nan,nan,0.002836,too_short,"one observed year, no trend to read"
MJF,2015,2019,3114,2.3,-0.4309,-0.3089,0.717,0.000749,not_assessed,"below the screen floor, peak too small to read a trend"
MJI,2015,2018,7025,3.8,12.0334,4.5284,0.376,0.000723,not_assessed,"below the screen floor, peak too small to read a trend"
MJK,2019,2019,644,1.0,nan,nan,nan,0.001621,too_short,"one observed year, no trend to read"
MJM,2017,2017,1199,2.2,nan,nan,nan,0.001835,too_short,"one observed year, no trend to read"
MJN,2015,2017,1241,1.3,-0.0476,0.7913,-16.63,0.001786,not_assessed,"below the screen floor, peak too small to read a trend"
MJT,2015,2019,5883,3.7,0.2203,0.4724,2.144,0.000792,not_assessed,"below the screen floor, peak too small to read a trend"
MJU,2015,2019,3818,4.0,0.7307,-0.0139,-0.019,0.001278,not_assessed,"below the screen floor, peak too small to read a trend"
MJV,2015,2018,7575,8.1,0.1186,-0.1009,-0.851,0.001048,not_assessed,"below the screen floor, peak too small to read a trend"
MJZ,2015,2017,2771,3.0,-0.2201,0.0,-0.0,0.001369,not_assessed,"below the screen floor, peak too small to read a trend"
MKE,2015,2019,71736,20.3,-0.0796,0.0072,-0.09,0.000301,headroom,"traffic broadly flat, nothing to read into the peak"
MKG,2015,2019,1454,2.0,-0.0027,-0.0722,nan,0.001376,not_assessed,"below the screen floor, peak too small to read a trend"
MKK,2015,2019,18975,7.3,-0.0744,-0.0372,0.499,0.000612,headroom,"traffic broadly flat, nothing to read into the peak"
MKL,2015,2019,2086,2.9,0.042,-0.1854,-4.419,0.001382,not_assessed,"below the screen floor, peak too small to read a trend"
MKM,2015,2019,4176,3.0,0.3157,0.0,0.0,0.000718,not_assessed,"below the screen floor, peak too small to read a trend"
MKQ,2015,2019,4116,3.9,0.1405,-0.1559,-1.11,0.001108,not_assessed,"below the screen floor, peak too small to read a trend"
MKW,2015,2019,7558,7.2,0.4639,0.6269,1.351,0.001046,not_assessed,"below the screen floor, peak too small to read a trend"
MKY,2015,2019,10049,3.9,-0.149,-0.4243,2.847,0.000592,not_assessed,"below the screen floor, peak too small to read a trend"
MKZ,2017,2019,2524,5.0,0.3929,0.6667,1.697,0.002601,not_assessed,"below the screen floor, peak too small to read a trend"
MLA,2015,2019,48781,15.9,0.5112,0.1578,0.309,0.000337,tightening,"growth going into the shoulder hours, not the peak"
MLB,2015,2019,5471,4.8,0.1156,0.8663,7.493,0.000712,not_assessed,"below the screen floor, peak too small to read a trend"
MLE,2015,2019,54419,13.3,0.2559,0.1683,0.658,0.00032,headroom,peak growing broadly in step with annual traffic
MLG,2015,2019,8799,6.0,0.2377,0.2048,0.862,0.000642,not_assessed,"below the screen floor, peak too small to read a trend"
MLH,2015,2019,5497,3.5,-0.0403,0.1667,-4.133,0.00089,not_assessed,"below the screen floor, peak too small to read a trend"
MLI,2015,2019,13534,3.2,-0.0629,-0.4737,7.534,0.000472,not_assessed,"below the screen floor, peak too small to read a trend"
MLL,2015,2019,1022,1.0,-0.6721,-0.6519,0.97,0.001172,not_assessed,"below the screen floor, peak too small to read a trend"
MLM,2015,2019,8038,5.0,0.1463,0.5396,3.688,0.000747,not_assessed,"below the screen floor, peak too small to read a trend"
MLN,2015,2019,8533,6.0,0.1083,0.1424,1.314,0.000529,not_assessed,"below the screen floor, peak too small to read a trend"
MLO,2015,2019,2291,3.0,0.3621,0.4964,1.371,0.001313,not_assessed,"below the screen floor, peak too small to read a trend"
MLU,2015,2019,5877,4.0,-0.0931,-0.1683,1.808,0.000608,not_assessed,"below the screen floor, peak too small to read a trend"
MLX,2015,2019,4563,3.0,-0.0365,-0.248,6.79,0.000688,not_assessed,"below the screen floor, peak too small to read a trend"
MMB,2015,2019,8935,4.0,-0.0956,0.0131,-0.138,0.000644,not_assessed,"below the screen floor, peak too small to read a trend"
MMD,2015,2019,1383,2.0,-0.2929,-0.3333,1.138,0.00188,not_assessed,"below the screen floor, peak too small to read a trend"
MME,2015,2019,3348,3.0,-0.1709,0.0007,-0.004,0.000957,not_assessed,"below the screen floor, peak too small to read a trend"
MMH,2015,2019,1136,1.8,-0.1684,-0.2394,1.422,0.00159,not_assessed,"below the screen floor, peak too small to read a trend"
MMJ,2015,2019,2384,2.0,0.1473,-0.0074,-0.05,0.000859,not_assessed,"below the screen floor, peak too small to read a trend"
MMK,2015,2019,8399,3.9,-0.074,-0.0029,0.039,0.00056,not_assessed,"below the screen floor, peak too small to read a trend"
MMX,2015,2019,16966,8.9,-0.0889,0.0999,-1.123,0.000623,not_assessed,"below the screen floor, peak too small to read a trend"
MMY,2015,2019,16436,6.9,0.1169,0.3588,3.07,0.000448,not_assessed,"below the screen floor, peak too small to read a trend"
MNA,2017,2019,730,2.0,0.0458,0.0,0.0,0.00274,not_assessed,"below the screen floor, peak too small to read a trend"
MNG,2015,2019,1759,2.0,-0.2838,0.0,-0.0,0.001137,not_assessed,"below the screen floor, peak too small to read a trend"
MNI,2015,2019,2202,2.0,-0.0447,0.0,-0.0,0.0009,not_assessed,"below the screen floor, peak too small to read a trend"
MNL,2015,2019,276096,41.7,0.0713,-0.1406,-1.972,0.000162,tightening,"growth going into the shoulder hours, not the peak"
MOB,2015,2019,13651,6.6,0.0223,0.0095,0.427,0.000479,not_assessed,"below the screen floor, peak too small to read a trend"
MOC,2015,2019,3338,2.9,-0.1621,0.4503,-2.777,0.001253,not_assessed,"below the screen floor, peak too small to read a trend"
MOF,2015,2019,5324,4.0,2.2228,1.7692,0.796,0.000676,not_assessed,"below the screen floor, peak too small to read a trend"
MOH,2019,2019,1678,2.0,nan,nan,nan,0.0012,too_short,"one observed year, no trend to read"
MOL,2015,2019,5651,4.4,-0.1948,-0.2643,1.357,0.001012,not_assessed,"below the screen floor, peak too small to read a trend"
MOQ,2015,2015,714,0.9,nan,nan,nan,0.001574,too_short,"one observed year, no trend to read"
MOT,2015,2019,5806,3.2,-0.2055,-0.2604,1.267,0.000822,not_assessed,"below the screen floor, peak too small to read a trend"
MOU,2015,2019,1332,1.1,-0.006,0.0373,nan,0.000795,not_assessed,"below the screen floor, peak too small to read a trend"
MOV,2015,2019,2407,2.1,-0.4657,-0.56,1.203,0.000867,not_assessed,"below the screen floor, peak too small to read a trend"
MOZ,2015,2019,2458,3.0,-0.0368,-0.2,5.43,0.001216,not_assessed,"below the screen floor, peak too small to read a trend"
MPH,2015,2019,15818,7.0,0.0015,-0.1315,nan,0.000528,not_assessed,"below the screen floor, peak too small to read a trend"
MPL,2015,2019,17089,6.9,0.1523,0.1501,0.985,0.000475,not_assessed,"below the screen floor, peak too small to read a trend"
MPM,2015,2018,15586,6.8,-0.0022,0.2068,nan,0.000519,not_assessed,"below the screen floor, peak too small to read a trend"
MQF,2015,2019,2599,2.4,0.735,1.3619,1.853,0.001136,not_assessed,"below the screen floor, peak too small to read a trend"
MQL,2015,2019,6030,4.0,-0.1608,0.0843,-0.525,0.000906,not_assessed,"below the screen floor, peak too small to read a trend"
MQM,2015,2019,3420,3.5,-0.1213,-0.0162,0.133,0.001075,not_assessed,"below the screen floor, peak too small to read a trend"
MQN,2015,2019,4454,3.1,-0.2923,-0.2353,0.805,0.000687,not_assessed,"below the screen floor, peak too small to read a trend"
MQP,2015,2018,10586,6.1,0.3204,0.7921,2.472,0.000562,not_assessed,"below the screen floor, peak too small to read a trend"
MQT,2015,2019,2824,2.0,0.4497,-0.0937,-0.208,0.000853,not_assessed,"below the screen floor, peak too small to read a trend"
MQX,2015,2018,6658,3.0,0.3577,-0.0198,-0.055,0.000689,not_assessed,"below the screen floor, peak too small to read a trend"
MRA,2015,2018,1105,2.0,0.213,0.6971,3.273,0.001898,not_assessed,"below the screen floor, peak too small to read a trend"
MRE,2015,2018,18047,12.0,1.9373,0.6412,0.331,0.000917,not_assessed,"below the screen floor, peak too small to read a trend"
MRS,2015,2019,87336,27.3,0.1157,0.0939,0.811,0.000341,headroom,peak growing broadly in step with annual traffic
MRU,2015,2018,22011,9.2,0.1458,1.0254,7.033,0.000467,headroom,peak growing broadly in step with annual traffic
MRV,2015,2019,20404,8.5,0.2969,0.2917,0.982,0.000487,headroom,peak growing broadly in step with annual traffic
MRX,2015,2017,1276,1.0,0.7796,-0.0064,-0.008,0.001071,not_assessed,"below the screen floor, peak too small to read a trend"
MRY,2015,2019,9690,4.1,0.1678,0.3953,2.356,0.000586,not_assessed,"below the screen floor, peak too small to read a trend"
MRZ,2015,2019,1288,2.1,-0.0747,0.033,-0.442,0.001831,not_assessed,"below the screen floor, peak too small to read a trend"
MSA,2015,2019,1204,2.0,0.4901,0.0,0.0,0.001661,not_assessed,"below the screen floor, peak too small to read a trend"
MSJ,2015,2019,3710,3.0,0.0433,0.5,11.545,0.000725,not_assessed,"below the screen floor, peak too small to read a trend"
MSL,2016,2019,2672,2.0,0.2688,0.0,0.0,0.000749,not_assessed,"below the screen floor, peak too small to read a trend"
MSN,2015,2019,32698,9.8,0.2811,0.1372,0.488,0.000409,headroom,peak growing broadly in step with annual traffic
MSO,2015,2019,11772,7.0,0.2006,0.3284,1.637,0.000502,not_assessed,"below the screen floor, peak too small to read a trend"
MSP,2015,2019,370734,86.7,0.0118,-0.2283,nan,0.000254,headroom,"traffic broadly flat, nothing to read into the peak"
MSQ,2015,2019,47706,14.7,0.5177,0.5254,1.015,0.000316,headroom,peak growing broadly in step with annual traffic
MSR,2015,2019,2344,2.8,0.0616,0.1768,2.87,0.001165,not_assessed,"below the screen floor, peak too small to read a trend"
MSS,2015,2019,2190,2.0,0.0,1.0,nan,0.000913,not_assessed,"below the screen floor, peak too small to read a trend"
MSU,2015,2018,2136,2.7,-0.0887,0.4799,-5.408,0.001697,not_assessed,"below the screen floor, peak too small to read a trend"
MSY,2015,2019,119123,32.9,0.1603,0.233,1.454,0.000278,headroom,peak growing broadly in step with annual traffic
MTJ,2015,2019,5932,3.9,0.5293,-0.1087,-0.205,0.001196,not_assessed,"below the screen floor, peak too small to read a trend"
MTR,2015,2019,11875,8.7,0.9995,0.8947,0.895,0.000694,not_assessed,"below the screen floor, peak too small to read a trend"
MTT,2015,2019,2134,2.6,-0.4419,-0.1598,0.362,0.001113,not_assessed,"below the screen floor, peak too small to read a trend"
MTY,2015,2019,99381,26.9,-0.0017,-0.1022,nan,0.000272,headroom,"traffic broadly flat, nothing to read into the peak"
MUA,2015,2019,1872,1.0,0.0552,-0.5229,-9.466,0.002508,not_assessed,"below the screen floor, peak too small to read a trend"
MUB,2015,2018,3317,5.9,0.2253,0.9984,4.431,0.00193,not_assessed,"below the screen floor, peak too small to read a trend"
MUC,2015,2019,394544,94.3,0.1091,0.0371,0.34,0.000235,tightening,"growth going into the shoulder hours, not the peak"
MUE,2015,2019,1533,1.6,-0.1944,-0.1816,0.934,0.001068,not_assessed,"below the screen floor, peak too small to read a trend"
MUN,2015,2016,2648,3.0,-0.2062,0.0,-0.0,0.001164,not_assessed,"below the screen floor, peak too small to read a trend"
MUR,2015,2019,4088,4.0,-0.0952,-0.2,2.101,0.000978,not_assessed,"below the screen floor, peak too small to read a trend"
MUX,2015,2019,7877,3.3,0.2951,0.581,1.968,0.000565,not_assessed,"below the screen floor, peak too small to read a trend"
MUZ,2017,2018,13685,23.0,4.3793,6.8517,1.565,0.001664,not_assessed,"below the screen floor, peak too small to read a trend"
MVB,2015,2017,962,2.0,0.1661,-0.0032,-0.019,0.002123,not_assessed,"below the screen floor, peak too small to read a trend"
MVD,2015,2019,17056,4.6,0.0044,-0.2393,nan,0.000384,not_assessed,"below the screen floor, peak too small to read a trend"
MVR,2016,2016,661,2.3,nan,nan,nan,0.004367,too_short,"one observed year, no trend to read"
MVY,2015,2019,8842,7.0,-0.0858,-0.1619,1.886,0.001446,not_assessed,"below the screen floor, peak too small to read a trend"
MWA,2015,2019,3756,2.0,-0.0,-0.01,nan,0.000532,not_assessed,"below the screen floor, peak too small to read a trend"
MWX,2015,2019,6356,4.1,4.2356,1.1298,0.267,0.000657,not_assessed,"below the screen floor, peak too small to read a trend"
MWZ,2015,2018,12109,7.0,0.3091,0.3795,1.228,0.000538,not_assessed,"below the screen floor, peak too small to read a trend"
MXL,2015,2019,8524,4.2,0.4646,0.4552,0.98,0.00061,not_assessed,"below the screen floor, peak too small to read a trend"
MXP,2015,2019,208230,64.2,0.4851,0.5506,1.135,0.000285,headroom,peak growing broadly in step with annual traffic
MXZ,2015,2019,7394,5.5,0.786,0.7586,0.965,0.000866,not_assessed,"below the screen floor, peak too small to read a trend"
MYA,2015,2019,2336,2.0,-0.0652,0.0,-0.0,0.000856,not_assessed,"below the screen floor, peak too small to read a trend"
MYD,2015,2018,14480,16.0,2.2106,4.2284,1.913,0.000913,not_assessed,"below the screen floor, peak too small to read a trend"
MYJ,2015,2019,28090,10.2,-0.0016,0.2608,nan,0.000381,headroom,"traffic broadly flat, nothing to read into the peak"
MYP,2016,2019,2300,1.8,-0.163,-0.0779,0.478,0.000853,not_assessed,"below the screen floor, peak too small to read a trend"
MYQ,2018,2019,872,2.0,0.2282,0.005,0.022,0.002834,not_assessed,"below the screen floor, peak too small to read a trend"
MYR,2015,2019,24427,12.5,0.2403,0.1688,0.703,0.000512,headroom,peak growing broadly in step with annual traffic
MYT,2015,2019,4159,5.4,-0.1886,0.0565,-0.3,0.001362,not_assessed,"below the screen floor, peak too small to read a trend"
MYU,2015,2019,359,1.0,-0.5194,-0.0544,0.105,0.002786,not_assessed,"below the screen floor, peak too small to read a trend"
MYW,2015,2018,737,2.0,-0.3668,-0.2939,0.801,0.003184,not_assessed,"below the screen floor, peak too small to read a trend"
MYY,2015,2019,34867,9.8,-0.0168,-0.0189,nan,0.000416,headroom,"traffic broadly flat, nothing to read into the peak"
MZG,2015,2019,39878,17.5,1.4072,1.5913,1.131,0.000516,headroom,peak growing broadly in step with annual traffic
MZH,2015,2019,1096,2.0,-0.0045,-0.0526,nan,0.001947,not_assessed,"below the screen floor, peak too small to read a trend"
MZL,2015,2019,6438,4.0,0.352,0.8367,2.377,0.000619,not_assessed,"below the screen floor, peak too small to read a trend"
MZO,2015,2018,536,1.5,-0.0743,0.5,-6.733,0.0032,not_assessed,"below the screen floor, peak too small to read a trend"
MZR,2015,2019,2388,2.2,1.0084,0.2097,0.208,0.001198,not_assessed,"below the screen floor, peak too small to read a trend"
MZT,2015,2019,10022,8.2,0.2397,0.3959,1.651,0.000883,not_assessed,"below the screen floor, peak too small to read a trend"
MZV,2015,2019,2926,4.0,0.1695,0.3333,1.967,0.001367,not_assessed,"below the screen floor, peak too small to read a trend"
NAG,2015,2019,22776,10.4,0.7255,0.0444,0.061,0.000422,tightening,"growth going into the shoulder hours, not the peak"
NAH,2017,2019,730,1.0,0.0,-0.5,nan,0.00137,not_assessed,"below the screen floor, peak too small to read a trend"
NAL,2015,2019,1017,1.6,0.0452,0.6268,13.86,0.001847,not_assessed,"below the screen floor, peak too small to read a trend"
NAM,2019,2019,730,2.0,nan,nan,nan,0.00274,too_short,"one observed year, no trend to read"
NAN,2015,2019,23898,9.5,0.2629,0.114,0.434,0.000426,headroom,peak growing broadly in step with annual traffic
NAO,2015,2019,8819,5.9,0.8312,0.4449,0.535,0.000679,not_assessed,"below the screen floor, peak too small to read a trend"
NAP,2015,2019,74130,24.6,0.5385,0.2398,0.445,0.000337,headroom,peak growing broadly in step with annual traffic
NAS,2015,2019,76127,22.8,0.1828,0.2802,1.533,0.000428,headroom,peak growing broadly in step with annual traffic
NAT,2015,2019,15670,5.9,-0.1904,-0.2897,1.521,0.000451,not_assessed,"below the screen floor, peak too small to read a trend"
NAV,2015,2019,3062,3.2,0.0767,0.0151,0.197,0.001039,not_assessed,"below the screen floor, peak too small to read a trend"
NAW,2015,2019,1596,2.1,0.2809,0.0372,0.133,0.001361,not_assessed,"below the screen floor, peak too small to read a trend"
NAY,2015,2018,46079,10.2,0.0484,0.0255,0.527,0.000221,headroom,peak growing broadly in step with annual traffic
NBC,2015,2019,6165,3.5,0.6383,0.5071,0.794,0.000749,not_assessed,"below the screen floor, peak too small to read a trend"
NBO,2015,2018,91485,23.5,0.1081,-0.1277,-1.181,0.000239,tightening,"growth going into the shoulder hours, not the peak"
NBS,2015,2019,5932,6.5,0.3381,0.8326,2.462,0.001073,not_assessed,"below the screen floor, peak too small to read a trend"
NBX,2015,2019,5128,4.5,1.2238,1.3608,1.112,0.000881,not_assessed,"below the screen floor, peak too small to read a trend"
NCE,2015,2019,141950,48.6,0.0596,0.0714,1.197,0.000354,headroom,peak growing broadly in step with annual traffic
NCL,2015,2019,36458,12.9,-0.0331,0.2573,-7.761,0.000434,headroom,"traffic broadly flat, nothing to read into the peak"
NCU,2015,2019,1455,2.0,-0.2927,-0.0246,0.084,0.00131,not_assessed,"below the screen floor, peak too small to read a trend"
NDB,2015,2018,1872,2.0,0.0054,0.3333,nan,0.001407,not_assessed,"below the screen floor, peak too small to read a trend"
NDC,2018,2019,2158,3.0,0.3047,0.5,1.641,0.002032,not_assessed,"below the screen floor, peak too small to read a trend"
NDG,2015,2019,3584,3.0,0.0769,-0.1975,-2.567,0.000851,not_assessed,"below the screen floor, peak too small to read a trend"
NDJ,2015,2018,3568,2.0,-0.0078,-0.2248,nan,0.000768,not_assessed,"below the screen floor, peak too small to read a trend"
NDR,2015,2018,5280,4.8,0.1382,0.5349,3.871,0.00097,not_assessed,"below the screen floor, peak too small to read a trend"
NDY,2015,2019,1250,2.1,0.0064,0.0421,nan,0.001667,not_assessed,"below the screen floor, peak too small to read a trend"
NEI,2018,2019,1324,2.0,0.028,0.0,0.0,0.001596,not_assessed,"below the screen floor, peak too small to read a trend"
NER,2016,2019,2045,2.0,0.1672,-0.3333,-1.993,0.001778,not_assessed,"below the screen floor, peak too small to read a trend"
NEU,2017,2019,730,1.0,0.0673,0.0,0.0,0.00137,not_assessed,"below the screen floor, peak too small to read a trend"
NEV,2015,2019,2792,7.0,-0.3177,0.3768,-1.186,0.002048,not_assessed,"below the screen floor, peak too small to read a trend"
NGB,2015,2019,86616,20.1,0.65,0.2272,0.35,0.000234,tightening,"growth going into the shoulder hours, not the peak"
NGD,2015,2019,4206,4.0,0.7717,0.3333,0.432,0.00097,not_assessed,"below the screen floor, peak too small to read a trend"
NGL,2017,2018,863,1.8,0.555,0.03,0.054,0.00232,not_assessed,"below the screen floor, peak too small to read a trend"
NGO,2015,2019,109423,30.4,0.2078,0.0727,0.35,0.000274,tightening,"growth going into the shoulder hours, not the peak"
NGQ,2015,2019,1068,3.0,0.3588,0.5,1.394,0.003061,not_assessed,"below the screen floor, peak too small to read a trend"
NGS,2015,2019,32205,12.3,0.1249,0.676,5.412,0.000411,headroom,peak growing broadly in step with annual traffic
NHV,2015,2019,1861,2.0,0.0197,-0.3333,nan,0.00183,not_assessed,"below the screen floor, peak too small to read a trend"
NIM,2015,2018,4877,3.1,0.0565,0.1652,2.922,0.00065,not_assessed,"below the screen floor, peak too small to read a trend"
NJC,2015,2019,8293,6.2,0.458,0.5376,1.174,0.000793,not_assessed,"below the screen floor, peak too small to read a trend"
NJF,2015,2019,15831,6.5,0.2194,0.1715,0.782,0.000455,not_assessed,"below the screen floor, peak too small to read a trend"
NKC,2015,2018,4581,3.0,-0.0305,0.3268,-10.722,0.000776,not_assessed,"below the screen floor, peak too small to read a trend"
NKG,2015,2019,222949,42.8,0.5066,0.292,0.576,0.000201,headroom,peak growing broadly in step with annual traffic
NKM,2015,2019,17210,7.0,0.2516,0.0,0.0,0.000407,not_assessed,"below the screen floor, peak too small to read a trend"
NKT,2015,2019,2268,3.1,0.2154,0.5221,2.423,0.001389,not_assessed,"below the screen floor, peak too small to read a trend"
NLA,2015,2018,5736,4.0,-0.025,-0.2704,10.821,0.001047,not_assessed,"below the screen floor, peak too small to read a trend"
NLD,2015,2019,788,2.0,-0.4111,-0.0714,0.174,0.002651,not_assessed,"below the screen floor, peak too small to read a trend"
NLH,2018,2019,2480,3.5,0.441,-0.0536,-0.121,0.001452,not_assessed,"below the screen floor, peak too small to read a trend"
NLI,2019,2019,730,2.0,nan,nan,nan,0.002869,too_short,"one observed year, no trend to read"
NLT,2015,2019,2137,2.6,0.6656,0.3011,0.452,0.001318,not_assessed,"below the screen floor, peak too small to read a trend"
NMA,2016,2019,1711,2.0,0.7424,0.0,0.0,0.001206,not_assessed,"below the screen floor, peak too small to read a trend"
NME,2015,2019,2277,2.0,-0.5115,-0.5,0.978,0.001167,not_assessed,"below the screen floor, peak too small to read a trend"
NNG,2015,2019,113870,27.9,0.44,0.2137,0.486,0.000242,headroom,peak growing broadly in step with annual traffic
NNM,2015,2019,2212,2.0,-0.4874,-0.3813,0.782,0.001337,not_assessed,"below the screen floor, peak too small to read a trend"
NNT,2015,2019,3016,2.0,-0.3807,0.0211,-0.055,0.000789,not_assessed,"below the screen floor, peak too small to read a trend"
NNX,2015,2015,734,2.0,nan,nan,nan,0.002725,too_short,"one observed year, no trend to read"
NNY,2015,2019,12829,5.1,0.9379,0.3862,0.412,0.00047,not_assessed,"below the screen floor, peak too small to read a trend"
NOB,2015,2019,1756,4.0,0.092,0.3333,3.622,0.002278,not_assessed,"below the screen floor, peak too small to read a trend"
NOC,2015,2019,6302,5.0,0.2254,-0.2821,-1.252,0.000934,not_assessed,"below the screen floor, peak too small to read a trend"
NOJ,2015,2019,3421,3.9,0.3275,0.95,2.901,0.00101,not_assessed,"below the screen floor, peak too small to read a trend"
NOP,2015,2019,1046,2.0,0.4329,0.8083,1.867,0.002175,not_assessed,"below the screen floor, peak too small to read a trend"
NOS,2015,2018,2425,1.2,0.8003,-0.2484,-0.31,0.00149,not_assessed,"below the screen floor, peak too small to read a trend"
NOU,2015,2019,3945,4.2,0.0755,1.0106,13.383,0.000802,not_assessed,"below the screen floor, peak too small to read a trend"
NOV,2015,2018,732,2.0,-0.0174,-0.0053,nan,0.002758,not_assessed,"below the screen floor, peak too small to read a trend"
NOZ,2015,2019,1875,2.7,0.0959,-0.1467,-1.53,0.001507,not_assessed,"below the screen floor, peak too small to read a trend"
NPE,2015,2019,15310,7.1,0.3728,0.7779,2.086,0.000429,not_assessed,"below the screen floor, peak too small to read a trend"
NPL,2015,2019,9954,6.0,0.1095,0.4987,4.556,0.000582,not_assessed,"below the screen floor, peak too small to read a trend"
NQN,2015,2019,9185,6.0,0.2608,0.7775,2.981,0.000585,not_assessed,"below the screen floor, peak too small to read a trend"
NQY,2015,2019,7980,4.0,0.3327,0.3613,1.086,0.000921,not_assessed,"below the screen floor, peak too small to read a trend"
NRA,2015,2019,2524,2.0,0.0713,-0.0172,-0.241,0.000792,not_assessed,"below the screen floor, peak too small to read a trend"
NRE,2017,2019,728,2.0,0.1519,0.0,0.0,0.002747,not_assessed,"below the screen floor, peak too small to read a trend"
NRK,2018,2018,1052,2.0,nan,nan,nan,0.001881,too_short,"one observed year, no trend to read"
NRL,2015,2019,1919,2.0,0.0463,0.0152,0.327,0.001058,not_assessed,"below the screen floor, peak too small to read a trend"
NRN,2015,2019,7460,5.0,-0.3618,-0.2857,0.79,0.00067,not_assessed,"below the screen floor, peak too small to read a trend"
NRR,2016,2017,3084,3.0,-0.5875,-0.25,0.426,0.000973,not_assessed,"below the screen floor, peak too small to read a trend"
NRT,2015,2019,236924,66.1,0.1623,0.0544,0.335,0.000281,tightening,"growth going into the shoulder hours, not the peak"
NSH,2017,2019,1117,4.0,0.5386,2.1942,4.074,0.004079,not_assessed,"below the screen floor, peak too small to read a trend"
NSI,2015,2018,6747,4.0,0.3672,0.5888,1.604,0.000647,not_assessed,"below the screen floor, peak too small to read a trend"
NSK,2015,2019,4764,4.8,-0.0198,-0.02,nan,0.00101,not_assessed,"below the screen floor, peak too small to read a trend"
NSN,2015,2019,24581,10.9,0.2754,0.3541,1.286,0.000353,headroom,peak growing broadly in step with annual traffic
NST,2015,2019,8702,3.9,0.1584,-0.0167,-0.105,0.000459,not_assessed,"below the screen floor, peak too small to read a trend"
NTE,2015,2019,60370,20.2,0.3705,0.2582,0.697,0.000341,headroom,peak growing broadly in step with annual traffic
NTG,2015,2019,28652,10.0,1.6758,0.4194,0.25,0.000363,tightening,"growth going into the shoulder hours, not the peak"
NTL,2015,2019,14821,4.4,0.1446,-0.3637,-2.516,0.000472,not_assessed,"below the screen floor, peak too small to read a trend"
NTQ,2015,2019,1460,1.1,0.0,0.0788,nan,0.000822,not_assessed,"below the screen floor, peak too small to read a trend"
NUE,2015,2019,35724,11.0,-0.0068,-0.3258,nan,0.000328,headroom,"traffic broadly flat, nothing to read into the peak"
NUF,2018,2019,730,2.0,-0.4577,0.0,-0.0,0.002841,not_assessed,"below the screen floor, peak too small to read a trend"
NUI,2015,2019,2152,2.0,0.0426,-0.0153,-0.359,0.001353,not_assessed,"below the screen floor, peak too small to read a trend"
NUL,2015,2019,2674,2.3,0.5133,-0.2285,-0.445,0.001291,not_assessed,"below the screen floor, peak too small to read a trend"
NUP,2015,2016,2824,2.0,0.0028,0.0,nan,0.000708,not_assessed,"below the screen floor, peak too small to read a trend"
NUS,2015,2019,2409,3.8,0.4689,0.7045,1.503,0.001711,not_assessed,"below the screen floor, peak too small to read a trend"
NUX,2015,2019,8978,4.6,0.217,0.3383,1.559,0.000628,not_assessed,"below the screen floor, peak too small to read a trend"
NVA,2015,2019,5907,3.3,0.0051,0.0885,nan,0.000868,not_assessed,"below the screen floor, peak too small to read a trend"
NVI,2015,2015,814,1.0,nan,nan,nan,0.002269,too_short,"one observed year, no trend to read"
NVK,2015,2016,1895,2.1,0.0101,-0.1098,nan,0.001105,not_assessed,"below the screen floor, peak too small to read a trend"
NVT,2015,2019,15615,6.1,0.0216,0.0137,0.635,0.000467,not_assessed,"below the screen floor, peak too small to read a trend"
NWA,2015,2018,2394,1.9,-0.1263,0.155,-1.228,0.001661,not_assessed,"below the screen floor, peak too small to read a trend"
NWI,2015,2019,7739,6.0,-0.1313,0.5047,-3.843,0.000757,not_assessed,"below the screen floor, peak too small to read a trend"
NYK,2015,2018,9128,13.0,3.0569,5.5,1.799,0.001483,not_assessed,"below the screen floor, peak too small to read a trend"
NYM,2015,2019,2714,2.0,0.0548,-0.3268,-5.963,0.001213,not_assessed,"below the screen floor, peak too small to read a trend"
NYO,2015,2019,14108,7.0,0.2221,0.1674,0.754,0.000489,not_assessed,"below the screen floor, peak too small to read a trend"
NYT,2015,2019,4217,5.3,-0.1043,0.0914,-0.876,0.000921,not_assessed,"below the screen floor, peak too small to read a trend"
NYU,2015,2019,11333,17.2,0.1371,0.2727,1.99,0.001535,not_assessed,"below the screen floor, peak too small to read a trend"
NZH,2015,2019,4531,4.3,0.0824,-0.068,-0.825,0.001123,not_assessed,"below the screen floor, peak too small to read a trend"
NZL,2018,2019,1992,2.0,-0.0595,0.274,-4.605,0.001653,not_assessed,"below the screen floor, peak too small to read a trend"
OAG,2015,2019,3982,4.0,0.6606,0.9847,1.491,0.001,not_assessed,"below the screen floor, peak too small to read a trend"
OAJ,2015,2019,6882,4.1,-0.0095,-0.0773,nan,0.00057,not_assessed,"below the screen floor, peak too small to read a trend"
OAK,2015,2019,114023,28.6,0.1321,0.0596,0.451,0.000243,headroom,peak growing broadly in step with annual traffic
OAX,2015,2019,14495,6.0,0.8463,0.3049,0.36,0.000587,not_assessed,"below the screen floor, peak too small to read a trend"
OBO,2015,2019,5161,3.5,0.0068,0.1575,nan,0.000592,not_assessed,"below the screen floor, peak too small to read a trend"
OBU,2015,2019,1659,3.0,-0.0247,-0.0046,0.188,0.001815,not_assessed,"below the screen floor, peak too small to read a trend"
OCC,2015,2019,1890,1.1,-0.2953,-0.8147,2.759,0.001077,not_assessed,"below the screen floor, peak too small to read a trend"
ODS,2015,2019,13496,6.4,0.4694,0.6576,1.401,0.000517,not_assessed,"below the screen floor, peak too small to read a trend"
ODY,2015,2019,1379,3.0,1.1785,0.5832,0.495,0.00214,not_assessed,"below the screen floor, peak too small to read a trend"
OER,2018,2019,1970,2.1,-0.2275,0.0644,-0.283,0.001065,not_assessed,"below the screen floor, peak too small to read a trend"
OGG,2015,2019,80009,20.9,0.0244,-0.1202,-4.935,0.000375,tightening,"growth going into the shoulder hours, not the peak"
OGL,2015,2019,3646,2.0,1.642,-0.0141,-0.009,0.000716,not_assessed,"below the screen floor, peak too small to read a trend"
OGN,2015,2019,2829,2.1,0.0847,-0.0704,-0.831,0.000972,not_assessed,"below the screen floor, peak too small to read a trend"
OGS,2015,2019,1791,2.0,-0.1822,0.8367,-4.593,0.001873,not_assessed,"below the screen floor, peak too small to read a trend"
OGU,2016,2019,6607,5.0,0.215,0.5158,2.399,0.00076,not_assessed,"below the screen floor, peak too small to read a trend"
OGX,2015,2018,2163,1.0,0.2145,-0.6202,-2.892,0.001389,not_assessed,"below the screen floor, peak too small to read a trend"
OGZ,2015,2019,3829,3.0,0.401,0.0,0.0,0.000805,not_assessed,"below the screen floor, peak too small to read a trend"
OHD,2019,2019,1649,3.0,nan,nan,nan,0.001865,too_short,"one observed year, no trend to read"
OHE,2015,2019,1434,1.0,-0.2646,-0.6611,2.498,0.001094,not_assessed,"below the screen floor, peak too small to read a trend"
OHH,2015,2019,786,1.8,-0.4866,-0.2209,0.454,0.003623,not_assessed,"below the screen floor, peak too small to read a trend"
OHS,2018,2019,2154,2.2,-0.0297,0.1227,-4.127,0.001163,not_assessed,"below the screen floor, peak too small to read a trend"
OIR,2016,2019,730,2.0,0.0069,0.0,nan,0.00274,not_assessed,"below the screen floor, peak too small to read a trend"
OIT,2015,2019,19242,6.1,-0.0034,0.0269,nan,0.000353,not_assessed,"below the screen floor, peak too small to read a trend"
OKA,2015,2019,135006,39.3,0.1038,0.1566,1.508,0.000318,headroom,peak growing broadly in step with annual traffic
OKC,2015,2019,51933,14.8,0.1036,0.149,1.439,0.000297,headroom,peak growing broadly in step with annual traffic
OKD,2016,2019,8960,4.0,0.1442,-0.1626,-1.128,0.000563,not_assessed,"below the screen floor, peak too small to read a trend"
OKE,2015,2019,3500,3.0,0.0355,0.0141,0.396,0.000798,not_assessed,"below the screen floor, peak too small to read a trend"
OKI,2015,2019,1436,1.1,0.9834,0.0887,0.09,0.001856,not_assessed,"below the screen floor, peak too small to read a trend"
OKJ,2015,2019,11208,5.0,-0.0203,0.4417,-21.783,0.000458,not_assessed,"below the screen floor, peak too small to read a trend"
OKL,2015,2019,1690,2.0,-0.5099,-0.33,0.647,0.001189,not_assessed,"below the screen floor, peak too small to read a trend"
OLB,2015,2019,21087,13.5,0.2322,0.1211,0.522,0.000651,headroom,peak growing broadly in step with annual traffic
OLF,2015,2019,1460,1.0,0.0,0.0,nan,0.000685,not_assessed,"below the screen floor, peak too small to read a trend"
OLH,2015,2019,1354,2.0,-0.3691,-0.5,1.355,0.001477,not_assessed,"below the screen floor, peak too small to read a trend"
OLP,2015,2019,2087,4.0,0.0904,0.3333,3.688,0.001964,not_assessed,"below the screen floor, peak too small to read a trend"
OLX,2017,2018,15221,11.0,0.3476,0.1373,0.395,0.001017,not_assessed,"below the screen floor, peak too small to read a trend"
OMA,2015,2019,55439,17.6,0.169,0.2493,1.475,0.000315,headroom,peak growing broadly in step with annual traffic
OMC,2017,2017,624,2.1,nan,nan,nan,0.003438,too_short,"one observed year, no trend to read"
OMD,2016,2018,1446,2.0,4.1277,0.9024,0.219,0.001091,not_assessed,"below the screen floor, peak too small to read a trend"
OME,2015,2019,17458,7.9,0.0661,0.0087,0.131,0.000881,not_assessed,"below the screen floor, peak too small to read a trend"
OMH,2015,2018,4562,4.4,0.9487,1.1886,1.253,0.001014,not_assessed,"below the screen floor, peak too small to read a trend"
OMR,2016,2018,2485,3.0,1.064,0.5,0.47,0.001564,not_assessed,"below the screen floor, peak too small to read a trend"
OMS,2015,2019,10457,6.2,0.4356,0.4873,1.119,0.000752,not_assessed,"below the screen floor, peak too small to read a trend"
OND,2015,2018,2556,3.2,0.6576,0.6985,1.062,0.001351,not_assessed,"below the screen floor, peak too small to read a trend"
ONJ,2015,2019,1460,2.5,0.0,0.0903,nan,0.001693,not_assessed,"below the screen floor, peak too small to read a trend"
ONS,2016,2017,730,2.0,0.0673,0.0,0.0,0.00274,not_assessed,"below the screen floor, peak too small to read a trend"
ONT,2015,2019,47826,12.3,0.1367,-0.0879,-0.643,0.000284,tightening,"growth going into the shoulder hours, not the peak"
OOK,2015,2019,1045,1.0,-0.7633,-0.8571,1.123,0.001363,not_assessed,"below the screen floor, peak too small to read a trend"
OOL,2015,2019,40987,18.4,0.0259,0.3988,15.378,0.000442,headroom,peak growing broadly in step with annual traffic
OPO,2015,2019,90751,23.0,0.429,0.319,0.744,0.000257,headroom,peak growing broadly in step with annual traffic
OPS,2015,2019,1812,2.7,-0.5137,-0.0937,0.182,0.00178,not_assessed,"below the screen floor, peak too small to read a trend"
ORD,2015,2019,900653,229.7,0.0572,0.1105,1.934,0.000255,headroom,peak growing broadly in step with annual traffic
ORF,2015,2019,54203,16.6,0.2102,0.0974,0.463,0.000285,headroom,peak growing broadly in step with annual traffic
ORG,2018,2019,1456,1.1,0.1629,0.0769,0.472,0.00074,not_assessed,"below the screen floor, peak too small to read a trend"
ORH,2015,2019,3476,4.7,1.3808,1.348,0.976,0.001165,not_assessed,"below the screen floor, peak too small to read a trend"
ORI,2015,2019,1354,2.0,-0.2649,0.0,-0.0,0.001477,not_assessed,"below the screen floor, peak too small to read a trend"
ORK,2015,2019,21243,9.4,0.2151,0.3629,1.687,0.000437,headroom,peak growing broadly in step with annual traffic
ORN,2015,2018,18708,7.7,0.0554,0.1425,2.572,0.000449,not_assessed,"below the screen floor, peak too small to read a trend"
ORU,2017,2019,756,1.7,-0.485,-0.4444,0.916,0.003725,not_assessed,"below the screen floor, peak too small to read a trend"
ORV,2015,2019,2024,2.0,0.007,-0.3364,nan,0.001008,not_assessed,"below the screen floor, peak too small to read a trend"
ORY,2015,2019,220880,53.5,-0.0457,-0.0515,1.127,0.000238,headroom,"traffic broadly flat, nothing to read into the peak"
ORZ,2015,2019,1135,1.1,-0.2226,-0.4417,1.984,0.000991,not_assessed,"below the screen floor, peak too small to read a trend"
OSD,2015,2019,6770,3.0,-0.1391,-0.3328,2.392,0.000718,not_assessed,"below the screen floor, peak too small to read a trend"
OSL,2015,2019,234206,76.5,0.0676,0.1436,2.125,0.000312,headroom,peak growing broadly in step with annual traffic
OSR,2015,2018,3038,3.0,0.1298,0.0227,0.175,0.00131,not_assessed,"below the screen floor, peak too small to read a trend"
OSS,2015,2019,9514,4.0,-0.1868,-0.1905,1.02,0.00044,not_assessed,"below the screen floor, peak too small to read a trend"
OST,2015,2019,2868,3.0,0.6268,0.5,0.798,0.001137,not_assessed,"below the screen floor, peak too small to read a trend"
OSW,2016,2019,771,1.6,-0.391,-0.2167,0.554,0.002121,not_assessed,"below the screen floor, peak too small to read a trend"
OSY,2015,2019,2664,3.4,-0.1283,0.4529,-3.531,0.001269,not_assessed,"below the screen floor, peak too small to read a trend"
OTD,2015,2018,780,1.0,-0.0647,0.0,-0.0,0.001282,not_assessed,"below the screen floor, peak too small to read a trend"
OTH,2015,2019,766,2.3,-0.7126,0.124,-0.174,0.00287,not_assessed,"below the screen floor, peak too small to read a trend"
OTI,2016,2019,730,1.0,-0.1268,-0.5,3.943,0.00137,not_assessed,"below the screen floor, peak too small to read a trend"
OTP,2015,2019,111516,28.2,0.299,0.2402,0.803,0.000262,headroom,peak growing broadly in step with annual traffic
OTR,2019,2019,726,2.0,nan,nan,nan,0.002769,too_short,"one observed year, no trend to read"
OTZ,2015,2019,18592,4.0,0.0852,-0.1899,-2.228,0.00078,not_assessed,"below the screen floor, peak too small to read a trend"
OUA,2015,2018,6815,4.9,-0.0303,1.1311,-37.32,0.000782,not_assessed,"below the screen floor, peak too small to read a trend"
OUD,2015,2018,5018,4.7,0.235,0.5544,2.359,0.001082,not_assessed,"below the screen floor, peak too small to read a trend"
OUL,2015,2019,8552,5.0,-0.0103,-0.0069,nan,0.000601,not_assessed,"below the screen floor, peak too small to read a trend"
OVB,2015,2019,56462,19.3,0.7198,1.2215,1.697,0.000338,headroom,peak growing broadly in step with annual traffic
OVD,2015,2019,11649,5.4,0.2632,0.0699,0.266,0.000515,not_assessed,"below the screen floor, peak too small to read a trend"
OVS,2016,2016,1597,2.0,nan,nan,nan,0.001868,too_short,"one observed year, no trend to read"
OWB,2015,2019,2392,1.2,0.1251,-0.375,-2.997,0.003709,not_assessed,"below the screen floor, peak too small to read a trend"
OXB,2015,2018,1500,1.0,-0.1812,0.0,-0.0,0.001341,not_assessed,"below the screen floor, peak too small to read a trend"
OZC,2015,2019,3427,3.0,0.4991,0.0,0.0,0.001228,not_assessed,"below the screen floor, peak too small to read a trend"
OZH,2015,2019,3792,2.0,1.4168,-0.0164,-0.012,0.001023,not_assessed,"below the screen floor, peak too small to read a trend"
OZZ,2015,2018,1132,1.1,0.1563,-0.1746,-1.117,0.001889,not_assessed,"below the screen floor, peak too small to read a trend"
PAC,2015,2019,8659,5.0,0.0395,0.0,0.0,0.000687,not_assessed,"below the screen floor, peak too small to read a trend"
PAD,2015,2019,6474,3.0,0.1012,0.0091,0.09,0.000575,not_assessed,"below the screen floor, peak too small to read a trend"
PAF,2017,2017,537,2.1,nan,nan,nan,0.003957,too_short,"one observed year, no trend to read"
PAG,2015,2019,1434,2.0,-0.1148,0.7228,-6.295,0.001718,not_assessed,"below the screen floor, peak too small to read a trend"
PAH,2015,2019,2263,2.2,0.5521,0.0556,0.101,0.000969,not_assessed,"below the screen floor, peak too small to read a trend"
PAP,2015,2019,13995,6.0,-0.0783,-0.0891,1.138,0.000557,not_assessed,"below the screen floor, peak too small to read a trend"
PAS,2015,2019,3910,4.0,0.6695,1.0,1.494,0.000991,not_assessed,"below the screen floor, peak too small to read a trend"
PAT,2015,2019,29476,10.0,1.1974,0.4263,0.356,0.000344,headroom,peak growing broadly in step with annual traffic
PAZ,2015,2019,722,2.0,-0.8179,-0.3389,0.414,0.003033,not_assessed,"below the screen floor, peak too small to read a trend"
PBC,2015,2019,7357,5.2,0.4269,0.6129,1.436,0.000761,not_assessed,"below the screen floor, peak too small to read a trend"
PBD,2015,2019,1044,2.0,0.4341,0.0,0.0,0.001315,not_assessed,"below the screen floor, peak too small to read a trend"
PBG,2015,2019,2722,2.2,-0.1331,0.035,-0.263,0.001285,not_assessed,"below the screen floor, peak too small to read a trend"
PBH,2015,2019,5724,4.8,0.9745,0.1875,0.192,0.001001,not_assessed,"below the screen floor, peak too small to read a trend"
PBI,2015,2019,56154,23.9,0.0514,0.1242,2.414,0.000418,headroom,peak growing broadly in step with annual traffic
PBM,2015,2019,4030,2.0,0.1695,-0.0206,-0.122,0.000775,not_assessed,"below the screen floor, peak too small to read a trend"
PBO,2015,2019,2354,2.1,-0.1781,-0.3162,1.776,0.00095,not_assessed,"below the screen floor, peak too small to read a trend"
PBU,2015,2017,1431,3.1,0.4498,0.037,0.082,0.002215,not_assessed,"below the screen floor, peak too small to read a trend"
PBZ,2015,2018,1611,2.5,0.5357,0.7782,1.453,0.002039,not_assessed,"below the screen floor, peak too small to read a trend"
PCL,2015,2019,7499,6.0,0.4977,1.6651,3.346,0.000728,not_assessed,"below the screen floor, peak too small to read a trend"
PCN,2016,2019,2933,2.0,-0.3061,0.0,-0.0,0.000682,not_assessed,"below the screen floor, peak too small to read a trend"
PCP,2015,2015,882,1.0,nan,nan,nan,0.001134,too_short,"one observed year, no trend to read"
PCQ,2017,2019,730,1.0,0.1551,-0.0039,-0.025,0.00137,not_assessed,"below the screen floor, peak too small to read a trend"
PCR,2017,2019,719,2.0,0.0155,0.0,nan,0.002788,not_assessed,"below the screen floor, peak too small to read a trend"
PDA,2017,2019,899,2.0,0.0478,0.0,0.0,0.002615,not_assessed,"below the screen floor, peak too small to read a trend"
PDG,2015,2019,26020,9.2,0.0527,-0.0662,-1.255,0.000399,tightening,"growth going into the shoulder hours, not the peak"
PDL,2015,2019,19603,9.5,0.5593,0.0589,0.105,0.000582,not_assessed,"below the screen floor, peak too small to read a trend"
PDP,2015,2019,2243,3.2,0.2637,0.3963,1.503,0.001746,not_assessed,"below the screen floor, peak too small to read a trend"
PDS,2015,2018,726,2.0,-0.0447,0.0152,-0.339,0.003047,not_assessed,"below the screen floor, peak too small to read a trend"
PDT,2015,2019,2365,2.0,0.031,0.0062,0.2,0.000851,not_assessed,"below the screen floor, peak too small to read a trend"
PDX,2015,2019,185747,44.1,0.1139,0.1792,1.574,0.000252,headroom,peak growing broadly in step with annual traffic
PEC,2015,2019,1096,2.9,-0.0436,0.3902,-8.942,0.003043,not_assessed,"below the screen floor, peak too small to read a trend"
PEE,2015,2019,13355,5.9,0.4719,0.1658,0.351,0.000576,not_assessed,"below the screen floor, peak too small to read a trend"
PEG,2015,2019,1533,2.0,-0.5385,-0.4647,0.863,0.001403,not_assessed,"below the screen floor, peak too small to read a trend"
PEI,2015,2019,19992,6.1,0.6285,0.3097,0.493,0.000403,not_assessed,"below the screen floor, peak too small to read a trend"
PEK,2015,2019,584804,89.1,0.022,-0.0599,-2.719,0.000174,tightening,"growth going into the shoulder hours, not the peak"
PEM,2015,2019,2687,3.0,-0.1034,-0.0624,0.603,0.001099,not_assessed,"below the screen floor, peak too small to read a trend"
PEN,2015,2019,74475,17.4,0.1878,-0.0304,-0.162,0.000263,tightening,"growth going into the shoulder hours, not the peak"
PER,2015,2019,96236,24.1,0.0436,-0.0608,-1.395,0.000236,tightening,"growth going into the shoulder hours, not the peak"
PES,2018,2018,740,1.9,nan,nan,nan,0.002873,too_short,"one observed year, no trend to read"
PET,2015,2018,612,2.0,-0.7073,-0.331,0.468,0.003279,not_assessed,"below the screen floor, peak too small to read a trend"
PEW,2015,2019,8295,4.3,-0.0702,-0.1724,2.457,0.000591,not_assessed,"below the screen floor, peak too small to read a trend"
PEZ,2015,2019,3048,3.7,0.4001,2.6774,6.692,0.001271,not_assessed,"below the screen floor, peak too small to read a trend"
PFB,2015,2019,1879,2.7,-0.4304,0.2261,-0.525,0.001283,not_assessed,"below the screen floor, peak too small to read a trend"
PFO,2015,2019,13738,8.0,0.3488,0.1143,0.328,0.000572,not_assessed,"below the screen floor, peak too small to read a trend"
PGA,2015,2019,2581,1.4,0.1796,-0.4688,-2.61,0.000794,not_assessed,"below the screen floor, peak too small to read a trend"
PGD,2015,2019,10704,6.8,0.8093,0.5882,0.727,0.000631,not_assessed,"below the screen floor, peak too small to read a trend"
PGF,2015,2019,4141,3.8,-0.0736,-0.0531,0.722,0.001335,not_assessed,"below the screen floor, peak too small to read a trend"
PGK,2015,2019,19898,8.4,0.2213,0.2071,0.936,0.000456,not_assessed,"below the screen floor, peak too small to read a trend"
PGM,2015,2019,604,2.0,-0.1726,0.0,-0.0,0.003311,not_assessed,"below the screen floor, peak too small to read a trend"
PGU,2015,2019,5370,4.0,4.8882,1.7692,0.362,0.000766,not_assessed,"below the screen floor, peak too small to read a trend"
PGV,2015,2019,3089,2.3,0.0831,-0.0324,-0.39,0.000749,not_assessed,"below the screen floor, peak too small to read a trend"
PHC,2015,2018,10611,7.0,-0.0595,0.0987,-1.659,0.000691,not_assessed,"below the screen floor, peak too small to read a trend"
PHE,2015,2019,4969,5.0,-0.0747,-0.1688,2.26,0.001194,not_assessed,"below the screen floor, peak too small to read a trend"
PHF,2015,2019,7998,4.0,-0.1529,-0.0676,0.442,0.000491,not_assessed,"below the screen floor, peak too small to read a trend"
PHL,2015,2019,346903,89.3,-0.0956,0.0655,-0.685,0.000262,headroom,"traffic broadly flat, nothing to read into the peak"
PHO,2015,2019,2990,4.5,0.036,0.125,3.469,0.001706,not_assessed,"below the screen floor, peak too small to read a trend"
PHS,2015,2019,5724,3.3,0.4078,0.0936,0.229,0.000687,not_assessed,"below the screen floor, peak too small to read a trend"
PHW,2015,2018,1204,1.0,-0.1313,0.0095,-0.073,0.000839,not_assessed,"below the screen floor, peak too small to read a trend"
PHX,2015,2019,379207,93.4,-0.0039,-0.015,nan,0.000239,at_ceiling,"large airport, peak hour static across the window"
PIA,2015,2019,11984,4.0,-0.0854,-0.2782,3.258,0.000508,not_assessed,"below the screen floor, peak too small to read a trend"
PIB,2015,2019,1418,2.2,0.2593,0.0945,0.365,0.001544,not_assessed,"below the screen floor, peak too small to read a trend"
PIE,2015,2019,15559,7.5,0.4408,0.068,0.154,0.00049,not_assessed,"below the screen floor, peak too small to read a trend"
PIH,2015,2019,2180,2.2,0.5331,0.7331,1.375,0.001018,not_assessed,"below the screen floor, peak too small to read a trend"
PIK,2015,2019,3713,4.2,0.0898,0.4167,4.639,0.001145,not_assessed,"below the screen floor, peak too small to read a trend"
PIN,2015,2019,1544,2.0,1.0262,0.0,0.0,0.001358,not_assessed,"below the screen floor, peak too small to read a trend"
PIR,2015,2019,1981,2.0,-0.439,-0.3352,0.764,0.00101,not_assessed,"below the screen floor, peak too small to read a trend"
PIS,2015,2019,1619,2.0,0.0378,0.0,0.0,0.002363,not_assessed,"below the screen floor, peak too small to read a trend"
PIT,2015,2019,120908,28.8,0.0749,-0.1826,-2.436,0.000267,tightening,"growth going into the shoulder hours, not the peak"
PIU,2015,2019,8506,4.6,0.1593,-0.0603,-0.379,0.000574,not_assessed,"below the screen floor, peak too small to read a trend"
PIX,2015,2019,2372,2.3,0.628,-0.1965,-0.313,0.001457,not_assessed,"below the screen floor, peak too small to read a trend"
PIZ,2015,2019,1450,2.0,0.0042,0.0092,nan,0.001736,not_assessed,"below the screen floor, peak too small to read a trend"
PJM,2015,2019,5672,6.6,-0.2617,-0.0571,0.218,0.001295,not_assessed,"below the screen floor, peak too small to read a trend"
PKA,2015,2019,2272,2.0,-0.2133,0.0154,-0.072,0.00097,not_assessed,"below the screen floor, peak too small to read a trend"
PKB,2015,2019,1241,1.1,-0.3392,-0.458,1.35,0.000882,not_assessed,"below the screen floor, peak too small to read a trend"
PKC,2015,2019,4567,2.0,0.3798,-0.3333,-0.878,0.000909,not_assessed,"below the screen floor, peak too small to read a trend"
PKE,2015,2019,1764,2.0,0.0304,-0.0264,-0.869,0.001144,not_assessed,"below the screen floor, peak too small to read a trend"
PKN,2015,2019,10880,7.0,0.9537,0.7512,0.788,0.000648,not_assessed,"below the screen floor, peak too small to read a trend"
PKR,2015,2019,17008,7.7,0.4412,0.0982,0.223,0.00065,not_assessed,"below the screen floor, peak too small to read a trend"
PKU,2015,2019,27984,9.0,0.2283,0.1281,0.561,0.000344,headroom,peak growing broadly in step with annual traffic
PKY,2015,2019,8529,6.8,0.2064,0.412,1.997,0.000606,not_assessed,"below the screen floor, peak too small to read a trend"
PKZ,2015,2019,4340,2.3,0.3006,-0.4713,-1.568,0.000794,not_assessed,"below the screen floor, peak too small to read a trend"
PLJ,2015,2019,22416,9.8,0.0333,-0.0119,-0.357,0.00045,tightening,"growth going into the shoulder hours, not the peak"
PLM,2015,2019,42028,12.0,0.2749,-0.0244,-0.089,0.000301,tightening,"growth going into the shoulder hours, not the peak"
PLN,2015,2019,2173,2.1,0.2843,-0.0574,-0.202,0.000971,not_assessed,"below the screen floor, peak too small to read a trend"
PLO,2015,2019,7503,5.0,0.0205,0.1895,9.224,0.000686,not_assessed,"below the screen floor, peak too small to read a trend"
PLQ,2015,2019,3869,3.8,0.6195,0.2666,0.43,0.001066,not_assessed,"below the screen floor, peak too small to read a trend"
PLS,2015,2019,22274,12.1,0.2323,0.231,0.994,0.000951,headroom,peak growing broadly in step with annual traffic
PLU,2015,2017,1683,2.0,-0.8007,-0.5669,0.708,0.001212,not_assessed,"below the screen floor, peak too small to read a trend"
PLW,2015,2019,16670,7.6,0.8185,0.3236,0.395,0.000606,not_assessed,"below the screen floor, peak too small to read a trend"
PLX,2015,2016,1592,3.0,-0.0363,0.4428,-12.192,0.001772,not_assessed,"below the screen floor, peak too small to read a trend"
PLZ,2015,2018,18625,7.9,-0.0812,-0.0809,0.995,0.000492,headroom,"traffic broadly flat, nothing to read into the peak"
PMA,2015,2018,7826,5.0,0.2474,-0.3686,-1.49,0.000678,not_assessed,"below the screen floor, peak too small to read a trend"
PMC,2015,2019,13153,6.1,-0.0062,-0.231,nan,0.000492,not_assessed,"below the screen floor, peak too small to read a trend"
PMF,2015,2015,1108,2.0,nan,nan,nan,0.001805,too_short,"one observed year, no trend to read"
PMI,2015,2019,186295,55.1,0.2694,-0.0556,-0.206,0.000308,tightening,"growth going into the shoulder hours, not the peak"
PMO,2015,2019,49885,17.4,0.306,0.1548,0.506,0.000355,headroom,peak growing broadly in step with annual traffic
PMR,2015,2019,13168,6.0,0.1904,0.0909,0.478,0.000455,not_assessed,"below the screen floor, peak too small to read a trend"
PMV,2015,2019,7227,6.0,-0.6363,-0.3173,0.499,0.000713,not_assessed,"below the screen floor, peak too small to read a trend"
PMW,2015,2019,5905,3.0,-0.1467,-0.3063,2.088,0.000656,not_assessed,"below the screen floor, peak too small to read a trend"
PMZ,2015,2019,788,2.9,-0.1005,-0.0215,0.214,0.002889,not_assessed,"below the screen floor, peak too small to read a trend"
PNA,2015,2019,3145,3.0,0.2092,0.3304,1.58,0.000888,not_assessed,"below the screen floor, peak too small to read a trend"
PND,2015,2019,8333,6.0,0.1906,0.4413,2.315,0.000708,not_assessed,"below the screen floor, peak too small to read a trend"
PNH,2015,2019,51675,13.8,0.7771,0.7306,0.94,0.000297,headroom,peak growing broadly in step with annual traffic
PNI,2015,2019,1104,2.0,0.3835,0.0,0.0,0.001996,not_assessed,"below the screen floor, peak too small to read a trend"
PNK,2015,2019,37332,14.9,0.5913,0.435,0.736,0.00038,headroom,peak growing broadly in step with annual traffic
PNL,2015,2019,3741,3.0,0.0964,0.0107,0.111,0.001425,not_assessed,"below the screen floor, peak too small to read a trend"
PNP,2015,2019,2786,3.1,-0.035,-0.2214,6.329,0.001186,not_assessed,"below the screen floor, peak too small to read a trend"
PNQ,2015,2019,55614,15.4,0.4228,0.1831,0.433,0.000284,headroom,peak growing broadly in step with annual traffic
PNR,2015,2018,5753,3.0,-0.5137,-0.3252,0.633,0.000657,not_assessed,"below the screen floor, peak too small to read a trend"
PNS,2015,2019,28887,8.0,0.3281,0.1193,0.364,0.00034,headroom,peak growing broadly in step with annual traffic
PNY,2018,2019,1148,2.1,-0.129,0.0221,-0.172,0.001835,not_assessed,"below the screen floor, peak too small to read a trend"
PNZ,2015,2019,3602,3.0,0.0144,0.4875,nan,0.000819,not_assessed,"below the screen floor, peak too small to read a trend"
POA,2015,2019,64136,18.1,-0.1083,0.1037,-0.958,0.000303,headroom,"traffic broadly flat, nothing to read into the peak"
POG,2015,2018,3168,3.0,0.6789,0.5,0.737,0.001063,not_assessed,"below the screen floor, peak too small to read a trend"
POI,2017,2018,948,2.0,-0.2126,-0.3333,1.568,0.004284,not_assessed,"below the screen floor, peak too small to read a trend"
POL,2015,2018,2324,3.0,-0.2814,0.0116,-0.041,0.001443,not_assessed,"below the screen floor, peak too small to read a trend"
POM,2015,2019,34035,14.3,-0.0628,-0.1518,2.417,0.000422,headroom,"traffic broadly flat, nothing to read into the peak"
POP,2015,2019,4947,4.0,0.1124,-0.3085,-2.744,0.000877,not_assessed,"below the screen floor, peak too small to read a trend"
POS,2015,2019,42630,8.4,0.0239,-0.1751,-7.32,0.000291,tightening,"growth going into the shoulder hours, not the peak"
POZ,2015,2019,14539,7.7,0.251,0.2942,1.172,0.000594,not_assessed,"below the screen floor, peak too small to read a trend"
PPB,2015,2019,3233,2.0,-0.1438,-0.3628,2.523,0.000779,not_assessed,"below the screen floor, peak too small to read a trend"
PPG,2015,2017,8038,1.0,0.1738,0.0342,0.197,0.00128,not_assessed,"below the screen floor, peak too small to read a trend"
PPN,2015,2019,2560,3.0,0.2762,0.4332,1.569,0.001052,not_assessed,"below the screen floor, peak too small to read a trend"
PPP,2015,2019,2956,3.0,0.2006,0.0,0.0,0.001027,not_assessed,"below the screen floor, peak too small to read a trend"
PPQ,2015,2019,2823,3.0,-0.0401,0.2,-4.985,0.001063,not_assessed,"below the screen floor, peak too small to read a trend"
PPS,2015,2019,16205,8.3,0.4623,0.6667,1.442,0.000547,not_assessed,"below the screen floor, peak too small to read a trend"
PPT,2015,2019,18883,3.6,0.1566,0.2236,1.428,0.000515,not_assessed,"below the screen floor, peak too small to read a trend"
PPW,2015,2019,1822,3.0,-0.035,0.5,-14.303,0.001647,not_assessed,"below the screen floor, peak too small to read a trend"
PQC,2015,2019,23279,8.2,1.0665,0.399,0.374,0.000388,headroom,peak growing broadly in step with annual traffic
PQI,2015,2019,1258,2.0,-0.3608,0.0,-0.0,0.00159,not_assessed,"below the screen floor, peak too small to read a trend"
PQQ,2015,2019,4674,4.0,-0.1322,0.0,-0.0,0.000912,not_assessed,"below the screen floor, peak too small to read a trend"
PQS,2015,2019,1332,1.1,-0.6112,-0.6482,1.061,0.000795,not_assessed,"below the screen floor, peak too small to read a trend"
PRA,2017,2017,1170,2.0,nan,nan,nan,0.00198,too_short,"one observed year, no trend to read"
PRC,2015,2019,1474,2.1,-0.1967,-0.0268,0.136,0.001405,not_assessed,"below the screen floor, peak too small to read a trend"
PRG,2015,2019,128204,39.2,0.2594,0.0613,0.236,0.000335,tightening,"growth going into the shoulder hours, not the peak"
PRH,2015,2019,1330,2.0,0.5358,0.025,0.047,0.001541,not_assessed,"below the screen floor, peak too small to read a trend"
PRI,2015,2018,16881,6.1,0.328,0.4009,1.223,0.00036,not_assessed,"below the screen floor, peak too small to read a trend"
PRN,2015,2019,13113,6.2,0.5489,0.0951,0.173,0.000538,not_assessed,"below the screen floor, peak too small to read a trend"
PRY,2016,2017,1607,1.0,0.314,-0.0299,-0.095,0.000809,not_assessed,"below the screen floor, peak too small to read a trend"
PSA,2015,2019,35811,12.2,0.0589,-0.0924,-1.567,0.00036,tightening,"growth going into the shoulder hours, not the peak"
PSC,2015,2019,14089,6.6,0.3084,1.2149,3.939,0.000424,not_assessed,"below the screen floor, peak too small to read a trend"
PSE,2015,2019,1652,2.1,0.016,-0.0585,nan,0.001522,not_assessed,"below the screen floor, peak too small to read a trend"
PSG,2015,2019,2306,2.0,2.0912,0.9569,0.458,0.001349,not_assessed,"below the screen floor, peak too small to read a trend"
PSJ,2016,2019,730,2.0,0.0282,-0.4364,-15.491,0.00274,not_assessed,"below the screen floor, peak too small to read a trend"
PSO,2015,2019,4280,5.3,-0.0023,0.3591,nan,0.000944,not_assessed,"below the screen floor, peak too small to read a trend"
PSP,2015,2019,29080,14.4,0.2228,-0.095,-0.426,0.000569,tightening,"growth going into the shoulder hours, not the peak"
PSR,2015,2019,4958,4.0,-0.0659,0.298,-4.52,0.000834,not_assessed,"below the screen floor, peak too small to read a trend"
PSS,2015,2019,2777,2.0,0.5027,-0.1012,-0.201,0.001083,not_assessed,"below the screen floor, peak too small to read a trend"
PSU,2015,2019,1506,2.4,0.6715,0.2097,0.312,0.001584,not_assessed,"below the screen floor, peak too small to read a trend"
PTG,2015,2018,1818,2.4,-0.1433,0.9286,-6.482,0.001135,not_assessed,"below the screen floor, peak too small to read a trend"
PTJ,2015,2015,1252,1.0,nan,nan,nan,0.000824,too_short,"one observed year, no trend to read"
PTP,2015,2019,24676,15.0,0.0183,0.4488,nan,0.000805,headroom,"traffic broadly flat, nothing to read into the peak"
PTU,2015,2019,1966,3.0,-0.218,0.5127,-2.352,0.001619,not_assessed,"below the screen floor, peak too small to read a trend"
PTY,2015,2019,135528,30.5,0.0498,-0.214,-4.294,0.000254,tightening,"growth going into the shoulder hours, not the peak"
PUB,2016,2019,1876,2.2,0.5594,-0.0033,-0.006,0.001157,not_assessed,"below the screen floor, peak too small to read a trend"
PUE,2015,2015,730,2.0,nan,nan,nan,0.00274,too_short,"one observed year, no trend to read"
PUF,2015,2019,9362,4.9,0.1024,1.4542,14.194,0.000534,not_assessed,"below the screen floor, peak too small to read a trend"
PUJ,2015,2019,38968,22.6,0.0501,0.0163,0.325,0.000605,tightening,"growth going into the shoulder hours, not the peak"
PUM,2015,2019,2670,2.0,0.2016,0.0,0.0,0.000749,not_assessed,"below the screen floor, peak too small to read a trend"
PUQ,2015,2019,10672,4.5,0.571,0.2857,0.5,0.000499,not_assessed,"below the screen floor, peak too small to read a trend"
PUS,2015,2019,89416,24.8,0.4063,0.5603,1.379,0.00028,headroom,peak growing broadly in step with annual traffic
PUU,2015,2019,1768,2.0,-0.0275,-0.4584,16.668,0.001131,not_assessed,"below the screen floor, peak too small to read a trend"
PUW,2015,2019,2720,2.0,0.18,-0.0299,-0.166,0.000735,not_assessed,"below the screen floor, peak too small to read a trend"
PUY,2015,2019,5968,7.2,1.2504,0.7059,0.565,0.001478,not_assessed,"below the screen floor, peak too small to read a trend"
PUZ,2017,2019,1772,2.0,-0.2898,-0.6,2.071,0.002864,not_assessed,"below the screen floor, peak too small to read a trend"
PVA,2015,2015,1712,2.1,nan,nan,nan,0.001195,too_short,"one observed year, no trend to read"
PVC,2015,2019,4194,5.0,-0.0354,0.25,-7.058,0.001188,not_assessed,"below the screen floor, peak too small to read a trend"
PVD,2015,2019,41088,14.3,0.0662,0.2147,3.242,0.000374,headroom,peak growing broadly in step with annual traffic
PVG,2015,2019,468703,82.0,0.1474,0.0293,0.199,0.000183,tightening,"growth going into the shoulder hours, not the peak"
PVH,2015,2019,6029,4.0,-0.3895,-0.4406,1.131,0.000636,not_assessed,"below the screen floor, peak too small to read a trend"
PVK,2016,2016,2694,3.9,nan,nan,nan,0.002248,too_short,"one observed year, no trend to read"
PVR,2015,2019,39107,23.2,0.329,0.1299,0.395,0.000637,headroom,peak growing broadly in step with annual traffic
PVU,2017,2019,1460,1.9,0.1274,-0.0278,-0.218,0.001353,not_assessed,"below the screen floor, peak too small to read a trend"
PWM,2015,2019,30447,12.7,0.1861,0.3905,2.099,0.000485,headroom,peak growing broadly in step with annual traffic
PWQ,2015,2019,1880,2.4,0.1046,0.2,1.912,0.001494,not_assessed,"below the screen floor, peak too small to read a trend"
PXA,2018,2019,730,1.0,0.0,0.0,nan,0.00137,not_assessed,"below the screen floor, peak too small to read a trend"
PXM,2015,2019,4252,3.5,0.8063,-0.0796,-0.099,0.000904,not_assessed,"below the screen floor, peak too small to read a trend"
PXO,2015,2019,1813,2.0,-0.2262,0.0,-0.0,0.001839,not_assessed,"below the screen floor, peak too small to read a trend"
PXU,2016,2019,4605,4.5,-0.2438,-0.061,0.25,0.000975,not_assessed,"below the screen floor, peak too small to read a trend"
PYC,2015,2018,723,2.0,-0.0096,0.0,nan,0.002766,not_assessed,"below the screen floor, peak too small to read a trend"
PZB,2015,2018,3332,2.0,0.0015,0.0038,nan,0.000875,not_assessed,"below the screen floor, peak too small to read a trend"
PZI,2015,2019,5340,5.0,1.6594,1.4829,0.894,0.000955,not_assessed,"below the screen floor, peak too small to read a trend"
PZL,2017,2018,796,1.7,0.1227,0.1444,1.177,0.002094,not_assessed,"below the screen floor, peak too small to read a trend"
PZO,2015,2019,2550,3.0,-0.7256,-0.2608,0.359,0.001155,not_assessed,"below the screen floor, peak too small to read a trend"
PZU,2015,2018,3217,5.0,0.3061,1.1272,3.682,0.001492,not_assessed,"below the screen floor, peak too small to read a trend"
QBC,2015,2019,952,2.0,0.2143,0.0,0.0,0.002101,not_assessed,"below the screen floor, peak too small to read a trend"
QOW,2015,2018,4906,5.0,0.2644,1.1346,4.291,0.001102,not_assessed,"below the screen floor, peak too small to read a trend"
QRO,2015,2019,21205,7.9,1.1112,0.5759,0.518,0.000448,headroom,peak growing broadly in step with annual traffic
QRW,2015,2018,2186,3.8,-0.3108,0.0411,-0.132,0.001861,not_assessed,"below the screen floor, peak too small to read a trend"
QSF,2015,2018,2450,2.7,-0.1909,-0.263,1.378,0.001176,not_assessed,"below the screen floor, peak too small to read a trend"
QSZ,2018,2019,4426,4.1,0.8411,0.3957,0.47,0.00084,not_assessed,"below the screen floor, peak too small to read a trend"
QUO,2015,2018,2180,3.0,-0.3554,-0.2412,0.679,0.001402,not_assessed,"below the screen floor, peak too small to read a trend"
RAB,2015,2019,6698,5.1,-0.1626,0.0179,-0.11,0.00096,not_assessed,"below the screen floor, peak too small to read a trend"
RAE,2015,2019,2800,2.5,0.2921,0.1952,0.668,0.000906,not_assessed,"below the screen floor, peak too small to read a trend"
RAH,2015,2019,1062,2.1,-0.112,0.0412,-0.368,0.00199,not_assessed,"below the screen floor, peak too small to read a trend"
RAI,2015,2018,9174,4.0,0.3533,1.057,2.992,0.000542,not_assessed,"below the screen floor, peak too small to read a trend"
RAJ,2015,2019,2285,2.0,-0.3733,-0.3333,0.893,0.000945,not_assessed,"below the screen floor, peak too small to read a trend"
RAK,2015,2018,35478,17.1,0.2101,0.1383,0.659,0.000509,headroom,peak growing broadly in step with annual traffic
RAO,2015,2019,14627,7.7,-0.2593,-0.04,0.154,0.000485,not_assessed,"below the screen floor, peak too small to read a trend"
RAP,2015,2019,12629,6.9,0.2045,0.4542,2.221,0.00058,not_assessed,"below the screen floor, peak too small to read a trend"
RAQ,2018,2019,730,2.0,-0.3482,0.0,-0.0,0.00274,not_assessed,"below the screen floor, peak too small to read a trend"
RAR,2015,2019,5078,3.5,-0.0612,0.0213,-0.348,0.000978,not_assessed,"below the screen floor, peak too small to read a trend"
RAS,2015,2019,2990,3.2,0.5278,0.1267,0.24,0.001437,not_assessed,"below the screen floor, peak too small to read a trend"
RBA,2015,2018,6926,4.0,0.3103,0.4579,1.476,0.000652,not_assessed,"below the screen floor, peak too small to read a trend"
RBQ,2015,2019,1732,2.0,-0.5669,-0.326,0.575,0.001209,not_assessed,"below the screen floor, peak too small to read a trend"
RBR,2015,2019,3498,3.4,0.0107,0.0459,nan,0.001054,not_assessed,"below the screen floor, peak too small to read a trend"
RBY,2015,2019,2576,4.0,0.1123,0.0,0.0,0.001563,not_assessed,"below the screen floor, peak too small to read a trend"
RCB,2015,2018,3081,3.0,0.7748,0.685,0.884,0.001212,not_assessed,"below the screen floor, peak too small to read a trend"
RCE,2015,2015,2203,2.0,nan,nan,nan,0.000921,too_short,"one observed year, no trend to read"
RCH,2015,2019,2082,2.6,0.4559,0.3053,0.67,0.001354,not_assessed,"below the screen floor, peak too small to read a trend"
RCU,2017,2018,621,1.1,-0.4926,-0.45,0.913,0.001771,not_assessed,"below the screen floor, peak too small to read a trend"
RDD,2015,2019,2781,2.2,0.7601,0.1074,0.141,0.000805,not_assessed,"below the screen floor, peak too small to read a trend"
RDM,2015,2019,17941,7.3,0.7451,0.4123,0.553,0.000413,not_assessed,"below the screen floor, peak too small to read a trend"
RDP,2019,2019,1172,2.0,nan,nan,nan,0.00207,too_short,"one observed year, no trend to read"
RDU,2015,2019,145158,41.7,0.2029,0.3305,1.629,0.000289,headroom,peak growing broadly in step with annual traffic
RDZ,2015,2019,1945,2.2,-0.0725,-0.4348,5.998,0.002976,not_assessed,"below the screen floor, peak too small to read a trend"
REC,2015,2019,69204,18.8,0.2455,0.2654,1.081,0.000287,headroom,peak growing broadly in step with annual traffic
REG,2015,2019,3400,2.9,-0.1889,-0.0446,0.236,0.000932,not_assessed,"below the screen floor, peak too small to read a trend"
REL,2015,2019,3551,2.4,-0.1513,-0.4046,2.674,0.000807,not_assessed,"below the screen floor, peak too small to read a trend"
REN,2015,2019,7100,3.0,0.3617,-0.2358,-0.652,0.000587,not_assessed,"below the screen floor, peak too small to read a trend"
REP,2015,2019,36448,10.7,0.0672,0.2103,3.13,0.000326,headroom,peak growing broadly in step with annual traffic
RES,2015,2019,3238,2.0,0.3939,-0.0019,-0.005,0.000826,not_assessed,"below the screen floor, peak too small to read a trend"
RET,2015,2019,1220,2.0,-0.0113,-0.1359,nan,0.001639,not_assessed,"below the screen floor, peak too small to read a trend"
REU,2015,2015,2750,3.9,nan,nan,nan,0.00172,too_short,"one observed year, no trend to read"
REX,2015,2019,4026,4.0,-0.3926,0.0991,-0.252,0.000954,not_assessed,"below the screen floor, peak too small to read a trend"
RFD,2017,2019,1498,1.8,0.1204,-0.1,-0.83,0.001258,not_assessed,"below the screen floor, peak too small to read a trend"
RFP,2015,2019,5674,5.5,0.1039,0.375,3.61,0.000862,not_assessed,"below the screen floor, peak too small to read a trend"
RGA,2015,2019,1390,2.1,-0.0479,-0.0275,0.574,0.001758,not_assessed,"below the screen floor, peak too small to read a trend"
RGI,2015,2019,2293,4.0,0.1003,0.3333,3.324,0.001828,not_assessed,"below the screen floor, peak too small to read a trend"
RGL,2015,2019,1870,3.0,-0.4108,0.5159,-1.256,0.00165,not_assessed,"below the screen floor, peak too small to read a trend"
RGN,2015,2019,73806,23.0,0.3477,0.3223,0.927,0.000356,headroom,peak growing broadly in step with annual traffic
RHI,2015,2019,1612,2.2,-0.2265,-0.0587,0.259,0.001349,not_assessed,"below the screen floor, peak too small to read a trend"
RHO,2015,2019,22194,13.2,0.0952,0.1555,1.634,0.000667,headroom,peak growing broadly in step with annual traffic
RHR,2015,2016,732,1.0,0.0027,0.0,nan,0.001439,not_assessed,"below the screen floor, peak too small to read a trend"
RHT,2015,2019,708,2.0,-0.2776,1.0,-3.603,0.002711,not_assessed,"below the screen floor, peak too small to read a trend"
RIA,2015,2017,611,2.0,-0.7484,1.0,-1.336,0.003273,not_assessed,"below the screen floor, peak too small to read a trend"
RIB,2016,2019,2342,4.0,3.073,1.0,0.325,0.00219,not_assessed,"below the screen floor, peak too small to read a trend"
RIC,2015,2019,58358,15.6,0.122,-0.0513,-0.42,0.000286,tightening,"growth going into the shoulder hours, not the peak"
RIS,2016,2019,1050,1.0,0.0396,-0.5385,-13.596,0.002108,not_assessed,"below the screen floor, peak too small to read a trend"
RIW,2015,2019,2198,2.2,-0.1346,0.0517,-0.384,0.000984,not_assessed,"below the screen floor, peak too small to read a trend"
RIX,2015,2019,79306,24.2,0.2939,-0.0006,-0.002,0.00035,tightening,"growth going into the shoulder hours, not the peak"
RIY,2015,2015,1444,1.4,nan,nan,nan,0.001665,too_short,"one observed year, no trend to read"
RIZ,2016,2019,9546,6.2,1.2925,0.0357,0.028,0.000704,not_assessed,"below the screen floor, peak too small to read a trend"
RJA,2015,2019,6095,4.8,0.8765,0.2,0.228,0.000751,not_assessed,"below the screen floor, peak too small to read a trend"
RJH,2016,2019,1882,3.0,0.7721,0.5,0.648,0.001849,not_assessed,"below the screen floor, peak too small to read a trend"
RJL,2015,2018,530,1.0,0.0,0.0033,nan,0.001913,not_assessed,"below the screen floor, peak too small to read a trend"
RJM,2018,2019,730,2.0,-0.3876,0.0,-0.0,0.00274,not_assessed,"below the screen floor, peak too small to read a trend"
RKD,2015,2019,2762,2.0,-0.0072,-0.0055,nan,0.000724,not_assessed,"below the screen floor, peak too small to read a trend"
RKS,2015,2019,1470,2.1,-0.0161,-0.0159,nan,0.001456,not_assessed,"below the screen floor, peak too small to read a trend"
RKT,2015,2019,2179,1.0,-0.3047,-0.5067,1.663,0.000505,not_assessed,"below the screen floor, peak too small to read a trend"
RKV,2015,2019,10842,4.9,0.1916,0.0448,0.234,0.000594,not_assessed,"below the screen floor, peak too small to read a trend"
RKZ,2017,2019,1828,2.7,1.3466,1.6171,1.201,0.001539,not_assessed,"below the screen floor, peak too small to read a trend"
RLG,2016,2018,3084,3.0,0.7653,0.0189,0.025,0.001004,not_assessed,"below the screen floor, peak too small to read a trend"
RLK,2015,2019,4979,3.1,0.4934,-0.2174,-0.441,0.000742,not_assessed,"below the screen floor, peak too small to read a trend"
RMA,2015,2019,2258,2.0,-0.5586,-0.4929,0.882,0.001018,not_assessed,"below the screen floor, peak too small to read a trend"
RMF,2015,2018,5196,5.6,1.695,2.6502,1.564,0.001129,not_assessed,"below the screen floor, peak too small to read a trend"
RMQ,2015,2019,31067,10.7,0.9197,0.3835,0.417,0.000397,headroom,peak growing broadly in step with annual traffic
RMU,2019,2019,6584,8.0,nan,nan,nan,0.00121,too_short,"one observed year, no trend to read"
RNB,2015,2019,4048,2.2,0.4899,-0.0539,-0.11,0.000796,not_assessed,"below the screen floor, peak too small to read a trend"
RNI,2017,2019,1460,2.0,-0.4034,-0.1733,0.43,0.003477,not_assessed,"below the screen floor, peak too small to read a trend"
RNJ,2015,2019,2134,4.0,-0.316,-0.0037,0.012,0.002054,not_assessed,"below the screen floor, peak too small to read a trend"
RNN,2015,2019,5397,3.0,0.0732,0.3667,5.011,0.000548,not_assessed,"below the screen floor, peak too small to read a trend"
RNO,2015,2019,47641,12.6,0.2701,0.3926,1.454,0.000286,headroom,peak growing broadly in step with annual traffic
RNS,2015,2019,12003,6.8,0.2187,0.0014,0.006,0.000596,not_assessed,"below the screen floor, peak too small to read a trend"
ROA,2015,2019,14891,3.9,0.0162,-0.4407,nan,0.000451,not_assessed,"below the screen floor, peak too small to read a trend"
ROB,2015,2018,3222,3.4,0.9755,1.4961,1.534,0.000777,not_assessed,"below the screen floor, peak too small to read a trend"
ROC,2015,2019,37887,14.3,-0.0101,-0.0972,nan,0.000418,headroom,"traffic broadly flat, nothing to read into the peak"
ROI,2015,2019,2676,2.3,-0.1856,0.1333,-0.718,0.000885,not_assessed,"below the screen floor, peak too small to read a trend"
ROK,2015,2019,8656,5.1,-0.1842,-0.0891,0.484,0.000568,not_assessed,"below the screen floor, peak too small to read a trend"
ROO,2015,2019,850,1.0,-0.5203,-0.476,0.915,0.001882,not_assessed,"below the screen floor, peak too small to read a trend"
ROP,2016,2017,730,2.0,-0.0054,0.0,nan,0.00274,not_assessed,"below the screen floor, peak too small to read a trend"
ROR,2015,2019,1793,2.0,-0.1198,-0.1166,0.973,0.001263,not_assessed,"below the screen floor, peak too small to read a trend"
ROS,2015,2019,7487,4.0,0.2429,0.3422,1.409,0.000515,not_assessed,"below the screen floor, peak too small to read a trend"
ROT,2015,2019,6222,4.0,-0.0454,-0.0012,0.026,0.000683,not_assessed,"below the screen floor, peak too small to read a trend"
ROV,2015,2019,24355,6.6,0.3484,-0.1316,-0.378,0.000332,tightening,"growth going into the shoulder hours, not the peak"
ROW,2015,2019,2769,2.3,0.2994,0.0337,0.113,0.000842,not_assessed,"below the screen floor, peak too small to read a trend"
RPR,2015,2019,16874,6.6,0.7551,0.1039,0.138,0.000425,not_assessed,"below the screen floor, peak too small to read a trend"
RQA,2019,2019,2454,3.0,nan,nan,nan,0.001434,too_short,"one observed year, no trend to read"
RRG,2015,2018,3234,2.5,0.2545,0.0984,0.387,0.000777,not_assessed,"below the screen floor, peak too small to read a trend"
RSA,2015,2019,615,1.5,-0.1387,-0.217,1.565,0.002376,not_assessed,"below the screen floor, peak too small to read a trend"
RSD,2015,2019,5560,6.7,0.0062,0.1113,nan,0.001409,not_assessed,"below the screen floor, peak too small to read a trend"
RSH,2015,2019,2884,3.0,0.3872,0.4795,1.238,0.001184,not_assessed,"below the screen floor, peak too small to read a trend"
RST,2015,2019,8484,5.3,0.5556,0.5808,1.045,0.00065,not_assessed,"below the screen floor, peak too small to read a trend"
RSU,2015,2019,5100,4.0,-0.0807,0.0946,-1.172,0.000797,not_assessed,"below the screen floor, peak too small to read a trend"
RSW,2015,2019,73061,24.3,0.0936,-0.0825,-0.882,0.00037,tightening,"growth going into the shoulder hours, not the peak"
RTB,2015,2019,12674,4.0,0.2375,-0.154,-0.649,0.001197,not_assessed,"below the screen floor, peak too small to read a trend"
RTG,2016,2019,730,2.0,-0.3663,-0.5664,1.546,0.00274,not_assessed,"below the screen floor, peak too small to read a trend"
RTI,2016,2019,1460,2.0,1.1408,1.0,0.877,0.00137,not_assessed,"below the screen floor, peak too small to read a trend"
RTM,2015,2019,15670,9.2,-0.0579,0.091,-1.573,0.000636,not_assessed,"below the screen floor, peak too small to read a trend"
RTW,2015,2018,5115,2.2,0.1662,0.0101,0.061,0.00048,not_assessed,"below the screen floor, peak too small to read a trend"
RUH,2015,2019,189783,35.6,0.2629,0.3444,1.31,0.000197,headroom,peak growing broadly in step with annual traffic
RUN,2015,2018,12296,6.3,0.0584,0.4195,7.177,0.000493,not_assessed,"below the screen floor, peak too small to read a trend"
RUP,2015,2017,393,1.0,-0.3821,0.0,-0.0,0.002501,not_assessed,"below the screen floor, peak too small to read a trend"
RUT,2015,2019,2190,2.1,0.0037,0.0444,nan,0.000954,not_assessed,"below the screen floor, peak too small to read a trend"
RVK,2015,2019,2226,2.0,-0.2716,-0.2004,0.738,0.000917,not_assessed,"below the screen floor, peak too small to read a trend"
RVN,2015,2019,4574,3.0,0.3437,0.0589,0.172,0.000714,not_assessed,"below the screen floor, peak too small to read a trend"
RXS,2015,2019,2170,3.0,-0.0317,-0.2439,7.698,0.001375,not_assessed,"below the screen floor, peak too small to read a trend"
RYG,2015,2015,10808,6.0,nan,nan,nan,0.000555,too_short,"one observed year, no trend to read"
RYK,2015,2019,1193,2.8,0.1212,0.9643,7.953,0.001981,not_assessed,"below the screen floor, peak too small to read a trend"
RYL,2015,2017,997,1.5,0.0652,-0.0126,-0.193,0.001476,not_assessed,"below the screen floor, peak too small to read a trend"
RZE,2015,2019,7038,4.0,0.1551,0.0223,0.144,0.000847,not_assessed,"below the screen floor, peak too small to read a trend"
RZR,2016,2019,1528,3.0,1.0565,1.8364,1.738,0.001902,not_assessed,"below the screen floor, peak too small to read a trend"
SAB,2015,2019,3000,2.2,0.0263,-0.1,-3.796,0.00075,not_assessed,"below the screen floor, peak too small to read a trend"
SAF,2015,2019,5694,3.1,0.4393,-0.0022,-0.005,0.000539,not_assessed,"below the screen floor, peak too small to read a trend"
SAG,2019,2019,6338,7.9,nan,nan,nan,0.001124,too_short,"one observed year, no trend to read"
SAH,2015,2016,3668,3.0,-0.569,-0.1875,0.33,0.000893,not_assessed,"below the screen floor, peak too small to read a trend"
SAL,2015,2019,46830,25.4,0.1222,0.1443,1.181,0.00053,headroom,peak growing broadly in step with annual traffic
SAN,2015,2019,206876,47.9,0.2053,0.0721,0.351,0.000236,headroom,peak growing broadly in step with annual traffic
SAP,2015,2019,16842,5.3,-0.0644,-0.2519,3.909,0.000534,not_assessed,"below the screen floor, peak too small to read a trend"
SAQ,2017,2019,1460,2.0,0.0,0.0,nan,0.001884,not_assessed,"below the screen floor, peak too small to read a trend"
SAT,2015,2019,89946,24.0,0.0473,0.0453,0.959,0.000255,headroom,peak growing broadly in step with annual traffic
SAV,2015,2019,38128,11.2,0.3248,-0.0091,-0.028,0.000358,tightening,"growth going into the shoulder hours, not the peak"
SAW,2015,2019,228314,41.8,0.1442,-0.1933,-1.34,0.000184,tightening,"growth going into the shoulder hours, not the peak"
SBA,2015,2019,18638,4.5,0.2951,-0.2309,-0.783,0.000441,not_assessed,"below the screen floor, peak too small to read a trend"
SBH,2015,2019,38359,20.9,0.4213,0.1133,0.269,0.000562,tightening,"growth going into the shoulder hours, not the peak"
SBN,2015,2019,15416,6.4,0.3333,0.2742,0.823,0.000482,not_assessed,"below the screen floor, peak too small to read a trend"
SBP,2015,2019,11246,7.1,0.5085,0.7951,1.564,0.000676,not_assessed,"below the screen floor, peak too small to read a trend"
SBW,2015,2019,16730,7.0,-0.0874,-0.227,2.597,0.000414,not_assessed,"below the screen floor, peak too small to read a trend"
SBY,2015,2019,3835,2.9,-0.0338,-0.037,1.097,0.000748,not_assessed,"below the screen floor, peak too small to read a trend"
SBZ,2015,2019,6314,3.7,0.7786,0.2222,0.285,0.000719,not_assessed,"below the screen floor, peak too small to read a trend"
SCC,2015,2019,4093,2.2,0.2807,1.219,4.343,0.001055,not_assessed,"below the screen floor, peak too small to read a trend"
SCE,2015,2019,10304,5.2,0.2271,0.2929,1.29,0.000494,not_assessed,"below the screen floor, peak too small to read a trend"
SCK,2016,2019,2071,2.0,0.5398,0.0,0.0,0.001157,not_assessed,"below the screen floor, peak too small to read a trend"
SCL,2015,2019,154286,35.4,0.2913,0.4648,1.596,0.000229,headroom,peak growing broadly in step with annual traffic
SCM,2015,2019,1024,1.0,-0.5933,-0.6615,1.115,0.000987,not_assessed,"below the screen floor, peak too small to read a trend"
SCN,2015,2019,4716,4.0,-0.283,0.0,-0.0,0.000957,not_assessed,"below the screen floor, peak too small to read a trend"
SCO,2015,2019,12583,5.9,0.3571,0.4965,1.391,0.00053,not_assessed,"below the screen floor, peak too small to read a trend"
SCQ,2015,2019,18925,8.8,0.1523,-0.1888,-1.24,0.000492,not_assessed,"below the screen floor, peak too small to read a trend"
SCU,2015,2019,3424,2.0,0.075,-0.1084,-1.444,0.000933,not_assessed,"below the screen floor, peak too small to read a trend"
SCV,2017,2019,3139,3.0,0.4152,0.35,0.843,0.001492,not_assessed,"below the screen floor, peak too small to read a trend"
SCW,2015,2019,6670,3.6,0.7636,0.1987,0.26,0.000555,not_assessed,"below the screen floor, peak too small to read a trend"
SCY,2015,2019,1908,2.9,0.252,-0.1871,-0.742,0.001794,not_assessed,"below the screen floor, peak too small to read a trend"
SDD,2015,2018,1600,2.0,0.1799,-0.0066,-0.037,0.001293,not_assessed,"below the screen floor, peak too small to read a trend"
SDE,2016,2019,1309,2.0,0.1093,-0.064,-0.585,0.002371,not_assessed,"below the screen floor, peak too small to read a trend"
SDF,2015,2019,56679,16.7,0.1651,0.1606,0.972,0.000293,headroom,peak growing broadly in step with annual traffic
SDG,2017,2017,1091,1.8,nan,nan,nan,0.001672,too_short,"one observed year, no trend to read"
SDJ,2015,2019,46924,15.2,0.1735,0.2711,1.562,0.000401,headroom,peak growing broadly in step with annual traffic
SDK,2015,2019,9605,4.9,-0.077,0.2292,-2.977,0.000586,not_assessed,"below the screen floor, peak too small to read a trend"
SDL,2015,2019,4223,4.7,0.0589,1.274,21.619,0.001172,not_assessed,"below the screen floor, peak too small to read a trend"
SDN,2015,2019,2438,2.1,0.0125,-0.0521,nan,0.000847,not_assessed,"below the screen floor, peak too small to read a trend"
SDQ,2015,2019,33173,10.8,0.1673,0.079,0.472,0.000344,headroom,peak growing broadly in step with annual traffic
SDR,2015,2019,8159,4.8,0.0281,-0.0686,-2.44,0.000607,not_assessed,"below the screen floor, peak too small to read a trend"
SDU,2015,2019,85276,25.9,-0.2018,0.0794,-0.394,0.000304,headroom,"traffic broadly flat, nothing to read into the peak"
SDV,2015,2018,8420,3.4,0.4738,0.498,1.051,0.000438,not_assessed,"below the screen floor, peak too small to read a trend"
SDY,2015,2019,3650,2.0,-0.0,0.0,nan,0.000548,not_assessed,"below the screen floor, peak too small to read a trend"
SEA,2015,2019,430307,93.0,0.1847,0.0933,0.505,0.000239,headroom,peak growing broadly in step with annual traffic
SEB,2016,2016,768,1.6,nan,nan,nan,0.002221,too_short,"one observed year, no trend to read"
SEN,2015,2019,18938,7.0,1.0982,0.75,0.683,0.000404,not_assessed,"below the screen floor, peak too small to read a trend"
SEU,2015,2018,27758,29.0,9.9542,8.8592,0.89,0.001125,headroom,peak growing broadly in step with annual traffic
SEZ,2015,2018,24373,3.1,0.3131,-0.1911,-0.61,0.000489,tightening,"growth going into the shoulder hours, not the peak"
SFA,2015,2017,1472,1.5,0.6429,0.5118,0.796,0.00134,not_assessed,"below the screen floor, peak too small to read a trend"
SFB,2015,2019,22104,11.7,0.4349,0.2609,0.6,0.000522,headroom,peak growing broadly in step with annual traffic
SFG,2015,2019,6714,5.0,-0.0603,0.1804,-2.991,0.000834,not_assessed,"below the screen floor, peak too small to read a trend"
SFL,2015,2018,1238,2.1,0.5246,0.3129,0.596,0.001705,not_assessed,"below the screen floor, peak too small to read a trend"
SFN,2015,2019,1913,3.5,0.0729,2.2349,30.652,0.001658,not_assessed,"below the screen floor, peak too small to read a trend"
SFO,2015,2019,428562,92.6,0.0835,-0.0061,-0.073,0.000226,at_ceiling,"large airport, peak hour static across the window"
SFS,2018,2018,859,2.0,nan,nan,nan,0.002328,too_short,"one observed year, no trend to read"
SFT,2015,2019,2738,2.6,-0.1185,0.1198,-1.011,0.001024,not_assessed,"below the screen floor, peak too small to read a trend"
SGC,2015,2019,18654,6.0,0.413,0.0063,0.015,0.000451,not_assessed,"below the screen floor, peak too small to read a trend"
SGD,2015,2019,2331,2.0,-0.0072,0.0182,nan,0.000915,not_assessed,"below the screen floor, peak too small to read a trend"
SGF,2015,2019,22290,6.8,0.3236,-0.0009,-0.003,0.000409,tightening,"growth going into the shoulder hours, not the peak"
SGN,2015,2019,252968,48.5,0.456,0.3335,0.731,0.000199,headroom,peak growing broadly in step with annual traffic
SGU,2015,2018,6494,3.2,0.6395,0.1,0.156,0.000494,not_assessed,"below the screen floor, peak too small to read a trend"
SGY,2015,2019,3618,6.8,-0.4086,0.2999,-0.734,0.001942,not_assessed,"below the screen floor, peak too small to read a trend"
SHA,2015,2019,274788,51.4,0.0504,-0.0073,-0.144,0.000201,at_ceiling,"large airport, peak hour static across the window"
SHB,2015,2019,2920,3.0,-0.0,0.0075,nan,0.001381,not_assessed,"below the screen floor, peak too small to read a trend"
SHC,2018,2018,794,2.0,nan,nan,nan,0.002519,too_short,"one observed year, no trend to read"
SHD,2015,2019,1416,2.1,-0.246,0.0055,-0.022,0.001481,not_assessed,"below the screen floor, peak too small to read a trend"
SHE,2015,2019,142852,30.0,0.5013,0.1611,0.321,0.000216,tightening,"growth going into the shoulder hours, not the peak"
SHF,2018,2019,1849,2.0,-0.4717,-0.3333,0.707,0.001386,not_assessed,"below the screen floor, peak too small to read a trend"
SHG,2015,2019,1711,2.0,0.0376,-0.0139,-0.369,0.001169,not_assessed,"below the screen floor, peak too small to read a trend"
SHH,2015,2019,2058,2.0,0.0239,0.0,0.0,0.001458,not_assessed,"below the screen floor, peak too small to read a trend"
SHJ,2015,2019,79416,23.2,0.2288,0.4543,1.985,0.000292,headroom,peak growing broadly in step with annual traffic
SHL,2019,2019,1113,2.9,nan,nan,nan,0.003006,too_short,"one observed year, no trend to read"
SHM,2015,2019,2190,1.2,-0.0,0.2292,nan,0.000842,not_assessed,"below the screen floor, peak too small to read a trend"
SHO,2015,2018,2272,1.3,-0.0156,0.2278,nan,0.000611,not_assessed,"below the screen floor, peak too small to read a trend"
SHP,2015,2015,2040,3.0,nan,nan,nan,0.001787,too_short,"one observed year, no trend to read"
SHR,2019,2019,1578,2.2,nan,nan,nan,0.001371,too_short,"one observed year, no trend to read"
SHV,2015,2019,14194,4.3,0.03,-0.1818,-6.053,0.000457,not_assessed,"below the screen floor, peak too small to read a trend"
SHW,2015,2019,2264,4.2,0.2225,0.2989,1.343,0.00184,not_assessed,"below the screen floor, peak too small to read a trend"
SHX,2015,2019,1341,2.0,0.5308,0.0,0.0,0.001525,not_assessed,"below the screen floor, peak too small to read a trend"
SIC,2016,2018,780,2.0,-0.0692,0.0,-0.0,0.002564,not_assessed,"below the screen floor, peak too small to read a trend"
SID,2015,2018,8091,5.0,0.432,0.6618,1.532,0.000877,not_assessed,"below the screen floor, peak too small to read a trend"
SIF,2015,2019,4200,3.0,-0.0276,0.1831,-6.645,0.000948,not_assessed,"below the screen floor, peak too small to read a trend"
SIG,2016,2017,3233,3.0,-0.3185,0.0,-0.0,0.000928,not_assessed,"below the screen floor, peak too small to read a trend"
SIN,2015,2019,367673,64.1,0.1159,0.0521,0.449,0.000182,headroom,peak growing broadly in step with annual traffic
SIP,2015,2019,31921,13.5,0.2229,0.1801,0.808,0.000416,headroom,peak growing broadly in step with annual traffic
SIT,2015,2019,6244,2.0,0.5425,-0.1918,-0.354,0.000816,not_assessed,"below the screen floor, peak too small to read a trend"
SIU,2017,2019,730,2.0,-0.1531,-0.1429,0.933,0.006955,not_assessed,"below the screen floor, peak too small to read a trend"
SJC,2015,2019,148481,35.5,0.5885,0.3622,0.615,0.000261,headroom,peak growing broadly in step with annual traffic
SJD,2015,2019,39162,27.9,0.2851,0.3223,1.13,0.00071,headroom,peak growing broadly in step with annual traffic
SJI,2017,2017,682,2.1,nan,nan,nan,0.003042,too_short,"one observed year, no trend to read"
SJJ,2015,2019,9788,5.4,0.2041,0.0545,0.267,0.00058,not_assessed,"below the screen floor, peak too small to read a trend"
SJO,2015,2019,69562,20.5,-0.1392,-0.2075,1.491,0.000376,headroom,"traffic broadly flat, nothing to read into the peak"
SJP,2015,2019,8353,5.1,0.0392,0.3041,7.761,0.000605,not_assessed,"below the screen floor, peak too small to read a trend"
SJT,2015,2019,3762,1.6,0.0588,-0.2473,-4.204,0.000667,not_assessed,"below the screen floor, peak too small to read a trend"
SJU,2015,2019,121112,37.8,-0.0225,-0.1676,7.462,0.000336,headroom,"traffic broadly flat, nothing to read into the peak"
SJW,2015,2019,87733,18.8,0.8533,0.3266,0.383,0.000222,headroom,peak growing broadly in step with annual traffic
SJZ,2015,2019,1450,2.0,0.2565,0.0,0.0,0.001635,not_assessed,"below the screen floor, peak too small to read a trend"
SKB,2015,2019,7187,5.5,-0.0369,0.4224,-11.462,0.001729,not_assessed,"below the screen floor, peak too small to read a trend"
SKD,2015,2019,3723,3.0,0.6969,0.5,0.717,0.00083,not_assessed,"below the screen floor, peak too small to read a trend"
SKG,2015,2019,49010,16.8,0.2019,0.1802,0.893,0.000373,headroom,peak growing broadly in step with annual traffic
SKH,2019,2019,704,2.0,nan,nan,nan,0.004587,too_short,"one observed year, no trend to read"
SKK,2015,2019,2981,4.0,0.0102,0.3333,nan,0.001374,not_assessed,"below the screen floor, peak too small to read a trend"
SKN,2015,2019,4452,3.0,-0.1305,0.0373,-0.286,0.000679,not_assessed,"below the screen floor, peak too small to read a trend"
SKO,2015,2018,1126,2.1,-0.1696,0.1533,-0.904,0.002009,not_assessed,"below the screen floor, peak too small to read a trend"
SKP,2015,2019,15914,6.9,0.3711,0.3821,1.03,0.000487,not_assessed,"below the screen floor, peak too small to read a trend"
SKT,2015,2019,5341,4.5,0.4521,0.5016,1.109,0.000707,not_assessed,"below the screen floor, peak too small to read a trend"
SKX,2015,2019,1778,2.0,1.4027,0.9854,0.703,0.001392,not_assessed,"below the screen floor, peak too small to read a trend"
SKZ,2015,2019,2248,2.1,0.1074,1.1429,10.642,0.001218,not_assessed,"below the screen floor, peak too small to read a trend"
SLA,2015,2019,11036,5.1,0.332,0.4838,1.457,0.000506,not_assessed,"below the screen floor, peak too small to read a trend"
SLC,2015,2019,249512,73.2,0.1012,0.0209,0.207,0.000257,tightening,"growth going into the shoulder hours, not the peak"
SLI,2015,2018,964,1.8,-0.279,-0.1744,0.625,0.002712,not_assessed,"below the screen floor, peak too small to read a trend"
SLK,2015,2019,2190,1.2,0.0,-0.4073,nan,0.000541,not_assessed,"below the screen floor, peak too small to read a trend"
SLL,2015,2019,11569,5.6,0.2594,1.0172,3.921,0.000527,not_assessed,"below the screen floor, peak too small to read a trend"
SLN,2015,2019,1564,2.3,0.1006,0.13,1.292,0.001445,not_assessed,"below the screen floor, peak too small to read a trend"
SLP,2015,2019,9990,5.0,0.028,-0.0876,-3.13,0.000799,not_assessed,"below the screen floor, peak too small to read a trend"
SLU,2015,2019,6211,4.0,0.1965,-0.323,-1.644,0.000674,not_assessed,"below the screen floor, peak too small to read a trend"
SLW,2015,2018,696,2.2,-0.612,0.1122,-0.183,0.00347,not_assessed,"below the screen floor, peak too small to read a trend"
SLY,2015,2019,4916,4.0,0.092,0.1216,1.322,0.000713,not_assessed,"below the screen floor, peak too small to read a trend"
SLZ,2015,2019,12642,6.2,-0.1918,-0.3154,1.644,0.000552,not_assessed,"below the screen floor, peak too small to read a trend"
SMA,2015,2019,1501,1.2,0.2154,-0.4221,-1.96,0.001807,not_assessed,"below the screen floor, peak too small to read a trend"
SMF,2015,2019,118971,30.6,0.3123,0.3468,1.11,0.000241,headroom,peak growing broadly in step with annual traffic
SMI,2015,2019,4609,5.0,0.3481,0.0,0.0,0.001859,not_assessed,"below the screen floor, peak too small to read a trend"
SMK,2015,2019,3798,4.0,-0.0304,0.0,-0.0,0.001464,not_assessed,"below the screen floor, peak too small to read a trend"
SML,2015,2019,1876,3.0,0.0,0.0,nan,0.001599,not_assessed,"below the screen floor, peak too small to read a trend"
SMQ,2016,2019,8976,7.0,1.3134,2.5,1.903,0.000775,not_assessed,"below the screen floor, peak too small to read a trend"
SMR,2015,2019,18216,7.7,0.6129,0.3588,0.585,0.000389,not_assessed,"below the screen floor, peak too small to read a trend"
SMS,2015,2017,638,1.0,-0.4457,-0.1,0.224,0.001646,not_assessed,"below the screen floor, peak too small to read a trend"
SMT,2017,2017,781,1.0,nan,nan,nan,0.001865,too_short,"one observed year, no trend to read"
SMX,2015,2017,1788,1.8,0.0039,-0.0843,nan,0.004481,not_assessed,"below the screen floor, peak too small to read a trend"
SNA,2015,2019,90694,27.7,0.0731,0.1326,1.813,0.000302,headroom,peak growing broadly in step with annual traffic
SNE,2015,2015,424,2.0,nan,nan,nan,0.004654,too_short,"one observed year, no trend to read"
SNN,2015,2019,11070,6.0,-0.004,0.0312,nan,0.000595,not_assessed,"below the screen floor, peak too small to read a trend"
SNO,2015,2019,2898,2.0,-0.1682,-0.3265,1.941,0.000817,not_assessed,"below the screen floor, peak too small to read a trend"
SNU,2015,2019,4823,4.5,0.1786,0.125,0.7,0.001068,not_assessed,"below the screen floor, peak too small to read a trend"
SNW,2015,2019,4977,8.8,0.3662,0.6742,1.841,0.001761,not_assessed,"below the screen floor, peak too small to read a trend"
SOC,2015,2019,16938,6.3,0.185,0.1303,0.705,0.000388,not_assessed,"below the screen floor, peak too small to read a trend"
SOF,2015,2019,51046,15.3,0.4259,0.1927,0.453,0.000334,headroom,peak growing broadly in step with annual traffic
SOG,2015,2019,5270,4.0,-0.0439,-0.0312,0.711,0.000759,not_assessed,"below the screen floor, peak too small to read a trend"
SOJ,2015,2016,2318,2.0,0.0311,-0.1129,-3.627,0.00087,not_assessed,"below the screen floor, peak too small to read a trend"
SOM,2015,2015,670,1.0,nan,nan,nan,0.001493,too_short,"one observed year, no trend to read"
SON,2015,2019,4935,5.0,0.2812,0.2821,1.003,0.000972,not_assessed,"below the screen floor, peak too small to read a trend"
SOQ,2015,2019,23173,14.9,1.3187,0.9705,0.736,0.000588,headroom,peak growing broadly in step with annual traffic
SOU,2015,2019,31438,13.0,-0.0942,-0.0534,0.567,0.00039,headroom,"traffic broadly flat, nothing to read into the peak"
SOV,2015,2019,1552,1.9,1.126,-0.0333,-0.03,0.001464,not_assessed,"below the screen floor, peak too small to read a trend"
SOW,2015,2019,2010,2.0,0.1565,0.0,0.0,0.000995,not_assessed,"below the screen floor, peak too small to read a trend"
SOY,2015,2019,1250,2.0,0.0064,0.0,nan,0.0016,not_assessed,"below the screen floor, peak too small to read a trend"
SPB,2015,2019,5022,3.9,-0.2666,0.2951,-1.107,0.000781,not_assessed,"below the screen floor, peak too small to read a trend"
SPC,2015,2019,20622,8.2,0.6296,0.4098,0.651,0.000612,headroom,peak growing broadly in step with annual traffic
SPD,2015,2019,5654,5.0,1.9479,0.2278,0.117,0.001014,not_assessed,"below the screen floor, peak too small to read a trend"
SPI,2015,2019,3596,1.5,-0.0655,-0.4706,7.186,0.001314,not_assessed,"below the screen floor, peak too small to read a trend"
SPN,2015,2019,6305,4.0,-0.2285,-0.099,0.433,0.000754,not_assessed,"below the screen floor, peak too small to read a trend"
SPR,2015,2019,49821,18.4,0.4467,0.6727,1.506,0.000374,headroom,peak growing broadly in step with annual traffic
SPS,2015,2019,2515,2.3,-0.0723,0.1263,-1.747,0.00092,not_assessed,"below the screen floor, peak too small to read a trend"
SPU,2015,2019,24047,13.0,0.5277,-0.0706,-0.134,0.000627,tightening,"growth going into the shoulder hours, not the peak"
SPY,2016,2018,810,2.0,0.1111,0.9516,8.564,0.002444,not_assessed,"below the screen floor, peak too small to read a trend"
SQD,2018,2019,6028,5.0,0.3202,0.2404,0.751,0.000823,not_assessed,"below the screen floor, peak too small to read a trend"
SQG,2017,2019,2518,4.0,0.2319,1.0,4.312,0.001602,not_assessed,"below the screen floor, peak too small to read a trend"
SQJ,2017,2017,2018,2.4,nan,nan,nan,0.001214,too_short,"one observed year, no trend to read"
SRE,2015,2019,8798,5.8,0.5572,0.1768,0.317,0.00092,not_assessed,"below the screen floor, peak too small to read a trend"
SRG,2015,2019,45990,15.0,0.4713,0.4579,0.972,0.000301,headroom,peak growing broadly in step with annual traffic
SRI,2015,2019,4877,5.0,1.2118,-0.1667,-0.138,0.001037,not_assessed,"below the screen floor, peak too small to read a trend"
SRQ,2015,2019,17685,10.7,0.4909,0.2952,0.601,0.000578,not_assessed,"below the screen floor, peak too small to read a trend"
SRY,2015,2019,2871,3.0,1.361,0.5,0.367,0.001011,not_assessed,"below the screen floor, peak too small to read a trend"
SSA,2015,2019,53959,15.5,-0.2709,-0.1749,0.646,0.000299,headroom,"traffic broadly flat, nothing to read into the peak"
SSB,2015,2019,5022,3.1,-0.2666,0.0219,-0.082,0.000617,not_assessed,"below the screen floor, peak too small to read a trend"
SSG,2015,2018,8183,5.0,-0.1957,0.9439,-4.823,0.000537,not_assessed,"below the screen floor, peak too small to read a trend"
SSH,2015,2018,14565,6.0,-0.2038,-0.2113,1.037,0.000431,not_assessed,"below the screen floor, peak too small to read a trend"
SSJ,2015,2019,3310,3.0,-0.4771,-0.3143,0.659,0.001027,not_assessed,"below the screen floor, peak too small to read a trend"
STD,2015,2016,1495,3.0,-0.6588,-0.25,0.38,0.001523,not_assessed,"below the screen floor, peak too small to read a trend"
STI,2015,2019,12964,7.8,0.1595,0.4714,2.956,0.000383,not_assessed,"below the screen floor, peak too small to read a trend"
STL,2015,2019,172929,37.2,0.063,-0.1644,-2.61,0.000249,tightening,"growth going into the shoulder hours, not the peak"
STM,2015,2019,5368,4.0,-0.3486,-0.2127,0.61,0.000964,not_assessed,"below the screen floor, peak too small to read a trend"
STN,2015,2019,170243,43.9,0.1984,0.021,0.106,0.000264,tightening,"growth going into the shoulder hours, not the peak"
STR,2015,2019,113248,34.3,0.1727,0.1173,0.679,0.000303,headroom,peak growing broadly in step with annual traffic
STS,2015,2019,8553,6.3,0.9483,1.9382,2.044,0.000723,not_assessed,"below the screen floor, peak too small to read a trend"
STT,2015,2019,38497,12.0,0.1632,-0.1815,-1.112,0.000716,tightening,"growth going into the shoulder hours, not the peak"
STV,2016,2019,15257,7.1,10.2681,2.5308,0.246,0.000512,not_assessed,"below the screen floor, peak too small to read a trend"
STW,2015,2019,4580,3.0,0.3019,0.4788,1.586,0.000771,not_assessed,"below the screen floor, peak too small to read a trend"
STX,2015,2019,15563,6.4,0.1383,0.3325,2.404,0.000974,not_assessed,"below the screen floor, peak too small to read a trend"
SUB,2015,2019,155197,34.8,0.0536,0.0209,0.391,0.000238,headroom,peak growing broadly in step with annual traffic
SUF,2015,2019,19573,8.8,0.263,0.009,0.034,0.00042,not_assessed,"below the screen floor, peak too small to read a trend"
SUG,2015,2019,676,2.0,-0.6189,0.0242,-0.039,0.003031,not_assessed,"below the screen floor, peak too small to read a trend"
SUN,2015,2019,3646,3.0,0.2713,0.1837,0.677,0.000831,not_assessed,"below the screen floor, peak too small to read a trend"
SUP,2018,2019,730,2.0,0.0,0.0,nan,0.00274,not_assessed,"below the screen floor, peak too small to read a trend"
SUR,2016,2019,1156,2.0,-0.0825,-0.25,3.029,0.003248,not_assessed,"below the screen floor, peak too small to read a trend"
SUV,2015,2019,9165,4.0,0.2689,0.3333,1.24,0.00061,not_assessed,"below the screen floor, peak too small to read a trend"
SUX,2015,2019,2690,3.2,0.9867,0.5355,0.543,0.001188,not_assessed,"below the screen floor, peak too small to read a trend"
SVA,2015,2019,3672,4.0,0.8269,0.3333,0.403,0.00109,not_assessed,"below the screen floor, peak too small to read a trend"
SVB,2015,2018,1651,2.0,1.7517,1.8889,1.078,0.001507,not_assessed,"below the screen floor, peak too small to read a trend"
SVC,2015,2019,2504,2.0,-0.1073,0.0,-0.0,0.0008,not_assessed,"below the screen floor, peak too small to read a trend"
SVD,2015,2019,6180,3.0,0.0987,-0.25,-2.534,0.000684,not_assessed,"below the screen floor, peak too small to read a trend"
SVG,2015,2019,43187,15.7,-0.1655,-0.1228,0.742,0.000363,headroom,"traffic broadly flat, nothing to read into the peak"
SVJ,2015,2019,3995,3.7,0.0286,0.3882,13.584,0.000925,not_assessed,"below the screen floor, peak too small to read a trend"
SVK,2015,2018,2126,3.5,-0.7358,-0.1593,0.216,0.001646,not_assessed,"below the screen floor, peak too small to read a trend"
SVO,2015,2019,370263,60.6,0.5434,0.4615,0.849,0.000183,headroom,peak growing broadly in step with annual traffic
SVQ,2015,2019,51275,16.3,0.642,0.1578,0.246,0.000321,tightening,"growth going into the shoulder hours, not the peak"
SVU,2015,2019,2354,3.2,0.4984,2.1667,4.347,0.001345,not_assessed,"below the screen floor, peak too small to read a trend"
SVX,2015,2019,45543,14.3,0.2405,0.3656,1.52,0.000355,headroom,peak growing broadly in step with annual traffic
SWA,2015,2019,55013,17.5,1.0088,0.6663,0.66,0.000322,headroom,peak growing broadly in step with annual traffic
SWF,2015,2019,6466,6.1,0.1812,0.2043,1.127,0.000917,not_assessed,"below the screen floor, peak too small to read a trend"
SWO,2017,2019,1757,1.8,0.2261,-0.1264,-0.559,0.000984,not_assessed,"below the screen floor, peak too small to read a trend"
SWQ,2015,2019,1889,2.5,0.233,0.2679,1.15,0.001349,not_assessed,"below the screen floor, peak too small to read a trend"
SWT,2018,2018,1074,2.0,nan,nan,nan,0.001862,too_short,"one observed year, no trend to read"
SXB,2015,2019,16526,10.6,-0.1538,0.115,-0.748,0.000671,not_assessed,"below the screen floor, peak too small to read a trend"
SXF,2015,2019,71730,21.9,0.2541,0.1843,0.725,0.0003,headroom,peak growing broadly in step with annual traffic
SXK,2015,2019,1360,2.6,-0.2255,-0.1295,0.574,0.00194,not_assessed,"below the screen floor, peak too small to read a trend"
SXM,2015,2019,59829,19.8,0.155,0.0904,0.583,0.000708,headroom,peak growing broadly in step with annual traffic
SXP,2015,2019,666,1.0,-0.7176,-0.6643,0.926,0.001535,not_assessed,"below the screen floor, peak too small to read a trend"
SXR,2015,2019,19755,8.8,0.326,-0.1733,-0.532,0.00045,not_assessed,"below the screen floor, peak too small to read a trend"
SXV,2019,2019,740,1.8,nan,nan,nan,0.002439,too_short,"one observed year, no trend to read"
SXZ,2016,2016,1472,2.0,nan,nan,nan,0.00145,too_short,"one observed year, no trend to read"
SYD,2015,2019,315644,71.8,0.0468,-0.0416,-0.89,0.000261,tightening,"growth going into the shoulder hours, not the peak"
SYJ,2018,2019,731,1.0,0.0014,0.0,nan,0.001368,not_assessed,"below the screen floor, peak too small to read a trend"
SYM,2015,2019,6565,5.3,0.7281,1.5687,2.155,0.000829,not_assessed,"below the screen floor, peak too small to read a trend"
SYO,2015,2019,3226,2.3,0.1048,-0.0333,-0.318,0.000904,not_assessed,"below the screen floor, peak too small to read a trend"
SYQ,2016,2017,1820,2.2,1.3454,1.2207,0.907,0.001214,not_assessed,"below the screen floor, peak too small to read a trend"
SYR,2015,2019,35559,10.6,-0.0014,-0.221,nan,0.00038,headroom,"traffic broadly flat, nothing to read into the peak"
SYX,2015,2019,122902,21.0,0.156,-0.1247,-0.799,0.00021,tightening,"growth going into the shoulder hours, not the peak"
SYY,2015,2019,5625,4.0,-0.1208,-0.3333,2.759,0.000751,not_assessed,"below the screen floor, peak too small to read a trend"
SYZ,2015,2019,25129,7.1,0.3139,-0.0175,-0.056,0.000387,tightening,"growth going into the shoulder hours, not the peak"
SZA,2017,2018,1756,2.0,0.1785,-0.2004,-1.122,0.001609,not_assessed,"below the screen floor, peak too small to read a trend"
SZB,2015,2019,54214,16.0,-0.1689,-0.131,0.775,0.000295,headroom,"traffic broadly flat, nothing to read into the peak"
SZE,2015,2018,1056,2.1,0.6296,0.0261,0.041,0.00195,not_assessed,"below the screen floor, peak too small to read a trend"
SZF,2015,2019,9302,4.0,-0.1547,-0.2292,1.482,0.000453,not_assessed,"below the screen floor, peak too small to read a trend"
SZG,2015,2019,14601,14.0,-0.1599,0.1116,-0.698,0.001075,not_assessed,"below the screen floor, peak too small to read a trend"
SZK,2015,2018,4635,3.4,0.3153,-0.4513,-1.431,0.001354,not_assessed,"below the screen floor, peak too small to read a trend"
SZX,2015,2019,352854,61.0,0.2576,0.2363,0.917,0.00018,headroom,peak growing broadly in step with annual traffic
SZZ,2015,2019,4673,4.0,0.3793,0.3333,0.879,0.00122,not_assessed,"below the screen floor, peak too small to read a trend"
TAB,2015,2019,17041,6.2,0.0362,0.3814,10.541,0.000537,not_assessed,"below the screen floor, peak too small to read a trend"
TAC,2015,2019,10652,8.3,0.0422,1.0089,23.925,0.000676,not_assessed,"below the screen floor, peak too small to read a trend"
TAE,2015,2019,29342,7.0,1.5019,0.3915,0.261,0.000267,tightening,"growth going into the shoulder hours, not the peak"
TAG,2015,2019,11568,6.9,0.8435,1.3073,1.55,0.000464,not_assessed,"below the screen floor, peak too small to read a trend"
TAH,2015,2019,2132,3.0,0.1518,0.0909,0.599,0.001787,not_assessed,"below the screen floor, peak too small to read a trend"
TAK,2015,2019,14261,5.9,0.0776,-0.0253,-0.326,0.000473,not_assessed,"below the screen floor, peak too small to read a trend"
TAL,2015,2019,1776,2.0,-0.3918,-0.5,1.276,0.001126,not_assessed,"below the screen floor, peak too small to read a trend"
TAM,2015,2019,9418,4.0,-0.1196,-0.0943,0.788,0.000661,not_assessed,"below the screen floor, peak too small to read a trend"
TAO,2015,2019,185197,33.5,0.2631,0.135,0.513,0.000184,headroom,peak growing broadly in step with annual traffic
TAP,2015,2019,3706,2.1,0.2976,-0.0278,-0.093,0.000911,not_assessed,"below the screen floor, peak too small to read a trend"
TAS,2015,2019,29064,9.0,0.2061,0.5061,2.455,0.000313,headroom,peak growing broadly in step with annual traffic
TAY,2015,2018,634,1.4,-0.0155,-0.3227,nan,0.002098,not_assessed,"below the screen floor, peak too small to read a trend"
TAZ,2016,2019,3909,2.0,0.1918,0.0,0.0,0.000564,not_assessed,"below the screen floor, peak too small to read a trend"
TBB,2015,2019,2691,2.7,1.1056,1.3145,1.189,0.000953,not_assessed,"below the screen floor, peak too small to read a trend"
TBG,2015,2019,1458,4.0,-0.0514,1.0,-19.456,0.002745,not_assessed,"below the screen floor, peak too small to read a trend"
TBI,2015,2019,2778,2.0,0.3006,-0.5,-1.664,0.001158,not_assessed,"below the screen floor, peak too small to read a trend"
TBN,2015,2019,1446,1.1,-0.5218,-0.4777,0.915,0.000873,not_assessed,"below the screen floor, peak too small to read a trend"
TBO,2015,2015,494,2.0,nan,nan,nan,0.004534,too_short,"one observed year, no trend to read"
TBP,2015,2019,1844,2.0,0.3659,0.094,0.257,0.00125,not_assessed,"below the screen floor, peak too small to read a trend"
TBS,2015,2019,30887,9.1,0.6864,0.1048,0.153,0.000358,tightening,"growth going into the shoulder hours, not the peak"
TBT,2015,2019,724,1.0,-0.019,-0.4861,nan,0.00142,not_assessed,"below the screen floor, peak too small to read a trend"
TBW,2015,2018,1015,2.0,0.1998,1.0,5.006,0.00197,not_assessed,"below the screen floor, peak too small to read a trend"
TBZ,2015,2019,6841,4.3,-0.3054,0.3062,-1.003,0.000724,not_assessed,"below the screen floor, peak too small to read a trend"
TCB,2015,2018,1080,2.0,-0.0426,-0.0286,0.671,0.001978,not_assessed,"below the screen floor, peak too small to read a trend"
TCG,2015,2019,5644,4.1,2.7879,1.7085,0.613,0.000723,not_assessed,"below the screen floor, peak too small to read a trend"
TCO,2015,2019,3047,4.0,0.2072,0.872,4.208,0.00128,not_assessed,"below the screen floor, peak too small to read a trend"
TCQ,2015,2019,3768,2.8,0.2034,-0.0713,-0.35,0.000818,not_assessed,"below the screen floor, peak too small to read a trend"
TCR,2015,2019,3666,3.0,1.5636,0.4474,0.286,0.000802,not_assessed,"below the screen floor, peak too small to read a trend"
TCZ,2015,2019,11806,6.9,0.6325,0.7042,1.113,0.000574,not_assessed,"below the screen floor, peak too small to read a trend"
TDD,2015,2019,8923,5.0,1.3445,0.9379,0.698,0.000798,not_assessed,"below the screen floor, peak too small to read a trend"
TDK,2018,2019,1410,2.0,0.9368,1.0,1.067,0.001405,not_assessed,"below the screen floor, peak too small to read a trend"
TDX,2015,2019,2243,2.0,0.1491,-0.0359,-0.241,0.000892,not_assessed,"below the screen floor, peak too small to read a trend"
TEE,2018,2018,645,1.3,nan,nan,nan,0.002067,too_short,"one observed year, no trend to read"
TEN,2015,2019,8622,6.3,0.3769,0.5713,1.516,0.000664,not_assessed,"below the screen floor, peak too small to read a trend"
TEQ,2015,2018,662,2.0,-0.3491,0.0214,-0.061,0.003088,not_assessed,"below the screen floor, peak too small to read a trend"
TER,2015,2019,11572,5.2,0.3014,0.267,0.886,0.000653,not_assessed,"below the screen floor, peak too small to read a trend"
TET,2015,2018,2739,4.0,-0.3441,-0.0086,0.025,0.001316,not_assessed,"below the screen floor, peak too small to read a trend"
TEX,2019,2019,2085,2.0,nan,nan,nan,0.001482,too_short,"one observed year, no trend to read"
TFF,2015,2015,944,2.0,nan,nan,nan,0.001927,too_short,"one observed year, no trend to read"
TFN,2015,2019,69284,20.7,0.5678,0.405,0.713,0.000327,headroom,peak growing broadly in step with annual traffic
TFS,2015,2019,54360,25.6,0.3385,0.2781,0.822,0.000479,headroom,peak growing broadly in step with annual traffic
TGC,2015,2019,742,2.2,-0.1432,0.0968,-0.676,0.002956,not_assessed,"below the screen floor, peak too small to read a trend"
TGD,2015,2019,11711,5.1,0.3402,-0.0458,-0.135,0.000608,not_assessed,"below the screen floor, peak too small to read a trend"
TGG,2015,2019,11211,8.0,0.012,0.1484,nan,0.000722,not_assessed,"below the screen floor, peak too small to read a trend"
TGI,2015,2018,730,2.0,-0.0689,0.0,-0.0,0.00274,not_assessed,"below the screen floor, peak too small to read a trend"
TGM,2015,2016,2064,3.0,-0.1187,0.0,-0.0,0.001454,not_assessed,"below the screen floor, peak too small to read a trend"
TGO,2015,2019,12912,8.0,0.581,0.2606,0.449,0.000649,not_assessed,"below the screen floor, peak too small to read a trend"
TGT,2015,2018,6712,6.0,0.8603,-0.2344,-0.272,0.000894,not_assessed,"below the screen floor, peak too small to read a trend"
TGU,2015,2019,15114,5.8,-0.0251,-0.1792,7.142,0.000774,not_assessed,"below the screen floor, peak too small to read a trend"
TGZ,2015,2019,11920,6.6,0.1363,-0.1013,-0.743,0.000584,not_assessed,"below the screen floor, peak too small to read a trend"
THD,2015,2019,6410,4.1,0.7352,0.3766,0.512,0.000638,not_assessed,"below the screen floor, peak too small to read a trend"
THE,2015,2019,8684,4.0,-0.2163,-0.311,1.438,0.000501,not_assessed,"below the screen floor, peak too small to read a trend"
THL,2015,2019,5722,6.8,0.0612,-0.0357,-0.584,0.001163,not_assessed,"below the screen floor, peak too small to read a trend"
THQ,2015,2019,3827,3.0,1.3623,0.0,0.0,0.000779,not_assessed,"below the screen floor, peak too small to read a trend"
THR,2015,2019,95913,22.0,0.5037,-0.1638,-0.325,0.00027,tightening,"growth going into the shoulder hours, not the peak"
THS,2015,2019,1770,2.1,0.2123,-0.1008,-0.475,0.001175,not_assessed,"below the screen floor, peak too small to read a trend"
TIA,2015,2019,25119,9.7,0.3901,0.3149,0.807,0.000441,headroom,peak growing broadly in step with annual traffic
TIF,2015,2019,10923,4.2,0.1077,-0.0159,-0.148,0.000381,not_assessed,"below the screen floor, peak too small to read a trend"
TIH,2015,2019,1168,2.0,0.0447,0.0,0.0,0.001729,not_assessed,"below the screen floor, peak too small to read a trend"
TIJ,2015,2019,58479,17.5,0.4403,0.5586,1.269,0.00031,headroom,peak growing broadly in step with annual traffic
TIM,2015,2019,6931,5.5,0.4734,0.9059,1.914,0.000864,not_assessed,"below the screen floor, peak too small to read a trend"
TIN,2015,2018,1070,1.1,0.283,0.0914,0.323,0.001087,not_assessed,"below the screen floor, peak too small to read a trend"
TIP,2015,2017,4039,2.4,-0.2477,-0.3382,1.365,0.00059,not_assessed,"below the screen floor, peak too small to read a trend"
TIR,2015,2019,11320,5.0,1.3393,0.6667,0.498,0.000651,not_assessed,"below the screen floor, peak too small to read a trend"
TIU,2015,2019,1346,2.0,-0.351,0.0,-0.0,0.001486,not_assessed,"below the screen floor, peak too small to read a trend"
TIV,2015,2019,8958,7.8,0.2629,0.5685,2.162,0.000807,not_assessed,"below the screen floor, peak too small to read a trend"
TIZ,2015,2017,1016,2.0,-0.1165,-0.5,4.291,0.001924,not_assessed,"below the screen floor, peak too small to read a trend"
TJA,2015,2019,4626,4.0,-0.0004,-0.2381,nan,0.000848,not_assessed,"below the screen floor, peak too small to read a trend"
TJH,2019,2019,1454,1.0,nan,nan,nan,0.001498,too_short,"one observed year, no trend to read"
TJK,2015,2016,691,2.0,-0.1744,0.0,-0.0,0.003272,not_assessed,"below the screen floor, peak too small to read a trend"
TJL,2015,2018,930,1.1,-0.4667,-0.4711,1.009,0.00114,not_assessed,"below the screen floor, peak too small to read a trend"
TJM,2015,2019,21125,6.0,0.2903,-0.1409,-0.485,0.00042,tightening,"growth going into the shoulder hours, not the peak"
TJQ,2015,2019,10333,6.1,0.5234,0.5796,1.107,0.00068,not_assessed,"below the screen floor, peak too small to read a trend"
TJS,2015,2019,1146,2.0,0.0977,-0.3333,-3.412,0.001894,not_assessed,"below the screen floor, peak too small to read a trend"
TJU,2015,2019,851,1.1,-0.4648,-0.409,0.88,0.001605,not_assessed,"below the screen floor, peak too small to read a trend"
TKD,2015,2018,1540,2.0,-0.4254,-0.4268,1.003,0.0013,not_assessed,"below the screen floor, peak too small to read a trend"
TKE,2015,2019,1622,4.0,0.3688,0.9828,2.665,0.002075,not_assessed,"below the screen floor, peak too small to read a trend"
TKG,2015,2019,21092,7.5,0.8111,0.5717,0.705,0.00034,headroom,peak growing broadly in step with annual traffic
TKK,2015,2019,1238,2.0,0.4496,0.0,0.0,0.001863,not_assessed,"below the screen floor, peak too small to read a trend"
TKN,2015,2019,5165,4.1,0.1901,0.0281,0.148,0.000775,not_assessed,"below the screen floor, peak too small to read a trend"
TKQ,2015,2015,1439,3.0,nan,nan,nan,0.001767,too_short,"one observed year, no trend to read"
TKS,2015,2019,9578,4.2,-0.026,0.386,-14.828,0.000417,not_assessed,"below the screen floor, peak too small to read a trend"
TKU,2015,2019,8159,3.5,0.2984,-0.1012,-0.339,0.000801,not_assessed,"below the screen floor, peak too small to read a trend"
TLA,2015,2019,1352,2.0,-0.328,-0.0139,0.042,0.001479,not_assessed,"below the screen floor, peak too small to read a trend"
TLC,2015,2019,6263,3.4,-0.3929,-0.4222,1.074,0.000709,not_assessed,"below the screen floor, peak too small to read a trend"
TLE,2015,2018,981,2.0,0.1763,0.7419,4.209,0.002533,not_assessed,"below the screen floor, peak too small to read a trend"
TLH,2015,2019,15242,5.4,0.1399,0.1943,1.389,0.000421,not_assessed,"below the screen floor, peak too small to read a trend"
TLI,2017,2019,730,2.0,0.1128,0.0,0.0,0.00274,not_assessed,"below the screen floor, peak too small to read a trend"
TLK,2017,2019,2410,2.5,0.2985,0.25,0.838,0.000862,not_assessed,"below the screen floor, peak too small to read a trend"
TLL,2015,2019,36748,10.4,0.1785,-0.1848,-1.035,0.000399,tightening,"growth going into the shoulder hours, not the peak"
TLM,2015,2018,2141,3.1,-0.0088,0.652,nan,0.0014,not_assessed,"below the screen floor, peak too small to read a trend"
TLN,2015,2019,5622,3.2,0.0814,0.1607,1.975,0.000867,not_assessed,"below the screen floor, peak too small to read a trend"
TLQ,2018,2019,5875,3.3,0.9675,-0.3233,-0.334,0.000847,not_assessed,"below the screen floor, peak too small to read a trend"
TLS,2015,2019,81044,23.3,0.0901,0.1124,1.247,0.000295,headroom,peak growing broadly in step with annual traffic
TLT,2015,2019,2323,2.0,-0.3962,-0.3333,0.841,0.000635,not_assessed,"below the screen floor, peak too small to read a trend"
TLV,2015,2019,136524,33.8,0.495,0.5185,1.048,0.000255,headroom,peak growing broadly in step with annual traffic
TMC,2015,2019,3884,3.0,0.1615,-0.154,-0.953,0.000886,not_assessed,"below the screen floor, peak too small to read a trend"
TMF,2015,2015,904,2.0,nan,nan,nan,0.002212,too_short,"one observed year, no trend to read"
TMH,2019,2019,1456,2.0,nan,nan,nan,0.001374,too_short,"one observed year, no trend to read"
TMI,2015,2019,1379,3.0,-0.2106,0.0,-0.0,0.002607,not_assessed,"below the screen floor, peak too small to read a trend"
TMJ,2015,2019,897,2.0,-0.3174,1.0,-3.151,0.002249,not_assessed,"below the screen floor, peak too small to read a trend"
TML,2015,2018,2995,2.2,-0.3776,-0.2741,0.726,0.000727,not_assessed,"below the screen floor, peak too small to read a trend"
TMM,2015,2018,2417,2.6,-0.0183,0.5786,nan,0.001344,not_assessed,"below the screen floor, peak too small to read a trend"
TMP,2015,2019,4655,2.0,-0.1906,-0.6427,3.373,0.00108,not_assessed,"below the screen floor, peak too small to read a trend"
TMR,2015,2018,1804,1.8,0.1639,0.636,3.881,0.001492,not_assessed,"below the screen floor, peak too small to read a trend"
TMS,2015,2018,1176,1.0,-0.5584,-0.3333,0.597,0.001518,not_assessed,"below the screen floor, peak too small to read a trend"
TMU,2015,2019,6372,5.9,-0.2599,-0.161,0.619,0.00104,not_assessed,"below the screen floor, peak too small to read a trend"
TMW,2015,2019,5020,4.1,0.0861,0.011,0.128,0.000814,not_assessed,"below the screen floor, peak too small to read a trend"
TNA,2015,2019,128212,25.6,0.5961,0.229,0.384,0.000213,headroom,peak growing broadly in step with annual traffic
TNE,2015,2019,2640,2.3,0.133,0.0147,0.111,0.001142,not_assessed,"below the screen floor, peak too small to read a trend"
TNG,2015,2018,9394,5.9,0.3325,0.8117,2.441,0.000752,not_assessed,"below the screen floor, peak too small to read a trend"
TNH,2016,2019,1401,2.0,0.6718,0.0,0.0,0.001566,not_assessed,"below the screen floor, peak too small to read a trend"
TNJ,2015,2019,3869,2.1,0.7862,0.0736,0.094,0.000779,not_assessed,"below the screen floor, peak too small to read a trend"
TNK,2015,2019,2257,3.0,-0.3847,-0.5,1.3,0.001246,not_assessed,"below the screen floor, peak too small to read a trend"
TNN,2015,2019,5541,3.0,5.3253,2.0305,0.381,0.000771,not_assessed,"below the screen floor, peak too small to read a trend"
TNO,2015,2019,3255,3.0,-0.2907,-0.1941,0.668,0.001063,not_assessed,"below the screen floor, peak too small to read a trend"
TNR,2015,2018,12212,8.7,0.0745,0.7648,10.262,0.000566,not_assessed,"below the screen floor, peak too small to read a trend"
TOE,2015,2017,636,1.3,0.1398,-0.3654,-2.614,0.002069,not_assessed,"below the screen floor, peak too small to read a trend"
TOF,2015,2019,6810,5.1,0.6732,0.4081,0.606,0.00109,not_assessed,"below the screen floor, peak too small to read a trend"
TOL,2015,2019,4240,1.9,0.5186,-0.2946,-0.568,0.000979,not_assessed,"below the screen floor, peak too small to read a trend"
TOS,2015,2019,33250,12.5,0.0384,-0.0105,-0.273,0.000391,tightening,"growth going into the shoulder hours, not the peak"
TOY,2015,2019,4793,2.3,-0.2214,-0.375,1.694,0.000609,not_assessed,"below the screen floor, peak too small to read a trend"
TPA,2015,2019,170605,41.2,0.0936,-0.0094,-0.101,0.000253,at_ceiling,"large airport, peak hour static across the window"
TPE,2015,2019,239583,44.0,0.2658,0.2737,1.03,0.00019,headroom,peak growing broadly in step with annual traffic
TPP,2015,2019,8875,5.8,0.3614,0.4623,1.279,0.000663,not_assessed,"below the screen floor, peak too small to read a trend"
TPQ,2015,2019,2460,2.2,-0.0342,0.0358,-1.047,0.001259,not_assessed,"below the screen floor, peak too small to read a trend"
TPS,2015,2019,4249,3.5,-0.6141,-0.2985,0.486,0.001092,not_assessed,"below the screen floor, peak too small to read a trend"
TQR,2015,2019,1830,2.1,0.1125,0.0456,0.405,0.001154,not_assessed,"below the screen floor, peak too small to read a trend"
TRA,2015,2019,1387,2.0,0.0637,-0.0359,-0.564,0.001879,not_assessed,"below the screen floor, peak too small to read a trend"
TRC,2015,2019,9028,6.8,0.0566,-0.116,-2.048,0.000658,not_assessed,"below the screen floor, peak too small to read a trend"
TRD,2015,2019,48915,20.2,-0.0467,0.0508,-1.088,0.000421,headroom,"traffic broadly flat, nothing to read into the peak"
TRE,2015,2019,1620,2.0,0.1894,-0.2921,-1.542,0.001359,not_assessed,"below the screen floor, peak too small to read a trend"
TRF,2015,2019,20746,13.1,0.0895,0.3198,3.573,0.000883,headroom,peak growing broadly in step with annual traffic
TRG,2015,2019,11404,4.6,0.4337,0.1507,0.347,0.000413,not_assessed,"below the screen floor, peak too small to read a trend"
TRI,2015,2019,8726,3.3,0.069,0.3423,4.962,0.000556,not_assessed,"below the screen floor, peak too small to read a trend"
TRK,2015,2019,10428,9.0,-0.2843,-0.0282,0.099,0.001021,not_assessed,"below the screen floor, peak too small to read a trend"
TRN,2015,2019,33625,11.7,0.011,-0.0667,nan,0.00041,headroom,"traffic broadly flat, nothing to read into the peak"
TRO,2015,2017,1698,1.0,-0.0012,-0.481,nan,0.000611,not_assessed,"below the screen floor, peak too small to read a trend"
TRR,2016,2019,1038,2.0,0.418,0.0,0.0,0.002175,not_assessed,"below the screen floor, peak too small to read a trend"
TRS,2015,2019,8230,3.7,0.0751,0.1416,1.885,0.000581,not_assessed,"below the screen floor, peak too small to read a trend"
TRU,2015,2019,4921,3.0,0.1821,0.1673,0.919,0.00067,not_assessed,"below the screen floor, peak too small to read a trend"
TRV,2015,2019,28331,8.0,0.162,0.1181,0.729,0.000292,headroom,peak growing broadly in step with annual traffic
TRW,2017,2019,4250,1.8,0.0071,-0.1129,nan,0.001618,not_assessed,"below the screen floor, peak too small to read a trend"
TRZ,2015,2019,14774,6.0,0.4295,0.2,0.466,0.000419,not_assessed,"below the screen floor, peak too small to read a trend"
TSA,2015,2019,58416,17.9,0.7068,0.4894,0.692,0.000302,headroom,peak growing broadly in step with annual traffic
TSE,2015,2019,49622,10.9,0.4866,0.4875,1.002,0.000259,headroom,peak growing broadly in step with annual traffic
TSF,2015,2019,19164,9.0,0.3102,0.2496,0.805,0.000465,not_assessed,"below the screen floor, peak too small to read a trend"
TSJ,2015,2019,7512,3.1,0.2104,0.0109,0.052,0.000459,not_assessed,"below the screen floor, peak too small to read a trend"
TSN,2015,2019,162715,30.9,0.4455,0.2925,0.656,0.000202,headroom,peak growing broadly in step with annual traffic
TSR,2015,2019,12947,5.9,0.4981,0.4581,0.92,0.000531,not_assessed,"below the screen floor, peak too small to read a trend"
TST,2015,2019,4380,3.2,0.0751,0.0286,0.38,0.00072,not_assessed,"below the screen floor, peak too small to read a trend"
TSV,2015,2019,24345,7.1,0.2278,0.0567,0.249,0.000469,tightening,"growth going into the shoulder hours, not the peak"
TSY,2018,2019,760,2.0,0.0411,0.0,0.0,0.002639,not_assessed,"below the screen floor, peak too small to read a trend"
TTE,2015,2019,11378,6.1,0.3292,0.0888,0.27,0.0007,not_assessed,"below the screen floor, peak too small to read a trend"
TTJ,2015,2019,3650,2.3,-0.0005,0.0378,nan,0.000633,not_assessed,"below the screen floor, peak too small to read a trend"
TTN,2015,2019,6019,3.3,-0.0304,-0.065,2.133,0.000549,not_assessed,"below the screen floor, peak too small to read a trend"
TTQ,2015,2019,2619,2.2,0.7106,-0.4593,-0.646,0.000819,not_assessed,"below the screen floor, peak too small to read a trend"
TTT,2015,2019,4166,3.0,1.7052,0.5051,0.296,0.000869,not_assessed,"below the screen floor, peak too small to read a trend"
TUC,2015,2019,7791,3.8,0.4112,0.2648,0.644,0.000513,not_assessed,"below the screen floor, peak too small to read a trend"
TUG,2015,2019,1616,3.1,-0.0977,0.4604,-4.712,0.001653,not_assessed,"below the screen floor, peak too small to read a trend"
TUI,2015,2019,1196,2.0,0.4341,0.0,0.0,0.001814,not_assessed,"below the screen floor, peak too small to read a trend"
TUL,2015,2019,37112,12.6,-0.0063,-0.0017,nan,0.000332,headroom,"traffic broadly flat, nothing to read into the peak"
TUN,2015,2018,48609,14.5,0.1599,-0.1203,-0.753,0.000324,tightening,"growth going into the shoulder hours, not the peak"
TUO,2015,2019,3116,2.1,-0.144,-0.1996,1.387,0.000709,not_assessed,"below the screen floor, peak too small to read a trend"
TUP,2017,2019,2172,1.9,-0.2946,-0.0278,0.094,0.00119,not_assessed,"below the screen floor, peak too small to read a trend"
TUS,2015,2019,39861,14.5,0.0505,-0.0138,-0.273,0.000385,tightening,"growth going into the shoulder hours, not the peak"
TUU,2015,2019,15967,6.1,0.3682,0.5053,1.372,0.00036,not_assessed,"below the screen floor, peak too small to read a trend"
TVC,2015,2019,11452,4.1,0.3036,-0.0946,-0.312,0.000569,not_assessed,"below the screen floor, peak too small to read a trend"
TVF,2015,2019,2010,1.0,0.4639,0.0,0.0,0.000498,not_assessed,"below the screen floor, peak too small to read a trend"
TVS,2015,2019,5444,4.0,1.3405,0.3302,0.246,0.000843,not_assessed,"below the screen floor, peak too small to read a trend"
TVU,2015,2019,2555,3.0,0.3049,-0.2391,-0.784,0.001191,not_assessed,"below the screen floor, peak too small to read a trend"
TVY,2015,2019,2740,3.4,-0.411,-0.3832,0.932,0.00127,not_assessed,"below the screen floor, peak too small to read a trend"
TWC,2019,2019,2396,1.9,nan,nan,nan,0.001326,too_short,"one observed year, no trend to read"
TWF,2015,2019,2076,2.2,0.1508,0.6185,4.102,0.001041,not_assessed,"below the screen floor, peak too small to read a trend"
TWT,2015,2018,876,2.0,0.1526,0.0,0.0,0.002411,not_assessed,"below the screen floor, peak too small to read a trend"
TWU,2015,2019,14161,7.0,0.165,0.3971,2.406,0.000448,not_assessed,"below the screen floor, peak too small to read a trend"
TXE,2018,2019,730,2.0,0.0,0.0,nan,0.00274,not_assessed,"below the screen floor, peak too small to read a trend"
TXF,2016,2016,670,2.0,nan,nan,nan,0.003037,too_short,"one observed year, no trend to read"
TXK,2015,2019,2484,2.5,0.1667,0.446,2.675,0.000998,not_assessed,"below the screen floor, peak too small to read a trend"
TXL,2015,2019,187827,44.1,0.0593,-0.1086,-1.832,0.000236,tightening,"growth going into the shoulder hours, not the peak"
TXN,2015,2019,9571,5.9,0.4711,0.5027,1.067,0.000702,not_assessed,"below the screen floor, peak too small to read a trend"
TYL,2015,2019,2276,2.7,1.6282,0.3254,0.2,0.001212,not_assessed,"below the screen floor, peak too small to read a trend"
TYN,2015,2019,106893,25.4,0.3845,0.2865,0.745,0.000244,headroom,peak growing broadly in step with annual traffic
TYR,2015,2019,3136,2.6,-0.3794,-0.1621,0.427,0.001304,not_assessed,"below the screen floor, peak too small to read a trend"
TYS,2015,2019,42397,9.5,0.2654,-0.0879,-0.331,0.00032,tightening,"growth going into the shoulder hours, not the peak"
TZA,2015,2019,40095,13.3,0.2863,0.101,0.353,0.000333,headroom,peak growing broadly in step with annual traffic
TZL,2015,2019,3668,3.0,1.1032,0.5,0.453,0.000818,not_assessed,"below the screen floor, peak too small to read a trend"
TZN,2017,2019,1460,2.0,0.0,0.0,nan,0.001884,not_assessed,"below the screen floor, peak too small to read a trend"
TZX,2015,2019,22445,9.4,0.0375,0.0822,2.191,0.000428,headroom,peak growing broadly in step with annual traffic
UAK,2018,2019,978,1.0,0.0295,0.0175,0.595,0.003289,not_assessed,"below the screen floor, peak too small to read a trend"
UAQ,2015,2018,2087,1.8,-0.1004,-0.2332,2.322,0.0011,not_assessed,"below the screen floor, peak too small to read a trend"
UAS,2015,2018,6203,21.0,3.892,9.5,2.441,0.003411,not_assessed,"below the screen floor, peak too small to read a trend"
UBA,2015,2019,1350,2.0,-0.49,-0.2014,0.411,0.001481,not_assessed,"below the screen floor, peak too small to read a trend"
UBJ,2015,2019,7556,4.0,-0.0464,-0.2,4.307,0.00052,not_assessed,"below the screen floor, peak too small to read a trend"
UBP,2015,2019,12036,5.0,0.1582,0.0075,0.048,0.000441,not_assessed,"below the screen floor, peak too small to read a trend"
UCB,2017,2019,1537,2.0,-0.6949,-0.5032,0.724,0.001467,not_assessed,"below the screen floor, peak too small to read a trend"
UCT,2017,2019,1765,3.0,-0.1171,0.4826,-4.123,0.001079,not_assessed,"below the screen floor, peak too small to read a trend"
UDI,2015,2019,12260,6.0,-0.116,0.0113,-0.097,0.000507,not_assessed,"below the screen floor, peak too small to read a trend"
UDJ,2015,2015,567,1.0,nan,nan,nan,0.001764,too_short,"one observed year, no trend to read"
UDR,2015,2019,10619,6.9,0.7023,0.5771,0.822,0.00075,not_assessed,"below the screen floor, peak too small to read a trend"
UEL,2015,2018,1072,1.2,-0.3084,-0.3633,1.178,0.001633,not_assessed,"below the screen floor, peak too small to read a trend"
UEO,2015,2019,5123,2.1,0.0598,-0.4623,-7.733,0.000827,not_assessed,"below the screen floor, peak too small to read a trend"
UET,2015,2019,3502,2.5,-0.1652,-0.371,2.246,0.000716,not_assessed,"below the screen floor, peak too small to read a trend"
UFA,2015,2019,25005,7.7,0.4205,0.4687,1.115,0.000405,headroom,peak growing broadly in step with annual traffic
UGC,2015,2019,3042,2.1,0.0864,-0.1667,-1.928,0.0008,not_assessed,"below the screen floor, peak too small to read a trend"
UIB,2015,2019,10131,6.0,0.9231,0.4534,0.491,0.000648,not_assessed,"below the screen floor, peak too small to read a trend"
UIH,2015,2019,10236,6.1,1.4845,0.64,0.431,0.000631,not_assessed,"below the screen floor, peak too small to read a trend"
UII,2018,2019,1215,2.0,0.3902,1.0,2.563,0.001595,not_assessed,"below the screen floor, peak too small to read a trend"
UIN,2015,2019,1263,1.7,-0.6632,-0.1739,0.262,0.001308,not_assessed,"below the screen floor, peak too small to read a trend"
UIO,2015,2019,46535,13.6,-0.0838,0.0485,-0.579,0.000327,headroom,"traffic broadly flat, nothing to read into the peak"
UIP,2015,2018,1905,2.0,-0.017,-0.0295,nan,0.001194,not_assessed,"below the screen floor, peak too small to read a trend"
UKA,2015,2018,15304,15.8,4.3436,4.2565,0.98,0.000923,not_assessed,"below the screen floor, peak too small to read a trend"
UKB,2015,2019,27250,9.0,0.2691,-0.0007,-0.003,0.000328,tightening,"growth going into the shoulder hours, not the peak"
UKK,2015,2019,5268,3.2,0.2047,0.6043,2.953,0.000584,not_assessed,"below the screen floor, peak too small to read a trend"
UKX,2015,2019,962,1.1,0.2429,-0.4556,-1.876,0.001131,not_assessed,"below the screen floor, peak too small to read a trend"
ULG,2017,2018,896,3.0,-0.0857,-0.07,0.817,0.003487,not_assessed,"below the screen floor, peak too small to read a trend"
ULN,2015,2019,9575,4.0,0.0383,0.3591,9.381,0.000519,not_assessed,"below the screen floor, peak too small to read a trend"
ULO,2015,2015,751,2.0,nan,nan,nan,0.002663,too_short,"one observed year, no trend to read"
ULV,2015,2019,3957,2.0,0.2756,0.9404,3.412,0.000784,not_assessed,"below the screen floor, peak too small to read a trend"
ULX,2016,2018,1537,2.3,0.5764,1.5678,2.72,0.001852,not_assessed,"below the screen floor, peak too small to read a trend"
ULY,2017,2017,2975,2.0,nan,nan,nan,0.001091,too_short,"one observed year, no trend to read"
UME,2015,2019,10541,5.3,-0.1161,-0.2605,2.243,0.000597,not_assessed,"below the screen floor, peak too small to read a trend"
UNG,2015,2019,1510,6.0,-0.3765,1.0,-2.656,0.003782,not_assessed,"below the screen floor, peak too small to read a trend"
UNK,2015,2019,7584,6.0,0.0064,-0.0263,nan,0.000867,not_assessed,"below the screen floor, peak too small to read a trend"
UNN,2015,2019,2260,2.0,0.3705,0.0,0.0,0.001342,not_assessed,"below the screen floor, peak too small to read a trend"
UOL,2016,2019,730,2.0,0.9312,1.0,1.074,0.00274,not_assessed,"below the screen floor, peak too small to read a trend"
UPG,2015,2019,124228,40.1,0.1444,0.1864,1.29,0.000309,headroom,peak growing broadly in step with annual traffic
UPN,2015,2019,1180,2.1,0.3882,1.1017,2.838,0.001806,not_assessed,"below the screen floor, peak too small to read a trend"
URA,2015,2019,3256,2.0,1.2833,-0.102,-0.08,0.000809,not_assessed,"below the screen floor, peak too small to read a trend"
URC,2015,2019,183079,32.3,0.2022,0.0439,0.217,0.000197,tightening,"growth going into the shoulder hours, not the peak"
URE,2017,2019,1240,2.1,0.0114,0.0284,nan,0.001672,not_assessed,"below the screen floor, peak too small to read a trend"
URO,2018,2018,552,1.0,nan,nan,nan,0.001978,too_short,"one observed year, no trend to read"
URS,2015,2016,764,1.0,0.0324,-0.0165,-0.51,0.001424,not_assessed,"below the screen floor, peak too small to read a trend"
URT,2015,2019,12396,7.0,-0.0543,0.2543,-4.682,0.000552,not_assessed,"below the screen floor, peak too small to read a trend"
URY,2015,2019,2338,2.3,0.2449,0.1585,0.647,0.001072,not_assessed,"below the screen floor, peak too small to read a trend"
USA,2017,2019,2736,2.8,0.6522,0.2525,0.387,0.000999,not_assessed,"below the screen floor, peak too small to read a trend"
USH,2015,2019,7343,4.3,0.4105,0.1016,0.247,0.000588,not_assessed,"below the screen floor, peak too small to read a trend"
USK,2015,2019,2352,2.0,1.0595,0.0143,0.014,0.001048,not_assessed,"below the screen floor, peak too small to read a trend"
USM,2015,2019,27647,9.2,0.0464,-0.0155,-0.335,0.000339,tightening,"growth going into the shoulder hours, not the peak"
USN,2015,2019,6801,4.0,0.3252,0.2817,0.866,0.000582,not_assessed,"below the screen floor, peak too small to read a trend"
USU,2015,2019,12070,9.1,1.8018,2.0319,1.128,0.000816,not_assessed,"below the screen floor, peak too small to read a trend"
UTH,2015,2019,18251,9.2,0.0438,0.3185,7.271,0.000486,not_assessed,"below the screen floor, peak too small to read a trend"
UTN,2015,2018,2288,3.6,-0.122,-0.0479,0.393,0.001655,not_assessed,"below the screen floor, peak too small to read a trend"
UTP,2015,2019,8973,5.1,2.9739,0.2708,0.091,0.000614,not_assessed,"below the screen floor, peak too small to read a trend"
UTT,2015,2018,2106,2.0,0.7727,0.6604,0.855,0.000949,not_assessed,"below the screen floor, peak too small to read a trend"
UUA,2018,2019,1065,1.1,0.0047,-0.4444,nan,0.001043,not_assessed,"below the screen floor, peak too small to read a trend"
UUD,2015,2019,4184,4.8,0.3514,0.7048,2.006,0.001158,not_assessed,"below the screen floor, peak too small to read a trend"
UUS,2015,2019,12071,5.5,0.3382,0.3803,1.124,0.000653,not_assessed,"below the screen floor, peak too small to read a trend"
UVE,2015,2019,2542,3.0,-0.0027,0.5,nan,0.001115,not_assessed,"below the screen floor, peak too small to read a trend"
UVF,2015,2019,5704,6.3,0.0919,-0.082,-0.892,0.001065,not_assessed,"below the screen floor, peak too small to read a trend"
UYL,2015,2018,1472,1.7,-0.1854,-0.5079,2.74,0.001339,not_assessed,"below the screen floor, peak too small to read a trend"
UYN,2015,2019,23897,7.5,0.3499,0.2143,0.613,0.00032,headroom,peak growing broadly in step with annual traffic
UYU,2015,2019,3591,2.0,0.4562,-0.3364,-0.737,0.001099,not_assessed,"below the screen floor, peak too small to read a trend"
VAA,2015,2019,5242,3.5,0.0089,0.1709,nan,0.000766,not_assessed,"below the screen floor, peak too small to read a trend"
VAI,2015,2019,1326,1.1,0.5455,-0.4583,-0.84,0.000997,not_assessed,"below the screen floor, peak too small to read a trend"
VAK,2015,2019,666,1.0,-0.7707,-0.7983,1.036,0.001517,not_assessed,"below the screen floor, peak too small to read a trend"
VAM,2016,2019,3960,2.0,0.082,0.0,0.0,0.000505,not_assessed,"below the screen floor, peak too small to read a trend"
VAN,2015,2019,8284,5.7,0.176,0.1381,0.785,0.000691,not_assessed,"below the screen floor, peak too small to read a trend"
VAO,2015,2019,805,2.0,0.115,0.0,0.0,0.002624,not_assessed,"below the screen floor, peak too small to read a trend"
VAR,2015,2019,9607,5.6,0.6341,0.1393,0.22,0.000652,not_assessed,"below the screen floor, peak too small to read a trend"
VAS,2015,2019,3077,2.6,-0.1864,-0.3376,1.811,0.000849,not_assessed,"below the screen floor, peak too small to read a trend"
VAW,2015,2016,2464,2.0,0.0041,-0.1734,nan,0.000821,not_assessed,"below the screen floor, peak too small to read a trend"
VBY,2015,2019,8835,3.4,0.9362,0.1584,0.169,0.000738,not_assessed,"below the screen floor, peak too small to read a trend"
VCA,2015,2019,10908,4.9,1.8193,0.6444,0.354,0.00053,not_assessed,"below the screen floor, peak too small to read a trend"
VCE,2015,2019,86281,26.4,0.2188,-0.0353,-0.162,0.000341,tightening,"growth going into the shoulder hours, not the peak"
VCL,2015,2019,5817,3.2,3.0284,0.6461,0.213,0.000559,not_assessed,"below the screen floor, peak too small to read a trend"
VCP,2015,2019,101874,24.4,-0.1284,-0.0847,0.66,0.000269,headroom,"traffic broadly flat, nothing to read into the peak"
VCS,2015,2019,7829,4.7,0.7753,0.0997,0.129,0.000603,not_assessed,"below the screen floor, peak too small to read a trend"
VCT,2019,2019,2408,2.0,nan,nan,nan,0.00086,too_short,"one observed year, no trend to read"
VDC,2015,2019,5043,2.5,-0.1575,-0.375,2.38,0.000695,not_assessed,"below the screen floor, peak too small to read a trend"
VDE,2015,2019,4558,4.0,0.4288,0.3333,0.777,0.000879,not_assessed,"below the screen floor, peak too small to read a trend"
VDH,2015,2019,3963,3.0,0.8229,0.5,0.608,0.000909,not_assessed,"below the screen floor, peak too small to read a trend"
VDM,2015,2017,704,2.1,-0.0588,0.0036,-0.062,0.003035,not_assessed,"below the screen floor, peak too small to read a trend"
VDO,2019,2019,2011,2.2,nan,nan,nan,0.001169,too_short,"one observed year, no trend to read"
VDS,2015,2019,6312,4.1,-0.0632,0.316,-4.998,0.000643,not_assessed,"below the screen floor, peak too small to read a trend"
VDY,2018,2019,1480,2.0,0.1802,0.0051,0.028,0.001756,not_assessed,"below the screen floor, peak too small to read a trend"
VDZ,2015,2019,1234,2.0,-0.221,0.0103,-0.046,0.001637,not_assessed,"below the screen floor, peak too small to read a trend"
VEE,2015,2019,2234,2.0,-0.015,-0.5,nan,0.000955,not_assessed,"below the screen floor, peak too small to read a trend"
VEL,2017,2019,1252,2.0,-0.5341,0.0129,-0.024,0.001618,not_assessed,"below the screen floor, peak too small to read a trend"
VER,2015,2019,18040,9.5,0.0108,0.373,nan,0.000589,not_assessed,"below the screen floor, peak too small to read a trend"
VEY,2018,2019,1194,2.0,-0.2257,0.0,-0.0,0.002344,not_assessed,"below the screen floor, peak too small to read a trend"
VFA,2015,2018,6261,4.3,0.7102,0.1138,0.16,0.001153,not_assessed,"below the screen floor, peak too small to read a trend"
VGA,2015,2019,16426,8.0,1.5494,1.0,0.645,0.000557,not_assessed,"below the screen floor, peak too small to read a trend"
VGO,2015,2019,8668,4.5,0.2079,0.1613,0.776,0.00059,not_assessed,"below the screen floor, peak too small to read a trend"
VGZ,2015,2019,794,2.0,0.1408,-0.0378,-0.268,0.002519,not_assessed,"below the screen floor, peak too small to read a trend"
VIE,2015,2019,257268,65.0,0.1759,0.0586,0.333,0.000261,tightening,"growth going into the shoulder hours, not the peak"
VIG,2015,2019,1012,1.1,-0.74,-0.7183,0.971,0.001113,not_assessed,"below the screen floor, peak too small to read a trend"
VII,2015,2019,13817,6.8,0.4699,0.1734,0.369,0.000507,not_assessed,"below the screen floor, peak too small to read a trend"
VIJ,2015,2019,12262,6.4,0.4565,0.2744,0.601,0.000626,not_assessed,"below the screen floor, peak too small to read a trend"
VIL,2015,2018,1828,1.1,0.5387,0.0984,0.183,0.000695,not_assessed,"below the screen floor, peak too small to read a trend"
VIN,2018,2018,765,1.1,nan,nan,nan,0.003058,too_short,"one observed year, no trend to read"
VIS,2015,2015,2366,1.0,nan,nan,nan,0.000813,too_short,"one observed year, no trend to read"
VIX,2015,2019,26885,10.0,-0.1521,-0.0794,0.522,0.000352,headroom,"traffic broadly flat, nothing to read into the peak"
VKG,2015,2019,730,1.1,-0.2013,-0.4464,2.218,0.001517,not_assessed,"below the screen floor, peak too small to read a trend"
VKO,2015,2019,145985,46.1,0.1769,0.3893,2.201,0.000301,headroom,peak growing broadly in step with annual traffic
VLC,2015,2019,63367,19.0,0.4665,0.297,0.637,0.000309,headroom,peak growing broadly in step with annual traffic
VLD,2015,2019,2070,2.2,0.0117,0.0175,nan,0.001062,not_assessed,"below the screen floor, peak too small to read a trend"
VLI,2015,2019,10202,6.0,0.3306,0.3275,0.991,0.00084,not_assessed,"below the screen floor, peak too small to read a trend"
VLL,2015,2019,1364,2.0,-0.0753,-0.2308,3.067,0.001502,not_assessed,"below the screen floor, peak too small to read a trend"
VLN,2015,2019,3295,3.4,-0.5615,-0.3212,0.572,0.000944,not_assessed,"below the screen floor, peak too small to read a trend"
VNO,2015,2019,37901,10.7,0.1519,-0.2049,-1.349,0.00033,tightening,"growth going into the shoulder hours, not the peak"
VNS,2015,2019,23317,10.2,1.262,0.6682,0.529,0.000488,headroom,peak growing broadly in step with annual traffic
VNX,2015,2018,2057,4.2,-0.0029,-0.0492,nan,0.002086,not_assessed,"below the screen floor, peak too small to read a trend"
VOG,2015,2019,9688,5.4,0.3744,0.3402,0.909,0.000626,not_assessed,"below the screen floor, peak too small to read a trend"
VOZ,2015,2019,10602,3.7,0.4093,0.8666,2.117,0.000464,not_assessed,"below the screen floor, peak too small to read a trend"
VPE,2015,2016,828,2.4,-0.2965,-0.1936,0.653,0.002717,not_assessed,"below the screen floor, peak too small to read a trend"
VPG,2016,2018,828,1.0,1.3725,0.1288,0.094,0.002752,not_assessed,"below the screen floor, peak too small to read a trend"
VPS,2015,2019,17960,9.6,0.4124,1.0423,2.527,0.000493,not_assessed,"below the screen floor, peak too small to read a trend"
VPY,2015,2018,742,2.0,0.0164,0.1705,nan,0.002686,not_assessed,"below the screen floor, peak too small to read a trend"
VQS,2015,2019,7905,5.0,-0.5718,-0.3276,0.573,0.000625,not_assessed,"below the screen floor, peak too small to read a trend"
VRA,2015,2019,7978,5.0,-0.0809,-0.3056,3.778,0.000903,not_assessed,"below the screen floor, peak too small to read a trend"
VRN,2015,2019,26302,10.2,0.3299,0.2148,0.651,0.000408,headroom,peak growing broadly in step with annual traffic
VRY,2016,2019,1145,2.0,-0.0506,0.0,-0.0,0.001747,not_assessed,"below the screen floor, peak too small to read a trend"
VSA,2015,2019,10985,8.5,-0.3496,-0.2142,0.613,0.000764,not_assessed,"below the screen floor, peak too small to read a trend"
VTE,2015,2019,30202,11.1,0.9058,0.2364,0.261,0.000393,tightening,"growth going into the shoulder hours, not the peak"
VTZ,2015,2019,21775,9.0,0.4725,-0.2868,-0.607,0.000391,tightening,"growth going into the shoulder hours, not the peak"
VUP,2015,2019,4684,3.8,0.6107,0.2675,0.438,0.00092,not_assessed,"below the screen floor, peak too small to read a trend"
VUU,2015,2017,351,1.3,0.4327,0.5158,1.192,0.004097,not_assessed,"below the screen floor, peak too small to read a trend"
VVC,2015,2019,2576,2.4,-0.3608,-0.3956,1.096,0.000923,not_assessed,"below the screen floor, peak too small to read a trend"
VVI,2015,2019,37337,10.1,0.1063,-0.0691,-0.65,0.000286,tightening,"growth going into the shoulder hours, not the peak"
VVO,2015,2019,25532,8.7,0.9106,0.4103,0.451,0.000374,headroom,peak growing broadly in step with annual traffic
VVZ,2017,2017,804,1.9,nan,nan,nan,0.002134,too_short,"one observed year, no trend to read"
VXE,2015,2018,3661,3.0,0.2003,0.6774,3.382,0.001304,not_assessed,"below the screen floor, peak too small to read a trend"
VXO,2017,2019,3227,3.7,0.2695,0.1084,0.402,0.001615,not_assessed,"below the screen floor, peak too small to read a trend"
WAA,2015,2019,2017,3.0,0.0035,0.4845,nan,0.001473,not_assessed,"below the screen floor, peak too small to read a trend"
WAE,2015,2019,1512,2.1,-0.2125,-0.0199,0.094,0.001258,not_assessed,"below the screen floor, peak too small to read a trend"
WAG,2015,2019,2196,2.4,-0.0679,1.375,-20.247,0.000965,not_assessed,"below the screen floor, peak too small to read a trend"
WAW,2015,2019,170713,39.2,0.4751,0.361,0.76,0.000279,headroom,peak growing broadly in step with annual traffic
WBB,2015,2019,3594,4.0,-0.1392,0.0,-0.0,0.001535,not_assessed,"below the screen floor, peak too small to read a trend"
WBM,2015,2019,832,3.0,0.1258,0.5,3.973,0.003205,not_assessed,"below the screen floor, peak too small to read a trend"
WDH,2015,2018,15159,7.8,0.1845,0.7169,3.886,0.000641,not_assessed,"below the screen floor, peak too small to read a trend"
WDS,2017,2019,15125,9.0,0.5664,0.5,0.883,0.000569,not_assessed,"below the screen floor, peak too small to read a trend"
WEF,2015,2018,5730,3.7,0.3585,0.2199,0.614,0.000672,not_assessed,"below the screen floor, peak too small to read a trend"
WEH,2015,2019,25625,11.2,1.0762,0.2573,0.239,0.000456,tightening,"growth going into the shoulder hours, not the peak"
WEI,2015,2019,1583,2.1,0.0019,0.0372,nan,0.001374,not_assessed,"below the screen floor, peak too small to read a trend"
WFI,2015,2015,122,0.2,nan,nan,nan,0.001727,too_short,"one observed year, no trend to read"
WGA,2015,2019,6803,5.0,-0.0367,0.0149,-0.406,0.000775,not_assessed,"below the screen floor, peak too small to read a trend"
WGN,2018,2019,4352,3.3,-0.1324,0.1035,-0.782,0.000883,not_assessed,"below the screen floor, peak too small to read a trend"
WGP,2015,2019,3342,3.0,1.5511,0.0909,0.059,0.001191,not_assessed,"below the screen floor, peak too small to read a trend"
WHK,2017,2019,2549,2.0,0.4304,1.0113,2.35,0.000789,not_assessed,"below the screen floor, peak too small to read a trend"
WIL,2015,2018,71629,48.0,3.1541,4.8418,1.535,0.000725,headroom,peak growing broadly in step with annual traffic
WJR,2015,2018,1633,4.0,0.0322,1.0,31.02,0.002368,not_assessed,"below the screen floor, peak too small to read a trend"
WJU,2015,2019,938,1.5,0.2849,0.5465,1.918,0.001382,not_assessed,"below the screen floor, peak too small to read a trend"
WKJ,2015,2019,2434,1.0,0.0,-0.4745,nan,0.000927,not_assessed,"below the screen floor, peak too small to read a trend"
WLG,2015,2019,85075,30.6,0.0515,0.0143,0.277,0.000379,tightening,"growth going into the shoulder hours, not the peak"
WLK,2015,2019,2786,4.0,0.0396,-0.0069,-0.176,0.001478,not_assessed,"below the screen floor, peak too small to read a trend"
WLS,2015,2019,1787,2.0,0.0102,0.0,nan,0.002491,not_assessed,"below the screen floor, peak too small to read a trend"
WMB,2015,2015,2288,2.1,nan,nan,nan,0.000901,too_short,"one observed year, no trend to read"
WMI,2015,2019,17510,8.0,0.0698,-0.1111,-1.591,0.000457,not_assessed,"below the screen floor, peak too small to read a trend"
WMN,2015,2015,933,0.9,nan,nan,nan,0.001736,too_short,"one observed year, no trend to read"
WMO,2015,2019,2017,3.0,0.0015,-0.0126,nan,0.001508,not_assessed,"below the screen floor, peak too small to read a trend"
WMT,2018,2019,17424,7.7,0.5704,0.2928,0.513,0.000448,not_assessed,"below the screen floor, peak too small to read a trend"
WMX,2015,2019,6324,2.1,0.0575,-0.4732,-8.226,0.000475,not_assessed,"below the screen floor, peak too small to read a trend"
WNA,2015,2019,2272,3.0,-0.2133,-0.0336,0.157,0.001298,not_assessed,"below the screen floor, peak too small to read a trend"
WNH,2015,2019,2356,3.0,0.6592,0.4583,0.695,0.001296,not_assessed,"below the screen floor, peak too small to read a trend"
WNI,2019,2019,748,1.0,nan,nan,nan,0.001337,too_short,"one observed year, no trend to read"
WNN,2016,2019,1356,2.0,0.0431,0.0,0.0,0.002343,not_assessed,"below the screen floor, peak too small to read a trend"
WNP,2015,2019,1750,2.4,-0.3328,-0.2352,0.707,0.001361,not_assessed,"below the screen floor, peak too small to read a trend"
WNZ,2015,2019,92465,24.0,0.5357,0.2228,0.416,0.000266,headroom,peak growing broadly in step with annual traffic
WRE,2015,2019,2668,2.1,-0.0037,0.0362,nan,0.000792,not_assessed,"below the screen floor, peak too small to read a trend"
WRG,2015,2019,1448,2.0,0.941,0.0833,0.089,0.001381,not_assessed,"below the screen floor, peak too small to read a trend"
WRL,2015,2015,1268,2.0,nan,nan,nan,0.001607,too_short,"one observed year, no trend to read"
WRO,2015,2019,24789,10.7,0.3513,0.7675,2.185,0.000412,headroom,peak growing broadly in step with annual traffic
WRY,2015,2019,1248,2.0,0.0048,0.0,nan,0.001603,not_assessed,"below the screen floor, peak too small to read a trend"
WSX,2015,2015,2203,2.0,nan,nan,nan,0.000921,too_short,"one observed year, no trend to read"
WSZ,2016,2019,1556,2.0,-0.0518,0.0,-0.0,0.001285,not_assessed,"below the screen floor, peak too small to read a trend"
WTB,2015,2019,2906,3.0,1.2217,0.5,0.409,0.001185,not_assessed,"below the screen floor, peak too small to read a trend"
WTK,2015,2019,2226,3.0,0.1075,0.4792,4.459,0.001381,not_assessed,"below the screen floor, peak too small to read a trend"
WTL,2015,2019,1745,2.0,-0.669,-0.6057,0.905,0.001256,not_assessed,"below the screen floor, peak too small to read a trend"
WUA,2015,2019,5793,4.1,0.3516,0.3527,1.003,0.000744,not_assessed,"below the screen floor, peak too small to read a trend"
WUH,2015,2019,200132,39.7,0.2564,0.1671,0.651,0.000196,headroom,peak growing broadly in step with annual traffic
WUS,2015,2019,7302,5.2,0.2299,0.3092,1.345,0.000758,not_assessed,"below the screen floor, peak too small to read a trend"
WUT,2017,2019,6088,4.6,0.6183,0.5251,0.849,0.000745,not_assessed,"below the screen floor, peak too small to read a trend"
WUX,2015,2019,59446,16.7,0.6566,0.2018,0.307,0.000288,tightening,"growth going into the shoulder hours, not the peak"
WUZ,2015,2019,2300,3.0,1.0175,0.4702,0.462,0.001399,not_assessed,"below the screen floor, peak too small to read a trend"
WVB,2015,2018,6653,7.0,1.0302,1.8301,1.776,0.001486,not_assessed,"below the screen floor, peak too small to read a trend"
WWK,2015,2019,3042,3.0,-0.1157,0.5,-4.322,0.00116,not_assessed,"below the screen floor, peak too small to read a trend"
WWT,2015,2018,1639,3.0,-0.6654,-0.4,0.601,0.002064,not_assessed,"below the screen floor, peak too small to read a trend"
WXN,2015,2019,11040,6.6,1.0377,1.2639,1.218,0.0006,not_assessed,"below the screen floor, peak too small to read a trend"
WYA,2015,2019,4140,3.5,0.0958,0.1667,1.739,0.000916,not_assessed,"below the screen floor, peak too small to read a trend"
XAI,2019,2019,7788,4.0,nan,nan,nan,0.000528,too_short,"one observed year, no trend to read"
XAP,2015,2019,4413,2.7,-0.1559,-0.3147,2.019,0.000749,not_assessed,"below the screen floor, peak too small to read a trend"
XBE,2015,2019,1922,4.0,1.1891,1.0,0.841,0.00194,not_assessed,"below the screen floor, peak too small to read a trend"
XBJ,2015,2018,1700,3.0,1.3416,0.5,0.373,0.001593,not_assessed,"below the screen floor, peak too small to read a trend"
XCR,2016,2016,1236,2.0,nan,nan,nan,0.001729,too_short,"one observed year, no trend to read"
XFN,2015,2019,18988,7.1,1.4602,0.8449,0.579,0.000428,not_assessed,"below the screen floor, peak too small to read a trend"
XGR,2015,2019,1234,2.0,-0.0736,0.0,-0.0,0.003584,not_assessed,"below the screen floor, peak too small to read a trend"
XIC,2015,2019,9941,4.5,1.3054,0.1167,0.089,0.000515,not_assessed,"below the screen floor, peak too small to read a trend"
XIL,2015,2019,7418,4.0,0.4457,0.0018,0.004,0.000567,not_assessed,"below the screen floor, peak too small to read a trend"
XIY,2015,2019,343836,59.3,0.2797,0.1757,0.628,0.000175,headroom,peak growing broadly in step with annual traffic
XKH,2016,2019,2192,2.0,2.2814,0.0,0.0,0.001053,not_assessed,"below the screen floor, peak too small to read a trend"
XLB,2016,2019,1252,2.0,0.0064,0.0,nan,0.001597,not_assessed,"below the screen floor, peak too small to read a trend"
XMN,2015,2019,191550,34.0,0.0722,0.0156,0.216,0.000193,at_ceiling,"large airport, peak hour static across the window"
XNA,2015,2019,31425,8.2,0.2382,-0.2345,-0.985,0.000319,tightening,"growth going into the shoulder hours, not the peak"
XNN,2015,2019,60999,23.8,0.8861,0.7789,0.879,0.000394,headroom,peak growing broadly in step with annual traffic
XQP,2015,2019,5806,8.0,-0.2975,-0.0893,0.3,0.001881,not_assessed,"below the screen floor, peak too small to read a trend"
XQU,2016,2019,5157,3.9,-0.1116,0.198,-1.774,0.000757,not_assessed,"below the screen floor, peak too small to read a trend"
XRY,2015,2019,7473,5.8,0.1197,0.1343,1.122,0.00076,not_assessed,"below the screen floor, peak too small to read a trend"
XSC,2015,2019,2410,2.1,-0.0759,-0.3109,4.095,0.001084,not_assessed,"below the screen floor, peak too small to read a trend"
XSP,2019,2019,4513,3.0,nan,nan,nan,0.000665,too_short,"one observed year, no trend to read"
XTL,2016,2019,1252,2.0,0.0399,0.0,0.0,0.001597,not_assessed,"below the screen floor, peak too small to read a trend"
XUZ,2015,2019,24048,12.7,1.214,0.8516,0.702,0.000479,headroom,peak growing broadly in step with annual traffic
XZM,2017,2019,16138,4.0,-0.0356,-0.0321,0.9,0.000251,not_assessed,"below the screen floor, peak too small to read a trend"
YAB,2015,2019,1216,2.1,0.1783,0.0571,0.32,0.001859,not_assessed,"below the screen floor, peak too small to read a trend"
YAK,2015,2019,1444,2.1,0.9514,1.0262,1.079,0.001695,not_assessed,"below the screen floor, peak too small to read a trend"
YAM,2015,2019,8542,2.8,-0.0365,-0.446,12.205,0.000572,not_assessed,"below the screen floor, peak too small to read a trend"
YAT,2015,2019,2549,4.0,0.3276,-0.16,-0.488,0.001534,not_assessed,"below the screen floor, peak too small to read a trend"
YAX,2016,2019,1142,1.0,-0.0419,-0.5,11.92,0.001253,not_assessed,"below the screen floor, peak too small to read a trend"
YAY,2015,2019,1432,2.0,-0.0165,0.0,nan,0.001755,not_assessed,"below the screen floor, peak too small to read a trend"
YAZ,2016,2019,3945,5.0,0.6308,0.6536,1.036,0.001508,not_assessed,"below the screen floor, peak too small to read a trend"
YBB,2015,2018,990,2.0,0.1419,0.0,0.0,0.002821,not_assessed,"below the screen floor, peak too small to read a trend"
YBC,2015,2019,2684,4.0,0.1834,0.8505,4.637,0.001672,not_assessed,"below the screen floor, peak too small to read a trend"
YBG,2015,2019,4006,0.6,0.1672,-0.4,-2.392,0.000795,not_assessed,"below the screen floor, peak too small to read a trend"
YBK,2017,2019,1355,1.0,-0.0007,-0.5,nan,0.000738,not_assessed,"below the screen floor, peak too small to read a trend"
YBL,2015,2019,5626,2.2,-0.2601,-0.4237,1.629,0.000624,not_assessed,"below the screen floor, peak too small to read a trend"
YBP,2015,2019,9768,5.0,0.3885,0.2329,0.599,0.000531,not_assessed,"below the screen floor, peak too small to read a trend"
YBR,2015,2019,997,2.0,0.3583,0.8038,2.243,0.002054,not_assessed,"below the screen floor, peak too small to read a trend"
YBT,2017,2019,782,2.0,0.1848,0.0,0.0,0.002558,not_assessed,"below the screen floor, peak too small to read a trend"
YCB,2015,2019,1551,2.0,-0.1152,0.0,-0.0,0.001645,not_assessed,"below the screen floor, peak too small to read a trend"
YCD,2015,2019,10841,5.0,0.464,0.2067,0.445,0.000645,not_assessed,"below the screen floor, peak too small to read a trend"
YCG,2015,2019,2706,2.1,-0.0181,-0.0177,nan,0.000828,not_assessed,"below the screen floor, peak too small to read a trend"
YCO,2015,2019,1312,2.0,-0.2442,0.0,-0.0,0.003159,not_assessed,"below the screen floor, peak too small to read a trend"
YCR,2016,2019,2400,3.0,0.3319,0.5,1.507,0.00125,not_assessed,"below the screen floor, peak too small to read a trend"
YCS,2017,2019,1454,1.0,-0.0041,-0.5,nan,0.000688,not_assessed,"below the screen floor, peak too small to read a trend"
YCU,2015,2019,22726,10.4,1.7537,0.779,0.444,0.000452,headroom,peak growing broadly in step with annual traffic
YCY,2015,2015,1296,3.0,nan,nan,nan,0.00206,too_short,"one observed year, no trend to read"
YDA,2017,2019,1548,2.0,-0.0276,-0.0515,1.863,0.00131,not_assessed,"below the screen floor, peak too small to read a trend"
YDF,2015,2019,9277,3.9,-0.1541,-0.0298,0.193,0.000751,not_assessed,"below the screen floor, peak too small to read a trend"
YDP,2015,2019,1766,2.0,-0.2873,-0.5,1.74,0.001133,not_assessed,"below the screen floor, peak too small to read a trend"
YDT,2019,2019,4245,3.0,nan,nan,nan,0.000707,too_short,"one observed year, no trend to read"
YEG,2015,2019,88603,22.5,-0.0844,-0.165,1.954,0.000266,headroom,"traffic broadly flat, nothing to read into the peak"
YEI,2016,2019,1796,3.6,-0.0354,0.2564,-7.234,0.00201,not_assessed,"below the screen floor, peak too small to read a trend"
YEK,2017,2019,1252,2.0,-0.0118,0.0,nan,0.001597,not_assessed,"below the screen floor, peak too small to read a trend"
YER,2018,2019,730,2.0,0.0,1.0,nan,0.00274,not_assessed,"below the screen floor, peak too small to read a trend"
YES,2016,2017,636,0.7,0.0928,-0.112,-1.207,0.001032,not_assessed,"below the screen floor, peak too small to read a trend"
YEV,2015,2019,5270,5.0,-0.2304,0.0,-0.0,0.001843,not_assessed,"below the screen floor, peak too small to read a trend"
YFA,2015,2019,3282,6.0,0.3495,0.2,0.572,0.001566,not_assessed,"below the screen floor, peak too small to read a trend"
YFB,2015,2019,6765,5.0,0.0052,0.004,nan,0.000783,not_assessed,"below the screen floor, peak too small to read a trend"
YFC,2015,2019,9724,4.1,0.026,-0.1784,-6.875,0.000558,not_assessed,"below the screen floor, peak too small to read a trend"
YFH,2015,2018,710,2.0,0.0503,0.0,0.0,0.002817,not_assessed,"below the screen floor, peak too small to read a trend"
YFO,2015,2019,1250,2.0,-0.3316,0.0,-0.0,0.002062,not_assessed,"below the screen floor, peak too small to read a trend"
YFS,2015,2019,1248,2.0,0.0048,-0.011,nan,0.002128,not_assessed,"below the screen floor, peak too small to read a trend"
YGB,2016,2018,2180,3.0,-0.2044,-0.25,1.223,0.001376,not_assessed,"below the screen floor, peak too small to read a trend"
YGJ,2015,2019,4878,2.9,-0.1469,-0.0701,0.477,0.000697,not_assessed,"below the screen floor, peak too small to read a trend"
YGK,2015,2019,2912,2.0,-0.4281,-0.1429,0.334,0.000879,not_assessed,"below the screen floor, peak too small to read a trend"
YGL,2018,2019,1604,2.0,-0.0418,0.0,-0.0,0.001485,not_assessed,"below the screen floor, peak too small to read a trend"
YGO,2016,2019,2608,3.0,-0.011,-0.4,nan,0.00115,not_assessed,"below the screen floor, peak too small to read a trend"
YGP,2015,2019,2920,2.0,0.0041,-0.0633,nan,0.000764,not_assessed,"below the screen floor, peak too small to read a trend"
YGR,2015,2019,3661,2.0,0.2461,0.0,0.0,0.000831,not_assessed,"below the screen floor, peak too small to read a trend"
YGT,2015,2019,1563,2.0,-0.1317,-0.0565,0.429,0.001829,not_assessed,"below the screen floor, peak too small to read a trend"
YGW,2015,2019,2572,2.0,-0.0593,0.0,-0.0,0.000657,not_assessed,"below the screen floor, peak too small to read a trend"
YGX,2015,2019,1150,2.0,-0.08,0.0,-0.0,0.001979,not_assessed,"below the screen floor, peak too small to read a trend"
YHD,2015,2019,2355,2.9,0.0974,0.3619,3.715,0.001217,not_assessed,"below the screen floor, peak too small to read a trend"
YHK,2015,2019,1184,2.0,-0.189,-0.3333,1.763,0.002451,not_assessed,"below the screen floor, peak too small to read a trend"
YHM,2015,2019,6760,4.8,1.2776,0.5156,0.404,0.000742,not_assessed,"below the screen floor, peak too small to read a trend"
YHO,2015,2019,1266,2.0,-0.4891,-0.5,1.022,0.00158,not_assessed,"below the screen floor, peak too small to read a trend"
YHU,2015,2019,2736,3.0,-0.1734,0.0,-0.0,0.001082,not_assessed,"below the screen floor, peak too small to read a trend"
YHY,2015,2017,2527,3.0,-0.1189,-0.25,2.103,0.001169,not_assessed,"below the screen floor, peak too small to read a trend"
YHZ,2015,2019,60295,13.7,-0.0416,-0.1068,2.566,0.000293,headroom,"traffic broadly flat, nothing to read into the peak"
YIC,2015,2019,8131,5.2,0.8215,1.0447,1.272,0.000635,not_assessed,"below the screen floor, peak too small to read a trend"
YIE,2015,2019,2145,3.0,0.2456,0.555,2.259,0.001624,not_assessed,"below the screen floor, peak too small to read a trend"
YIH,2015,2019,27861,11.9,1.5023,1.0884,0.724,0.000429,headroom,peak growing broadly in step with annual traffic
YIK,2015,2019,1452,2.0,0.0,-0.0307,nan,0.001377,not_assessed,"below the screen floor, peak too small to read a trend"
YIN,2015,2019,14153,7.5,0.626,0.5514,0.881,0.000526,not_assessed,"below the screen floor, peak too small to read a trend"
YIO,2015,2019,1787,2.0,0.7282,-0.0017,-0.002,0.001304,not_assessed,"below the screen floor, peak too small to read a trend"
YIV,2016,2019,2816,2.0,0.256,0.0,0.0,0.00071,not_assessed,"below the screen floor, peak too small to read a trend"
YIW,2015,2019,15294,5.3,0.4108,-0.03,-0.073,0.000353,not_assessed,"below the screen floor, peak too small to read a trend"
YKA,2015,2019,7294,3.0,-0.14,-0.3973,2.839,0.000449,not_assessed,"below the screen floor, peak too small to read a trend"
YKF,2015,2018,709,1.0,-0.6604,-0.5346,0.809,0.001791,not_assessed,"below the screen floor, peak too small to read a trend"
YKG,2015,2019,2074,4.0,-0.0029,0.0,nan,0.001659,not_assessed,"below the screen floor, peak too small to read a trend"
YKH,2016,2019,4222,5.0,2.4381,3.0634,1.256,0.00117,not_assessed,"below the screen floor, peak too small to read a trend"
YKL,2015,2019,2176,3.0,-0.1375,0.0354,-0.257,0.001741,not_assessed,"below the screen floor, peak too small to read a trend"
YKM,2015,2019,2504,2.0,0.1341,-0.0394,-0.294,0.000799,not_assessed,"below the screen floor, peak too small to read a trend"
YKO,2017,2019,1290,3.1,-0.033,0.1444,-4.379,0.002191,not_assessed,"below the screen floor, peak too small to read a trend"
YKQ,2015,2019,1743,3.0,-0.3442,0.0,-0.0,0.001721,not_assessed,"below the screen floor, peak too small to read a trend"
YKS,2015,2019,24132,9.0,0.5851,1.9663,3.36,0.000448,headroom,peak growing broadly in step with annual traffic
YKU,2015,2019,1740,3.0,-0.1785,-0.25,1.401,0.001724,not_assessed,"below the screen floor, peak too small to read a trend"
YLE,2015,2015,1268,4.0,nan,nan,nan,0.003155,too_short,"one observed year, no trend to read"
YLH,2015,2015,1050,2.0,nan,nan,nan,0.001905,too_short,"one observed year, no trend to read"
YLL,2019,2019,706,1.0,nan,nan,nan,0.001474,too_short,"one observed year, no trend to read"
YLW,2015,2019,34270,11.2,0.3511,0.6297,1.794,0.000346,headroom,peak growing broadly in step with annual traffic
YMM,2015,2019,11740,5.6,-0.3066,-0.3649,1.19,0.000493,not_assessed,"below the screen floor, peak too small to read a trend"
YMN,2015,2019,1266,2.0,-0.4891,-0.5,1.022,0.00158,not_assessed,"below the screen floor, peak too small to read a trend"
YMO,2015,2019,3857,3.0,0.1839,0.0,0.0,0.000993,not_assessed,"below the screen floor, peak too small to read a trend"
YNB,2015,2019,6119,3.1,-0.2988,0.0181,-0.061,0.000496,not_assessed,"below the screen floor, peak too small to read a trend"
YNC,2015,2019,774,2.2,-0.4189,0.0443,-0.106,0.002779,not_assessed,"below the screen floor, peak too small to read a trend"
YNE,2016,2019,2400,3.0,-0.0529,0.5,-9.455,0.00125,not_assessed,"below the screen floor, peak too small to read a trend"
YNJ,2015,2019,14026,5.8,0.1307,-0.1681,-1.287,0.00044,not_assessed,"below the screen floor, peak too small to read a trend"
YNP,2015,2019,1766,2.0,-0.2873,-0.5,1.74,0.001133,not_assessed,"below the screen floor, peak too small to read a trend"
YNT,2015,2019,86089,28.8,0.948,1.2972,1.368,0.000354,headroom,peak growing broadly in step with annual traffic
YNY,2017,2017,1270,2.0,nan,nan,nan,0.002059,too_short,"one observed year, no trend to read"
YNZ,2015,2019,19364,11.9,1.1762,0.9756,0.829,0.00063,not_assessed,"below the screen floor, peak too small to read a trend"
YOC,2017,2019,728,2.0,0.0801,0.0,0.0,0.002802,not_assessed,"below the screen floor, peak too small to read a trend"
YOH,2016,2019,2504,3.0,-0.0794,0.0,-0.0,0.001198,not_assessed,"below the screen floor, peak too small to read a trend"
YOL,2015,2018,1368,2.0,1.2244,0.4352,0.355,0.001759,not_assessed,"below the screen floor, peak too small to read a trend"
YOW,2015,2019,77012,23.6,0.0378,0.0219,0.578,0.000323,headroom,peak growing broadly in step with annual traffic
YPH,2015,2019,1970,4.0,-0.093,-0.2,2.15,0.00203,not_assessed,"below the screen floor, peak too small to read a trend"
YPJ,2015,2019,1658,2.0,-0.0036,0.0,nan,0.002438,not_assessed,"below the screen floor, peak too small to read a trend"
YPL,2016,2018,1252,2.0,0.1139,0.0,0.0,0.001597,not_assessed,"below the screen floor, peak too small to read a trend"
YPM,2015,2019,5098,6.0,2.4215,2.0,0.826,0.00115,not_assessed,"below the screen floor, peak too small to read a trend"
YPR,2015,2019,1364,2.0,-0.3297,-0.0206,0.062,0.001789,not_assessed,"below the screen floor, peak too small to read a trend"
YPW,2015,2019,3517,2.0,0.2327,0.0133,0.057,0.000582,not_assessed,"below the screen floor, peak too small to read a trend"
YPX,2015,2019,2958,3.0,0.0549,0.0,0.0,0.001136,not_assessed,"below the screen floor, peak too small to read a trend"
YQB,2015,2019,32816,6.8,-0.101,-0.3244,3.213,0.000382,headroom,"traffic broadly flat, nothing to read into the peak"
YQC,2015,2019,1452,2.0,-0.0027,0.0,nan,0.001377,not_assessed,"below the screen floor, peak too small to read a trend"
YQD,2015,2019,1250,1.0,-0.2515,-0.5,1.988,0.001031,not_assessed,"below the screen floor, peak too small to read a trend"
YQF,2015,2017,1929,2.1,-0.1986,-0.3148,1.585,0.001066,not_assessed,"below the screen floor, peak too small to read a trend"
YQG,2015,2019,8367,3.6,0.1276,-0.0194,-0.152,0.000522,not_assessed,"below the screen floor, peak too small to read a trend"
YQK,2015,2015,1602,1.1,nan,nan,nan,0.000658,too_short,"one observed year, no trend to read"
YQL,2015,2019,4780,3.1,0.1386,0.4206,3.034,0.000834,not_assessed,"below the screen floor, peak too small to read a trend"
YQM,2015,2019,11760,4.2,-0.0452,-0.2105,4.656,0.0005,not_assessed,"below the screen floor, peak too small to read a trend"
YQQ,2015,2019,8041,7.4,-0.3436,0.444,-1.292,0.00108,not_assessed,"below the screen floor, peak too small to read a trend"
YQR,2015,2019,18075,7.0,-0.1306,-0.0073,0.056,0.000412,headroom,"traffic broadly flat, nothing to read into the peak"
YQT,2015,2019,17999,6.6,-0.06,-0.0373,0.622,0.000465,not_assessed,"below the screen floor, peak too small to read a trend"
YQU,2015,2019,8370,6.1,-0.1081,0.1929,-1.785,0.000641,not_assessed,"below the screen floor, peak too small to read a trend"
YQX,2015,2019,6207,3.0,-0.0901,-0.0032,0.035,0.000675,not_assessed,"below the screen floor, peak too small to read a trend"
YQY,2015,2019,3982,2.9,-0.1732,0.3215,-1.857,0.001006,not_assessed,"below the screen floor, peak too small to read a trend"
YQZ,2015,2019,1304,2.0,-0.2756,-0.0304,0.11,0.001551,not_assessed,"below the screen floor, peak too small to read a trend"
YRB,2015,2019,910,1.1,0.2534,0.0482,0.19,0.001398,not_assessed,"below the screen floor, peak too small to read a trend"
YRG,2015,2019,1242,2.0,0.0016,0.0,nan,0.00161,not_assessed,"below the screen floor, peak too small to read a trend"
YRL,2015,2019,6145,5.0,0.0228,0.2443,10.714,0.000814,not_assessed,"below the screen floor, peak too small to read a trend"
YRS,2016,2019,1096,2.0,-0.2087,0.0,-0.0,0.001825,not_assessed,"below the screen floor, peak too small to read a trend"
YRT,2015,2019,5064,4.0,0.2273,0.0,0.0,0.00125,not_assessed,"below the screen floor, peak too small to read a trend"
YSB,2015,2019,9643,3.8,-0.0748,-0.2336,3.121,0.000527,not_assessed,"below the screen floor, peak too small to read a trend"
YSG,2015,2019,938,1.1,0.0831,-0.4455,-5.358,0.002497,not_assessed,"below the screen floor, peak too small to read a trend"
YSJ,2015,2019,7938,4.1,0.089,1.1017,12.374,0.000639,not_assessed,"below the screen floor, peak too small to read a trend"
YSO,2015,2019,1266,2.0,-0.4891,-0.014,0.029,0.00158,not_assessed,"below the screen floor, peak too small to read a trend"
YSQ,2018,2019,2254,4.0,-0.04,0.4225,-10.553,0.001344,not_assessed,"below the screen floor, peak too small to read a trend"
YST,2016,2019,2608,2.0,0.1359,0.0,0.0,0.000767,not_assessed,"below the screen floor, peak too small to read a trend"
YTE,2015,2017,1152,3.0,-0.3732,0.0,-0.0,0.00231,not_assessed,"below the screen floor, peak too small to read a trend"
YTH,2015,2019,7614,5.0,0.9045,0.0,0.0,0.000853,not_assessed,"below the screen floor, peak too small to read a trend"
YTL,2016,2019,2152,2.0,0.2368,0.0,0.0,0.001439,not_assessed,"below the screen floor, peak too small to read a trend"
YTQ,2015,2019,1658,2.0,-0.0036,0.0,nan,0.002438,not_assessed,"below the screen floor, peak too small to read a trend"
YTS,2015,2019,8460,4.8,-0.1963,0.016,-0.082,0.000686,not_assessed,"below the screen floor, peak too small to read a trend"
YTY,2015,2019,23038,8.7,1.7158,0.2339,0.136,0.000389,tightening,"growth going into the shoulder hours, not the peak"
YTZ,2015,2019,60228,16.9,-0.0103,0.0572,nan,0.000282,headroom,"traffic broadly flat, nothing to read into the peak"
YUB,2015,2018,1617,2.0,-0.139,0.0,-0.0,0.001237,not_assessed,"below the screen floor, peak too small to read a trend"
YUD,2015,2019,1660,2.0,0.0414,-0.0307,-0.741,0.001299,not_assessed,"below the screen floor, peak too small to read a trend"
YUL,2015,2019,202224,53.6,0.0986,0.0081,0.082,0.000328,at_ceiling,"large airport, peak hour static across the window"
YUM,2015,2019,3839,3.1,-0.0668,0.3129,-4.681,0.000826,not_assessed,"below the screen floor, peak too small to read a trend"
YUS,2015,2019,3636,3.0,0.8957,0.5,0.558,0.000911,not_assessed,"below the screen floor, peak too small to read a trend"
YUT,2016,2019,1264,2.0,0.0897,-0.0198,-0.221,0.001582,not_assessed,"below the screen floor, peak too small to read a trend"
YUX,2015,2019,1334,2.9,-0.0937,0.3564,-3.801,0.002629,not_assessed,"below the screen floor, peak too small to read a trend"
YUY,2015,2019,4160,4.0,0.363,0.824,2.27,0.001041,not_assessed,"below the screen floor, peak too small to read a trend"
YVB,2015,2018,2020,2.0,-0.2249,0.0,-0.0,0.00099,not_assessed,"below the screen floor, peak too small to read a trend"
YVM,2019,2019,804,3.0,nan,nan,nan,0.003915,too_short,"one observed year, no trend to read"
YVO,2015,2019,5717,5.0,0.0771,0.2459,3.191,0.001119,not_assessed,"below the screen floor, peak too small to read a trend"
YVP,2015,2019,4552,4.0,-0.0546,0.0,-0.0,0.001229,not_assessed,"below the screen floor, peak too small to read a trend"
YVQ,2015,2019,3477,2.0,-0.1878,-0.4817,2.565,0.001554,not_assessed,"below the screen floor, peak too small to read a trend"
YVR,2015,2019,250428,64.4,0.0791,0.1966,2.485,0.00029,headroom,peak growing broadly in step with annual traffic
YVZ,2015,2019,2466,5.0,0.9696,1.5,1.547,0.002059,not_assessed,"below the screen floor, peak too small to read a trend"
YWB,2015,2019,1452,2.0,-0.0027,0.0,nan,0.001377,not_assessed,"below the screen floor, peak too small to read a trend"
YWG,2015,2019,58446,16.0,0.095,-0.0772,-0.813,0.000303,tightening,"growth going into the shoulder hours, not the peak"
YWH,2015,2019,8992,4.0,-0.1063,-0.1767,1.662,0.000445,not_assessed,"below the screen floor, peak too small to read a trend"
YWK,2015,2019,6466,6.1,-0.2788,0.2123,-0.762,0.000836,not_assessed,"below the screen floor, peak too small to read a trend"
YWL,2015,2019,2760,3.6,-0.2673,-0.2778,1.039,0.001246,not_assessed,"below the screen floor, peak too small to read a trend"
YWP,2015,2018,730,2.0,-0.0829,-0.1034,1.248,0.00274,not_assessed,"below the screen floor, peak too small to read a trend"
YXC,2015,2019,6611,4.1,-0.0533,-0.0181,0.339,0.000967,not_assessed,"below the screen floor, peak too small to read a trend"
YXE,2015,2019,23323,7.2,0.0503,0.1066,2.117,0.000394,headroom,peak growing broadly in step with annual traffic
YXH,2015,2019,3733,4.0,0.2577,0.9195,3.567,0.00137,not_assessed,"below the screen floor, peak too small to read a trend"
YXJ,2015,2019,5730,4.9,-0.1136,0.5242,-4.616,0.000728,not_assessed,"below the screen floor, peak too small to read a trend"
YXL,2015,2019,21495,10.0,0.6512,-0.0377,-0.058,0.000453,tightening,"growth going into the shoulder hours, not the peak"
YXN,2017,2019,1454,2.0,0.0139,0.0,nan,0.001376,not_assessed,"below the screen floor, peak too small to read a trend"
YXP,2015,2019,1826,4.0,-0.1749,0.6471,-3.7,0.001994,not_assessed,"below the screen floor, peak too small to read a trend"
YXS,2015,2019,13408,7.1,0.0729,1.0422,14.297,0.000443,not_assessed,"below the screen floor, peak too small to read a trend"
YXT,2015,2019,5774,4.4,-0.2733,0.1316,-0.482,0.000791,not_assessed,"below the screen floor, peak too small to read a trend"
YXU,2015,2019,12477,4.2,0.1201,-0.0478,-0.398,0.00058,not_assessed,"below the screen floor, peak too small to read a trend"
YXX,2015,2019,13269,5.8,1.4333,0.9421,0.657,0.00053,not_assessed,"below the screen floor, peak too small to read a trend"
YXY,2015,2019,5994,2.6,0.6368,-0.3408,-0.535,0.000633,not_assessed,"below the screen floor, peak too small to read a trend"
YYA,2019,2019,5642,4.7,nan,nan,nan,0.001,too_short,"one observed year, no trend to read"
YYB,2015,2019,3902,2.8,0.04,0.0515,1.287,0.000854,not_assessed,"below the screen floor, peak too small to read a trend"
YYC,2015,2019,187223,49.1,0.0292,0.2458,8.414,0.000265,headroom,peak growing broadly in step with annual traffic
YYD,2015,2019,2053,2.0,-0.2351,-0.2347,0.998,0.001406,not_assessed,"below the screen floor, peak too small to read a trend"
YYF,2015,2019,3063,2.1,-0.0023,0.0293,nan,0.000736,not_assessed,"below the screen floor, peak too small to read a trend"
YYG,2015,2019,6784,2.0,-0.0798,-0.52,6.519,0.000732,not_assessed,"below the screen floor, peak too small to read a trend"
YYH,2015,2019,1184,4.0,0.0676,1.0,14.787,0.003585,not_assessed,"below the screen floor, peak too small to read a trend"
YYJ,2015,2019,34746,9.5,0.0738,0.2682,3.632,0.000342,headroom,peak growing broadly in step with annual traffic
YYQ,2015,2015,1509,1.2,nan,nan,nan,0.001858,too_short,"one observed year, no trend to read"
YYR,2015,2019,9354,4.0,-0.1658,-0.5,3.016,0.000673,not_assessed,"below the screen floor, peak too small to read a trend"
YYT,2015,2019,22568,7.0,-0.128,-0.2035,1.59,0.000376,headroom,"traffic broadly flat, nothing to read into the peak"
YYY,2015,2019,3980,2.2,-0.1088,-0.5178,4.758,0.001016,not_assessed,"below the screen floor, peak too small to read a trend"
YYZ,2015,2019,419487,89.8,0.0244,-0.1211,-4.965,0.000252,tightening,"growth going into the shoulder hours, not the peak"
YZF,2015,2019,18348,8.0,0.0354,-0.1095,-3.09,0.000473,not_assessed,"below the screen floor, peak too small to read a trend"
YZG,2015,2019,1504,2.0,0.0259,0.0,0.0,0.001357,not_assessed,"below the screen floor, peak too small to read a trend"
YZP,2015,2019,898,2.1,0.1572,-0.0385,-0.245,0.002994,not_assessed,"below the screen floor, peak too small to read a trend"
YZR,2015,2019,1584,2.0,-0.3367,-0.067,0.199,0.001204,not_assessed,"below the screen floor, peak too small to read a trend"
YZS,2015,2019,1254,2.0,0.1369,-0.319,-2.331,0.001594,not_assessed,"below the screen floor, peak too small to read a trend"
YZT,2015,2019,2265,2.0,-0.2404,-0.3104,1.291,0.001028,not_assessed,"below the screen floor, peak too small to read a trend"
YZV,2015,2019,11986,10.1,-0.0769,0.68,-8.839,0.00075,not_assessed,"below the screen floor, peak too small to read a trend"
YZY,2015,2019,1890,2.0,0.6608,-0.049,-0.074,0.001274,not_assessed,"below the screen floor, peak too small to read a trend"
YZZ,2015,2019,1496,2.0,-0.0697,-0.0153,0.22,0.001356,not_assessed,"below the screen floor, peak too small to read a trend"
ZAD,2015,2019,6591,6.0,0.4313,0.5,1.159,0.000979,not_assessed,"below the screen floor, peak too small to read a trend"
ZAG,2015,2019,38567,17.5,0.1573,0.4591,2.92,0.000474,headroom,peak growing broadly in step with annual traffic
ZAH,2015,2019,3373,3.0,0.5544,0.0,0.0,0.000925,not_assessed,"below the screen floor, peak too small to read a trend"
ZAL,2015,2019,2558,4.0,1.5152,0.3407,0.225,0.001594,not_assessed,"below the screen floor, peak too small to read a trend"
ZAM,2015,2019,8920,5.0,0.257,0.1206,0.469,0.000493,not_assessed,"below the screen floor, peak too small to read a trend"
ZAT,2015,2019,4360,2.9,0.4475,-0.0238,-0.053,0.000676,not_assessed,"below the screen floor, peak too small to read a trend"
ZAZ,2015,2019,2904,4.0,0.0357,0.0,0.0,0.001323,not_assessed,"below the screen floor, peak too small to read a trend"
ZBF,2015,2019,1387,2.0,-0.3051,0.0201,-0.066,0.001471,not_assessed,"below the screen floor, peak too small to read a trend"
ZBR,2015,2019,1656,2.0,0.5068,0.0719,0.142,0.00145,not_assessed,"below the screen floor, peak too small to read a trend"
ZCL,2015,2019,4830,4.0,0.1027,0.1607,1.565,0.001147,not_assessed,"below the screen floor, peak too small to read a trend"
ZCO,2015,2019,6922,4.9,0.6318,0.2222,0.352,0.000706,not_assessed,"below the screen floor, peak too small to read a trend"
ZEL,2015,2019,1305,2.0,-0.3355,-0.3228,0.962,0.001716,not_assessed,"below the screen floor, peak too small to read a trend"
ZEM,2015,2019,774,2.0,-0.4189,0.0,-0.0,0.002584,not_assessed,"below the screen floor, peak too small to read a trend"
ZFN,2019,2019,2221,3.0,nan,nan,nan,0.001587,too_short,"one observed year, no trend to read"
ZGI,2016,2019,2242,5.0,0.2462,0.6667,2.707,0.00223,not_assessed,"below the screen floor, peak too small to read a trend"
ZHA,2015,2019,27718,11.4,1.2178,0.7966,0.654,0.000393,headroom,peak growing broadly in step with annual traffic
ZHY,2017,2019,4151,3.0,0.6558,-0.1964,-0.3,0.000883,not_assessed,"below the screen floor, peak too small to read a trend"
ZIA,2017,2019,9719,4.6,1.9478,0.7871,0.404,0.000476,not_assessed,"below the screen floor, peak too small to read a trend"
ZIG,2015,2018,2163,3.0,1.6836,0.8724,0.518,0.001584,not_assessed,"below the screen floor, peak too small to read a trend"
ZIH,2015,2019,6971,7.4,0.0711,0.035,0.492,0.001149,not_assessed,"below the screen floor, peak too small to read a trend"
ZKE,2015,2019,3249,5.1,0.3359,0.7143,2.126,0.001119,not_assessed,"below the screen floor, peak too small to read a trend"
ZLO,2015,2019,2136,2.7,-0.4486,-0.4371,0.974,0.001897,not_assessed,"below the screen floor, peak too small to read a trend"
ZMT,2015,2019,726,2.0,0.1101,1.0,9.083,0.002862,not_assessed,"below the screen floor, peak too small to read a trend"
ZNA,2017,2019,4146,2.0,0.3183,0.0024,0.008,0.000484,not_assessed,"below the screen floor, peak too small to read a trend"
ZNE,2015,2019,4370,5.2,-0.0169,0.2934,nan,0.001489,not_assessed,"below the screen floor, peak too small to read a trend"
ZNZ,2015,2018,54461,21.1,0.8793,0.4128,0.469,0.000492,headroom,peak growing broadly in step with annual traffic
ZOS,2015,2019,1256,2.8,1.3743,0.0086,0.006,0.002126,not_assessed,"below the screen floor, peak too small to read a trend"
ZPB,2019,2019,2930,4.0,nan,nan,nan,0.001357,too_short,"one observed year, no trend to read"
ZQN,2015,2019,18663,10.9,0.424,0.2967,0.7,0.000559,not_assessed,"below the screen floor, peak too small to read a trend"
ZQZ,2015,2017,6292,4.1,1.3183,1.06,0.804,0.000642,not_assessed,"below the screen floor, peak too small to read a trend"
ZRH,2015,2019,228920,62.4,0.0375,-0.0282,-0.753,0.000261,tightening,"growth going into the shoulder hours, not the peak"
ZRI,2019,2019,728,1.0,nan,nan,nan,0.00138,too_short,"one observed year, no trend to read"
ZRJ,2015,2019,3482,4.0,3.7699,1.0,0.265,0.001136,not_assessed,"below the screen floor, peak too small to read a trend"
ZSA,2015,2019,2173,2.8,0.1377,-0.0654,-0.475,0.003927,not_assessed,"below the screen floor, peak too small to read a trend"
ZSE,2015,2018,2070,1.6,0.1835,-0.1424,-0.776,0.000921,not_assessed,"below the screen floor, peak too small to read a trend"
ZSJ,2015,2019,5186,8.9,1.7067,2.0492,1.201,0.001707,not_assessed,"below the screen floor, peak too small to read a trend"
ZTH,2015,2019,7697,6.0,0.5233,0.0,0.0,0.00107,not_assessed,"below the screen floor, peak too small to read a trend"
ZTM,2016,2019,1408,3.0,0.0353,0.5,14.167,0.002131,not_assessed,"below the screen floor, peak too small to read a trend"
ZUH,2015,2019,87698,20.7,1.1893,0.4819,0.405,0.000243,headroom,peak growing broadly in step with annual traffic
ZVK,2015,2015,1381,2.0,nan,nan,nan,0.001473,too_short,"one observed year, no trend to read"
ZYI,2015,2019,20819,8.0,1.3911,0.9881,0.71,0.000398,headroom,peak growing broadly in step with annual traffic
ZYL,2015,2019,5636,2.3,0.3233,-0.2455,-0.759,0.001038,not_assessed,"below the screen floor, peak too small to read a trend"
