iata,a_m2,a_mA,a_mD,a_s2,a_sA,a_sD,a_d2,a_dA,a_dD,a_i2,a_iA,a_iD,p_m2,p_mA,p_mD,p_s2,p_sA,p_sD,p_d2,p_dA,p_dD,p_i2,p_iA,p_iD,ndays
PHX,429508.999999998,214759.00000000064,214749.99999999977,64056071.00000033,32029336.9999998,32026734.000000034,60536231.00000023,30268952.999999896,30267278.000000145,3519840.000000036,1760384.0000000047,1759455.9999999937,119.30107279272798,66.81878121878123,76.36551632118699,17533.627976190477,9705.426701463677,11174.195170515759,16032.217801806039,9492.795435954991,9545.712055983235,1741.961590122697,1190.1710648617682,1458.9561360208427,365
DFW,724068.9999999955,362030.99999999953,362037.99999999936,102407117.99999958,51203230.00000031,51203888.0000001,86681423.00000069,43341141.99999972,43340280.99999996,15725695.000000237,7862088.000000022,7863606.999999973,190.3422873531697,109.3497918384062,112.83188863424158,25641.470320730128,14983.968973101719,14956.386898787487,21744.72622373528,12529.084619935838,12803.15973183679,5440.837681019307,3532.503352005886,4204.996174413778,365
MIA,379554.0000000027,189754.99999999997,189798.99999999919,65451132.00000041,32721539.99999982,32729591.999999788,34888401.9999999,17444391.00000003,17444010.99999996,30562730.000000052,15277148.999999981,15285581.000000294,96.81712366601272,50.27138607481379,59.127944047950216,16569.77366453583,8658.850867520316,9695.2125,10178.726680228807,5393.761904761905,5787.505952380954,10697.338496076276,6918.8465961811235,7633.686584395996,365
SZX,417099.9999999994,208543.99999999945,208555.9999999997,79334897.00000006,39657010.99999981,39677886.00000007,71105822.00000012,35540372.00000023,35565450.000000075,8229074.999999989,4116639.0000000065,4112435.9999999693,74.7783189033189,44.86600066600066,49.1970473970474,14557.047466422468,8586.610076035076,9211.588364413365,13459.353402153401,8223.506536519037,8749.321737984237,2154.15472860473,1676.0323232323226,1435.0396825396829,365
JED,283148.0000000026,141193.00000000055,141954.99999999936,62056211.000000015,30900942.99999998,31155267.99999996,20220599.999999948,10126459.000000032,10094141.000000048,41835610.99999977,20774483.99999997,21061127.000000037,50.304042638527804,30.095290449252577,30.43557853910795,12050.157586008761,7290.461023515606,7887.745325867378,3892.1214352314346,2437.484830855419,2337.962483642151,9478.095942893622,5488.563178324943,6900.352414905357,365
MNL,296574.9999999989,148297.9999999992,148276.9999999993,63886324.00000017,31942715.00000002,31943608.999999925,33527805.99999991,16762153.000000047,16765652.999999976,30358517.999999914,15180562.000000052,15177955.999999927,46.18138805638806,25.668194305694307,30.522041847041848,10620.049267399267,6001.189343989344,6414.699533799534,6719.7038073038075,3844.700327450327,4302.346794871794,6939.790939615941,4106.099017649018,4266.397668997668,365
HKG,311426.9999999997,155762.99999999974,155663.99999999977,76682480.0000002,38321815.99999978,38360664.00000005,0.0,0.0,0.0,76682480.0000002,38321815.99999978,38360664.00000005,61.039596514596504,34.68859473859474,39.2290626040626,14819.997935397932,8668.28303085803,10153.778310578311,0.0,0.0,0.0,14819.997935397932,8668.28303085803,10153.778310578311,365
ICN,366262.00000000093,183175.99999999942,183086.00000000035,85295448.00000033,42655974.999999784,42639472.99999993,0.0,0.0,0.0,85295448.00000033,42655974.999999784,42639472.99999993,69.85091852591853,44.076887001886995,48.75287490287491,17412.242855755358,12370.557864357863,12056.178083028084,0.0,0.0,0.0,17412.242855755358,12370.557864357863,12056.178083028084,365
KUL,389808.0000000001,194896.00000000047,194911.99999999942,77929448.00000012,38960214.99999994,38969232.99999996,21100935.999999974,10548687.000000006,10552248.999999993,56828512.00000015,28411528.000000056,28416983.999999978,80.99468586968587,44.0642205017205,53.825072150072145,15919.147820235321,8809.117793317793,10950.6193001443,5219.697852147852,3089.6238927738927,3256.7531302031307,11277.093903318904,6527.584915084915,8307.550233100232,365
CGK,393952.0000000005,196452.99999999997,197498.99999999936,73728877.00000015,36766724.99999987,36962152.00000002,52225541.000000164,26021681.999999996,26203858.9999998,21503335.999999948,10745043.000000061,10758292.999999942,85.5057609057609,50.14150432900433,47.81987734487734,16198.835431235431,9376.609149184149,8848.219737207237,12185.018248418248,7306.252014652015,7026.861771561771,4645.50838050838,3036.9666666666662,2784.6247863247863,365
LAX,517293.99999999977,258730.99999999919,258563.00000000242,90081240.00000037,45063740.999999814,45017498.99999994,61464328.99999969,30736264.99999998,30728064.000000015,28616911.000000045,14327475.999999914,14289434.999999842,120.06309523809524,64.32634594164006,68.00039829451595,19221.051911898416,11181.63508372959,10862.335159094382,15942.764880952378,8540.94203286113,8938.907440598618,8678.56272498743,4752.5943153620565,6869.388773057009,365
PVG,514647.0000000014,257435.99999999913,257210.99999999886,100867897.0,50472612.99999997,50395283.999999896,55311832.000000075,27669472.00000009,27642359.999999925,45556064.99999999,22803141.00000011,22752923.99999997,92.77703407703407,54.9123543123543,60.28322788322787,18365.97798867799,10732.185714285715,11469.619075369075,11878.656882006882,7489.484673659674,8388.548042235541,9446.25151098901,6406.862123987123,6515.218648018647,365
SFO,377444.00000000297,188771.99999999936,188672.00000000128,64642804.99999962,32337868.999999586,32304936.00000004,45235965.99999996,22615604.99999987,22620361.00000014,19406838.999999978,9722263.999999978,9684574.999999925,92.97748255218245,58.411309523809514,52.74628179466888,15416.636745085296,9851.30743161712,8953.362350802676,12698.849644225149,8170.870865277094,6564.771027771832,5532.600729551036,3120.5935467652744,4790.034402192233,365
CAN,520574.0000000005,260309.99999999924,260263.9999999991,98902607.0000002,49450907.00000012,49451700.000000075,77813179.00000001,38898479.99999994,38914698.999999925,21089427.999999855,10552426.999999998,10537001.0,92.7260545010545,56.8217254967255,60.079878454878454,17956.289285714287,10594.956931956933,11165.252602952605,15624.783333333335,9553.605192030192,10110.431146631148,4800.689377289377,2975.375957375956,3266.5418803418806,365
ORD,818017.9999999966,408819.0000000023,409198.9999999992,100860025.99999964,50375818.999999925,50484207.00000009,83010149.99999961,41504444.99999977,41505704.99999981,17849876.000000156,8871373.999999817,8978501.999999894,234.7633442048148,124.03403079586346,114.51795002383238,28992.999476362427,15276.537587771705,14094.426438036313,24025.516722493194,12523.264083521033,12365.749492515377,6335.291440153622,4271.006119370824,3126.2190891545733,365
IST,505063.00000000175,252474.99999999744,252587.9999999999,101499294.00000107,50740979.99999961,50758314.00000036,20335770.000000127,10168209.000000011,10167561.000000088,81163523.99999991,40572771.00000019,40590753.000000134,110.59206438954723,71.65768465559796,72.86187289834348,23030.40127493422,14254.35832677127,14906.002632661455,6054.05161701044,4053.975701789754,4578.822249353023,19965.480411549237,13467.719616714483,14310.642033035536,365
ATL,782068.9999999986,390961.00000000064,391108.00000000076,126131439.0000006,63045011.0000004,63086428.00000013,107826489.00000018,53914209.00000034,53912280.00000034,18304949.999999765,9130802.000000065,9174148.000000214,200.6438876092709,107.20844909704306,107.05153787389084,31119.26644170501,16695.70899505723,17039.095276280976,28529.624539904544,15737.683529845104,14257.110119047622,6761.923886894518,4376.179166666667,4545.90439829778,365
FCO,310577.0000000024,155237.99999999945,155339.00000000114,60384174.00000011,30182619.00000005,30201554.999999896,12964553.999999993,6483294.0000000205,6481259.999999998,47419619.999999896,23699324.999999918,23720295.000000045,75.84042833539576,50.813439322115784,50.06496758143816,14793.271439279675,9122.707194896606,9510.671401147873,4223.193263038495,3149.6225656412353,3473.331621654593,12503.412546530843,6887.87491416173,6771.310866257924,365
CLT,525885.9999999998,262940.0000000007,262945.9999999996,65733835.000000045,32867266.999999914,32866567.999999918,59586631.00000008,29793728.999999803,29792902.0,6147203.999999979,3073538.0000000023,3073666.0000000135,125.53702361758107,86.99204328351387,90.6024690452125,15687.621565997597,10601.205634727423,11196.709408573837,13786.981450693671,10164.315839683193,9869.1680536457,3011.6687156747466,1953.9692483507351,2739.752696539452,365
DEL,457228.9999999976,228718.0,228511.00000000148,91118130.99999954,45587851.99999965,45530279.00000024,65559373.000000045,32795483.999999925,32763888.999999963,25558758.00000008,12792367.999999996,12766390.000000013,81.03478743478743,45.01877011877012,43.378205128205124,15740.015642690643,9021.37349039849,8387.50641025641,12765.720646020647,7069.594871794871,6744.996153846154,4966.104761904762,2868.7200549450545,2779.177272727272,365
PEK,434477.0000000008,217028.00000000058,217449.00000000047,90462703.00000013,45179661.99999989,45283041.00000014,68598673.00000012,34270402.0000001,34328271.000000075,21864029.999999937,10909260.000000015,10954770.000000019,78.41208236208234,52.16441058941058,58.801875901875896,16733.589015151516,10520.297324897325,12539.861249861247,13931.310422910425,9629.202625152626,10155.479662004662,5404.9368409368435,5084.723096348096,4145.143989343989,365
PKX,346452.9999999994,173235.00000000032,173218.00000000015,63724684.999999925,31855547.000000022,31869138.000000034,56592866.99999994,28283335.000000015,28309532.000000026,7131818.000000044,3572211.999999997,3559605.999999989,68.29156121656122,46.99998473748474,52.83760683760684,12864.79951159951,8469.000552225552,9477.628060828065,12023.064427239427,8281.174575424577,9165.85506993007,2192.168956043956,1547.958041958042,1629.8045288045287,365
TFU,386411.9999999997,193253.99999999997,193157.99999999927,66672358.99999996,33337118.99999991,33335240.000000082,58834546.00000016,29425838.999999892,29408707.000000037,7837812.999999903,3911280.0000000247,3926533.0000000163,79.57339882339883,46.453812853812856,53.11426906426907,13924.28892080142,8087.285619935619,8887.36417193917,12815.685714285715,7511.159077034077,8736.416025641025,2704.8026196026194,2576.663131313131,2225.2107142857144,365
CDG,434975.0000000011,217428.00000000102,217547.00000000044,85994876.9999996,42979322.99999998,43015553.99999979,7242709.000000029,3621475.999999993,3621232.999999995,78752167.99999931,39357846.9999999,39394321.00000043,103.82967468913868,63.821562877494955,62.8172452516927,22004.97392966511,12371.976170594113,13278.805952380953,2568.445899851782,1536.8046936723406,1909.5431234469681,20536.392232277525,11747.24551530169,12916.474331420213,365
DXB,446142.0000000002,223136.00000000102,223005.99999999997,124288916.00000052,62162639.00000052,62126276.999999896,4424.000000000001,0.0,4424.000000000001,124284492.00000031,62162639.00000052,62121852.99999989,67.13943442178736,39.21068163183088,44.700986986869346,22001.766310285864,15021.980176033116,16373.158459585955,107.03225806451613,0.0,107.03225806451613,22001.766310285864,15021.980176033116,16373.158459585955,365
LHR,481088.999999999,240556.00000000015,240533.0000000007,104160958.00000031,52084062.99999923,52076895.00000005,6287682.000000004,3143845.0000000237,3143836.999999998,97873276.00000031,48940217.99999956,48933058.00000053,93.391273824215,46.85019105077929,48.22097884517987,20627.40494407947,11805.432069760305,10953.418904228718,2048.5511904761906,1204.6015800370492,1141.780341880342,20001.654404288525,11805.432069760305,10551.168904228718,365
MCO,386488.9999999979,193225.9999999997,193263.00000000093,69551897.00000003,34772819.99999989,34779077.00000007,56297555.00000006,28144771.999999985,28152782.999999937,13254342.000000028,6628047.999999928,6626293.999999975,93.86764069119876,50.20059523809523,52.718539692680935,16864.969211311567,9194.748866996732,9306.378154133448,14238.720270015056,7422.757587183676,8172.377598782887,3996.8999155470574,3280.882023837432,2330.718036343108,365
AMS,462345.0000000017,231176.00000000116,231169.0000000003,81764105.00000012,40880763.999999374,40883340.99999977,213.0,213.0,0.0,81763892.00000012,40880550.999999374,40883340.99999977,122.2356527949175,85.79033090981862,66.78331145978206,19986.77865601378,14256.10207594898,11788.574612102035,0.0,0.0,0.0,19986.77865601378,14256.10207594898,11788.574612102035,365
BOM,324396.0000000023,162129.99999999916,162265.99999999898,64803674.99999962,32389081.99999996,32414592.999999575,44837712.99999973,22411857.99999993,22425854.99999987,19965961.99999985,9977224.000000015,9988737.999999944,47.56926406926407,30.748794261294265,33.74808802308802,9466.242113442113,6173.3217005217,6825.705494505495,7672.995768120768,4457.30695970696,5116.587412587412,6881.107142857143,3670.3674825174826,3553.1699633699627,365
DEN,679077.0000000006,339512.0000000003,339564.99999999825,98864785.99999845,49431753.999999985,49433031.999999814,92849618.99999903,46424771.999999985,46424846.99999995,6015167.000000035,3006982.000000014,3008184.999999964,185.58572579921022,113.84030012484283,116.51515070463351,27142.038132691174,16429.17401187048,16724.308126716343,25576.80553694672,15977.739374705312,15357.969647895652,3293.786097025928,2175.4000580345983,1673.7123931623937,365
FRA,426990.99999999884,213284.00000000084,213706.99999999854,80988664.99999979,40451001.00000031,40537663.99999988,8574166.0,4268091.000000009,4306074.999999984,72414498.99999955,36182910.00000008,36231589.0,107.11630225983167,59.43775440246028,59.73582260876378,19335.0529947177,11325.306051987227,12948.33333957692,3233.676548288313,1919.3227047251717,1665.0264728227307,17691.9417117523,10345.413208693462,12019.135059907412,365
JFK,432357.9999999979,216168.99999999886,216189.00000000017,77115699.00000016,38558089.000000305,38557609.99999976,33376069.999999814,16685686.999999983,16690383.000000052,43739629.000000104,21872402.00000005,21867227.000000153,85.19190365190366,50.67703133274765,51.89949295380985,16007.643022188298,9476.885425554838,9038.707183992477,8679.033734535495,4179.180671110462,4949.607675788264,10397.517529006942,6244.706200565726,6051.513023708319,365
MAD,391901.9999999991,195970.0000000011,195932.0000000012,76788946.99999985,38393379.00000012,38395567.99999989,19112142.999999937,9553208.999999942,9558933.999999983,57676804.00000037,28840170.00000017,28836634.00000011,87.39622129504482,51.55204042862087,59.387005543476114,17288.764970099663,10368.238920250044,12092.765594913431,5964.269004002534,4111.810663445685,4247.261661062682,13633.825719476517,8090.227978818569,8459.486714006136,365
HND,481212.99999999977,240455.000000001,240757.9999999992,110492888.99999985,55168528.00000012,55324361.00000022,81937656.99999988,40889467.999999925,41048189.00000005,28555232.000000022,14279060.000000034,14276171.999999974,98.71440503940504,49.99094239094239,56.05669885669886,22656.991020091024,12124.795437895438,12871.65608003108,18273.21978021978,9770.550283050283,11626.635692085692,6563.95011655012,4311.54358974359,4502.5335317460285,365
LAS,415146.0000000027,207532.99999999933,207613.00000000015,68607103.99999943,34301397.99999976,34305706.0000001,64411562.00000009,32202886.999999862,32208674.999999862,4195542.000000002,2098511.000000002,2097030.9999999877,104.56290228897686,52.801601894837184,54.9559156235173,16854.47156936586,8684.512914900919,9063.38869047619,15880.513103889574,8451.96240700476,8970.67767820552,1737.9683501192058,1156.3671372106164,1232.7270722109433,365
SIN,354017.9999999971,176998.9999999979,177019.00000000026,84850123.00000006,42421555.99999985,42428567.00000033,0.0,0.0,0.0,84850123.00000006,42421555.99999985,42428567.00000033,61.460404872904874,33.640430402930406,34.65869408369409,14460.964410589411,8760.196975246974,8424.796825396825,0.0,0.0,0.0,14460.964410589411,8760.196975246974,8424.796825396825,365
BCN,339033.99999999965,169503.99999999953,169529.99999999895,66252995.00000005,33124704.999999873,33128290.000000093,16437057.000000121,8219029.000000072,8218027.999999982,49815938.00000014,24905675.999999948,24910261.99999977,71.27251505030915,38.37643337055101,42.66790217570453,14543.717976141505,7615.763820711266,8423.880322292089,4493.242830372243,2581.9407992534925,2971.4860260654377,12262.609854067501,6124.909610418335,6731.927423338425,365
SEA,416289.9999999993,208142.9999999991,208146.99999999852,62341076.00000001,31170621.00000007,31170454.999999832,53711569.000000454,26855964.00000009,26855604.99999997,8629507.000000011,4314656.9999999935,4314849.999999965,101.04973306444572,62.51471051823994,58.99637692492036,15966.972365083151,9785.990482967607,9573.628133156937,14964.144613915494,8969.143047136784,8413.104160923229,3184.650768839004,1933.9564990564995,1932.8880785880774,365
DOH,252349.00000000183,126212.00000000074,126136.99999999904,65225337.0000001,32629834.000000007,32595502.99999999,0.0,0.0,0.0,65225337.0000001,32629834.000000007,32595502.99999999,62.83855781201188,56.745652859075406,60.683251889752995,17979.284537237887,17279.931058614588,16765.925969994056,0.0,0.0,0.0,17979.284537237887,17279.931058614588,16765.925969994056,365
BKK,349482.0000000001,174898.00000000035,174583.99999999942,76657353.00000024,38359369.00000008,38297984.00000004,14205956.000000037,7118748.999999973,7087206.999999996,62451396.999999866,31240619.999999966,31210776.99999996,65.65423742923743,35.545906870906876,35.253639416139414,14192.436019536019,7824.867882117883,7788.854151404153,3525.1768897768898,2118.460606060606,3067.647619047619,11537.42857142857,6929.073096348096,6515.874575424576,365
DMK,206309.0000000002,103157.99999999956,103151.00000000017,39743501.00000003,19872659.000000037,19870842.00000005,23645363.00000005,11823141.000000015,11822222.000000058,16098138.000000065,8049518.000000026,8048619.999999997,45.155217005217,26.652247752247753,27.77926795426795,8807.728171828172,5261.266666666667,5344.546935009435,5936.293997668998,3549.0868187368187,3583.2,4014.756776556777,2418.8571428571427,2622.535042735042,365
SHA,284138.00000000105,142038.99999999875,142099.00000000044,59112828.00000019,29550394.00000004,29562434.000000034,55167185.00000032,27577587.000000052,27589597.999999974,3945643.0000000126,1972806.9999999898,1972835.9999999967,57.68558386058386,38.19658952158953,36.437429237429235,12289.508313908314,7826.501551226549,7530.63144910645,11637.918076368076,7563.897889610388,7328.99933954934,1800.6826923076924,1115.4503496503503,1220.199999999999,365
SYD,284821.9999999981,142432.00000000035,142390.00000000015,52409020.00000025,26215695.99999975,26193323.999999966,30664604.000000067,15343508.999999994,15321094.999999888,21744415.999999817,10872187.000000024,10872228.99999996,78.43635188341071,42.10232220139297,42.9786319044466,13383.793805540863,7610.959336861213,7917.573460541969,8166.462277428454,4236.144601436584,4311.974366240969,7249.333242402256,5986.628519935043,4953.963000682641,365
MEL,231177.00000000006,115446.99999999972,115730.00000000022,44412205.99999986,22185549.999999996,22226656.000000205,29383642.999999963,14674134.99999991,14709507.999999981,15028563.000000019,7511414.9999999935,7517147.999999995,54.655491585668,26.746084324172557,30.7383466823612,9669.226371928726,4816.6225363158555,5681.543634256177,6768.866194942448,3558.983338970731,4144.480398089346,3821.3481776288227,2542.008500427298,2154.6927551574026,365
ORY,219072.0000000007,109558.00000000004,109513.9999999998,42339514.99999969,21171948.999999914,21167566.0000001,7553084.999999973,3776383.9999999986,3776701.0000000014,34786430.00000006,17395564.999999896,17390865.000000183,59.54816823699177,38.011405547010085,33.190660414396085,11155.387815493734,7023.760600002351,6138.459869640164,3297.148169336384,2335.2333333333336,1764.1119174942705,8972.941060163608,6491.12328381612,5491.981059380078,365
CPH,236772.00000000128,118417.00000000017,118355.00000000016,39420544.99999986,19715911.999999836,19704633.000000115,2133132.0000000126,1066392.0,1066740.0000000012,37287413.00000056,18649519.999999963,18637892.999999944,66.18835974483034,39.644418758547346,47.81017324179088,10986.3592334682,6004.67703064909,6884.083617330383,1215.8581771170007,920.5055483731954,493.1550802139037,10274.756519950639,5798.36299125711,6565.083617330383,365
LGW,248983.00000000143,124511.00000000004,124472.00000000175,47985567.999999724,23996295.00000007,23989273.00000015,3594044.000000008,1797007.9999999942,1797036.0000000056,44391523.99999989,22199287.000000134,22192236.99999987,51.65030942913296,31.91111111111111,34.537658011922716,10788.690606778842,5795.809829059829,6295.608776844071,1687.9901624092954,1048.6144392243464,1220.5,10284.690606778842,5474.417069243156,6050.2451483157365,365
MEX,295572.0000000022,148442.00000000017,147129.99999999968,52198367.0000006,26273911.00000006,25924456.00000013,31485834.00000002,15747896.999999894,15737937.000000086,20712533.0000001,10526013.999999877,10186518.999999987,53.87284408402056,32.57128500245187,43.66574776530659,10015.575646736328,6078.115152821035,7645.943065888359,7049.243451319922,4474.64785610162,6103.8268312996515,5324.539285714286,3206.842109303248,3133.261904761905,365
YYZ,345606.00000000134,172519.9999999987,173086.00000000067,56242794.00000015,28023374.999999877,28219418.999999754,20990846.999999836,10494931.999999966,10495915.000000067,35251947.00000007,17528443.000000026,17723503.99999981,77.73760762113704,43.93048776048137,47.77991227726521,13760.24660457109,7706.424567580115,7739.544710844711,5609.420889567948,3740.636966716755,3688.5438899599244,9398.297811208398,5814.030226977689,4974.1986789680905,365
LGA,356747.0000000012,178367.00000000038,178379.9999999995,41438912.999999866,20719177.999999963,20719735.00000025,39303591.000000045,19651603.999999963,19651987.000000056,2135322.000000026,1067574.0000000084,1067748.0000000019,80.85425868249396,42.63908182266816,45.623263569658256,9488.021836986543,5027.97097972473,5726.218793583641,9108.580559669563,4871.077490751821,5578.538102862401,752.6525641025643,426.1400534948916,455.58927738927787,365
SVO,206881.00000000073,103425.99999999927,103454.99999999943,39362532.00000009,19677958.99999997,19684573.00000001,24398471.99999984,12200447.99999997,12198023.999999981,14964060.000000056,7477511.000000046,7486548.999999995,43.63846286235929,24.490195899214175,25.33926085674601,9019.967731825418,4617.485685522924,4800.743294498038,5951.4857313927905,3515.6572541503756,3181.866634904206,4234.107551209069,2742.7544422897363,2689.215449256626,365
VIE,234642.9999999988,117276.99999999964,117366.00000000097,40460733.000000365,20223066.999999903,20237665.999999996,446058.99999999924,220729.00000000183,225330.0000000004,40014674.00000057,20002337.999999896,20012335.999999996,60.35153142609025,35.10939348233467,35.87375401187315,10884.034514617284,6016.097755765213,6100.691683264025,327.3053613053613,260.0,327.3053613053613,10884.034514617284,6016.097755765213,6100.691683264025,365
CAI,197536.99999999907,98663.99999999983,98872.99999999953,37528847.999999866,18744015.999999933,18784831.99999995,2997984.000000012,1509572.9999999967,1488411.0000000014,34530864.00000002,17234443.000000052,17296421.00000011,39.5876947748303,27.014187530284865,24.46547619047619,7277.406471110589,4884.33540374658,4702.474574239902,1738.5603052503052,918.868253968254,1096.0089104443941,6655.138920940812,4705.130187834606,4629.508455596691,365
CTU,211437.99999999997,105726.99999999955,105711.00000000026,39828927.00000009,19918405.999999944,19910521.000000183,39828787.00000009,19918405.999999944,19910381.000000183,140.0,0.0,140.0,41.94353285603285,25.746664446664447,29.407326007326006,8137.34246031746,4996.826252913753,5849.652486402487,8137.34246031746,4996.826252913753,5849.652486402487,0.0,0.0,0.0,365
DTW,308674.99999999994,154335.00000000006,154339.99999999942,41388313.99999985,20693613.000000086,20694700.999999933,36884007.99999991,18441992.99999996,18442014.99999999,4504305.999999994,2251619.9999999963,2252685.9999999846,78.58100060140777,57.82331980746043,57.27864300153368,10514.775364504776,6830.731630591631,7596.696568790687,9775.795401309633,5516.557182410948,7105.155091722003,2548.9857778692453,1802.965260545905,1400.1820581379407,365
FLL,235104.99999999715,117580.99999999988,117523.99999999981,40339338.99999985,20172714.000000093,20166624.99999987,31016016.000000123,15511070.000000063,15504946.000000013,9323322.999999981,4661643.9999999935,4661679.000000085,65.10366286729406,33.589539284245156,37.487446981123455,10945.971425974594,5970.851724440434,6756.014348672043,8802.144756827282,5276.288000852261,6230.058386971839,4266.691895775757,2368.733928571429,3249.5689257666395,365
BOG,339404.999999998,170037.0000000012,169368.00000000108,56891292.00000016,28569253.999999803,28322037.99999977,36540295.000000075,18249104.999999866,18291189.99999999,20350997.00000009,10320148.999999994,10030848.000000171,61.85462066470103,34.49949984655867,36.03363496027815,10489.559080763735,6156.2400035911805,5928.904022805651,7560.2036626771915,4552.55002513826,4926.793633033632,4304.60682277874,3649.49674790294,3687.602384372842,365
BLR,272302.9999999992,136135.0,136167.99999999962,50893520.99999998,25442578.00000016,25450943.000000045,42533055.99999994,21268328.000000034,21264727.999999955,8360465.000000066,4174249.9999999935,4186214.999999965,53.34487179487179,32.57261072261072,30.83076923076923,9771.288689088688,5819.627272727273,5450.7603729603725,9077.051126651128,5234.379587079587,5048.062781662782,2588.273885836386,1649.6190476190482,1616.7230769230769,365
HGH,311686.00000000116,155835.00000000032,155851.00000000044,56850192.0000003,28431945.999999892,28418246.000000086,51046201.999999784,25516224.999999877,25529977.00000001,5803990.0000000065,2915720.9999999865,2888269.000000005,59.07750582750583,37.68697413697414,40.609143634143635,10928.832930957931,6809.8214951714945,7351.95,10215.026104451104,5903.313167388167,7097.179145854146,2196.6965367965367,1677.8699675324683,1531.4476190476198,365
BOS,384677.0000000002,192121.00000000064,192556.00000000023,52417785.99999979,26217103.000000007,26200682.999999776,40165220.00000007,20080546.00000003,20084673.999999955,12252566.000000075,6136556.99999997,6116009.000000071,89.06242084712673,47.151224120781094,51.55851547145664,12401.512558929617,7035.154539308689,7533.608344335404,9173.532833064659,5772.599004486677,6714.05161043599,4007.9371680991603,3070.590025356209,2219.3913752913754,365
KMG,339641.0000000008,169824.99999999924,169816.00000000114,57663861.00000004,28850944.000000022,28812916.999999892,53167774.99999989,26589181.999999933,26578592.99999983,4496085.999999995,2261762.000000018,2234324.0000000196,65.1062271062271,43.07973970473971,47.307384282384284,11191.865422077923,7534.067987567987,8086.376892551893,10429.663752913753,7366.621639471639,7437.827658452658,1643.3151515151512,978.4999999999995,1128.1428571428569,365
PMI,209327.00000000017,104663.99999999983,104662.9999999998,36461413.000000134,18225444.00000008,18235968.999999955,10802165.000000032,5401531.000000001,5400634.000000021,25659248.000000007,12823913.00000001,12835335.000000048,57.574298250768834,30.558352402745996,31.12431121166415,10210.67050739346,5469.557256469021,5564.657142857143,2949.2763461056898,1828.9604952074199,1620.7283972066582,8621.45173453997,4792.310897435898,4788.895238095239,365
MUC,317332.999999997,158620.99999999962,158711.99999999924,55827864.99999945,27905883.99999982,27921980.99999979,8992327.000000002,4495738.999999977,4496587.999999999,46835537.99999974,23410144.999999825,23425393.00000025,88.63707978659627,60.965269570447525,60.340030820807975,14551.602979667392,9978.376985155315,10656.983463806191,2998.9843320078617,1689.8703671969167,1758.1838553603259,12359.408363270715,8632.186104744926,9612.021651533449,365
ZRH,218309.9999999983,109179.99999999952,109130.00000000033,38050667.99999952,19029452.000000164,19021215.999999974,873925.0000000006,436675.99999999866,437249.0000000021,37176742.99999957,18592776.00000009,18583966.999999877,62.76343395166924,39.46594608006373,45.702682491641085,10931.824737328443,6322.742699045024,7574.5461938061935,649.3628993555463,496.85007884272585,306.29336349924586,10350.09697022567,6178.89068447892,7441.5461938061935,365
HAN,185469.00000000003,92817.00000000029,92651.99999999981,40293608.00000021,20159804.0000001,20133803.999999885,22027319.00000006,10988597.999999946,11038721.000000056,18266288.999999955,9171205.99999997,9095082.99999998,41.47014929514929,22.880817793317792,20.59323593073593,8931.12112887113,4949.818337218337,4478.805555555555,5566.0010281385275,3064.965567765568,3073.87905011655,4603.122918747918,2877.4172619047617,3021.4844932844926,365
LIS,223258.99999999785,111607.99999999985,111651.00000000019,41610210.00000013,20800293.999999966,20809916.000000138,4718785.999999995,2357244.000000008,2361542.0000000075,36891423.999999724,18443050.000000056,18448374.000000007,43.12762749124691,24.85961930226636,25.760344230932468,8430.748437819884,4321.820238095238,4760.982843137255,1752.9258692997823,1032.6718314365373,1045.0790598290598,7428.267666520534,4094.6313620094584,4394.092167962755,365
ATH,252659.00000000128,126285.9999999994,126372.99999999985,41170841.9999997,20578280.999999892,20592560.999999855,11519049.000000015,5759479.999999979,5759568.9999999795,29651793.00000008,14818801.000000017,14832992.00000012,63.39299740034828,36.60099273209431,37.615879759596844,11349.960376658164,5589.194979850165,6241.75963003636,3690.3279241315295,3161.618246712175,2399.1786573138143,8699.289269598317,4032.0720980062215,5137.626458900577,365
SGN,246345.9999999998,122895.00000000032,123451.00000000047,51977312.99999994,25935526.00000015,26041786.999999765,29150153.999999825,14568317.999999925,14581835.999999946,22827159.00000006,11367208.000000069,11459951.000000155,47.50774225774225,28.01893106893107,27.053174603174604,10308.13684093684,5924.544733044733,5637.9958541458545,6689.112665112665,4120.586358086358,3856.49242979243,4811.704832667332,3395.3503246753244,2941.560661560661,365
EWR,371555.99999999965,185727.00000000003,185828.99999999945,57995151.00000008,28985396.0000001,29009755.000000045,37960646.000000015,18981242.999999996,18979402.999999885,20034505.000000037,10004153.000000048,10030351.999999905,82.48841273105978,44.712174632453916,46.561533105097126,13415.629227181918,6584.441012706122,7624.6863095238095,8901.646770752555,4627.936904761904,5677.985442092611,6689.614619672511,3474.1305516442912,4644.542052033988,365
DUB,239030.99999999884,119510.99999999933,119519.99999999974,42727980.9999999,21362992.0000001,21364988.999999974,381440.00000000105,190720.00000000044,190720.00000000006,42346540.99999994,21172272.000000037,21174268.99999995,54.0774309024309,28.18247667365314,35.279498932440106,9923.09199549174,5128.103785052984,6113.961061498064,269.0,201.75,201.75,9778.666275554511,4980.587139984198,6113.961061498064,365
GRU,271044.9999999973,135619.9999999987,135425.00000000064,55708705.0,27865734.00000012,27842970.99999999,35522632.000000015,17766993.000000138,17755639.000000015,20186073.000000276,10098741.000000069,10087332.000000037,60.26800359599764,33.438618244500596,35.64653451124039,12011.750182497239,7258.056107549021,7563.597377158008,9192.126478675302,5555.92668997669,5406.295603270513,5548.302440696558,5073.658371830574,3304.982160632561,365
MSP,308744.00000000314,154347.00000000032,154397.00000000116,43168578.00000016,21579682.000000026,21588895.999999963,38617847.999999925,19307777.999999937,19310070.000000004,4550729.999999988,2271904.000000016,2278825.9999999884,76.24446114967621,53.67452573097234,44.63501339846483,10918.906171730257,7631.72788262691,6566.436380025204,10068.823137225414,6540.375759242509,5775.078706621527,1990.1081107380928,1636.6000000000001,1571.8502226566734,365
XIY,336281.0000000004,168257.99999999936,168022.99999999854,56373881.99999981,28203734.999999948,28170146.999999933,53829549.99999984,26929686.999999944,26899862.99999985,2544332.0000000065,1274047.9999999998,1270284.0000000112,63.08521201021201,41.491003441003436,43.91159257409258,10762.847963147962,7149.864890664891,7129.964285714286,10300.418931068933,6739.776325063825,6987.179137529138,1650.1587301587301,986.3589743589746,785.6666666666667,365
IAH,430816.0000000006,215404.99999999924,215410.9999999988,58423048.00000024,29210746.99999984,29212301.000000272,42467639.999999695,21235231.999999933,21232407.999999855,15955408.000000052,7975515.00000004,7979892.999999986,139.93925695219812,83.20165304359635,80.86120442165735,17864.223585297746,10281.396310585025,10405.872349111123,13939.607535062974,9097.029757462069,8528.879944546808,5849.223028724431,3249.1876529890546,4436.568884579472,365
SAW,266754.99999999884,133360.00000000064,133395.0000000003,56193324.99999964,28092177.999999788,28101147.000000004,23227069.000000086,11618737.999999965,11608330.999999974,32966255.999999862,16473439.999999909,16492816.000000075,46.747051004551,28.52810617487088,27.218415743042964,10051.80390785685,6130.15455528132,5776.907604878781,5553.607019575528,3771.7765022330964,3901.032674156963,7048.958008996408,5403.965318717231,4981.1488926816455,365
TPE,231669.99999999756,115873.00000000032,115796.99999999968,59276834.999999546,29649351.999999855,29627482.999999918,0.0,0.0,0.0,59276834.999999546,29649351.999999855,29627482.999999918,45.95511988011988,27.86531801531801,30.77121767121767,11606.297649572649,7788.522122322123,8590.25608835609,0.0,0.0,0.0,11606.297649572649,7788.522122322123,8590.25608835609,365
RUH,262356.9999999981,131360.0000000002,130997.00000000035,51347732.00000033,25722285.000000138,25625446.999999918,25453151.000000186,12732818.999999983,12720332.000000197,25894580.99999975,12989465.999999957,12905114.999999978,44.48719889113627,25.68200193465229,24.35510314539479,8959.319632851191,5245.483041488892,5053.277738520102,4692.576541758894,2541.4065890929096,2440.478388278388,5321.828231796111,3248.6288474588973,3524.668656180421,365
CKG,306818.99999999825,153406.00000000023,153412.99999999977,53320199.99999999,26652385.99999995,26667813.999999996,50352158.99999999,25165992.99999999,25186166.000000022,2968040.9999999986,1486393.0000000042,1481648.0000000019,57.962426462426464,36.80952380952381,40.50986790986791,10398.603996003996,6170.444153069154,6729.283682983682,10148.790756465758,5976.367063492064,6516.763480963481,1314.896658896659,972.1666666666665,1261.4064102564103,365
KIX,190465.00000000047,95204.99999999999,95259.99999999968,40599191.99999997,20253383.000000153,20345808.99999997,7856408.999999994,3928135.9999999874,3928272.9999999707,32742782.999999966,16325247.000000034,16417536.000000022,46.74453740703741,25.26482128982129,23.728235653235654,9948.390917415918,5516.657323232323,5125.48666888667,2508.4005494505495,1828.0,1771.7423076923076,9032.745962370962,5425.466142191142,4612.5,365
NRT,213900.99999999919,106975.00000000006,106926.00000000006,49111604.000000216,24561382.999999862,24550220.99999979,8310117.999999961,4154596.000000006,4155522.0000000177,40801485.99999994,20406786.999999974,20394698.999999907,60.59643412143413,41.11969696969697,39.02579642579643,14215.806371406372,9384.7,9154.003030303029,2579.75,1842.3951048951049,2495.179487179487,12151.550785325784,8200.242440892442,7972.5192224442235,365
HYD,210567.9999999998,105289.00000000052,105278.99999999997,37509898.999999985,18755697.999999937,18754201.00000013,30966327.000000138,15483654.999999959,15482671.999999994,6543572.000000036,3272042.999999988,3271528.9999999925,37.745881895881894,24.55185092685093,23.1973026973027,6678.768897768898,4165.060761460762,3787.768298368298,6389.251282051282,3574.2811188811193,3473.633333333333,2205.7111111111108,1228.0,1261.474281274281,365
WUH,220292.00000000055,110153.99999999993,110138.00000000015,37009478.00000007,18524259.99999996,18485217.999999996,35118851.99999991,17571356.000000007,17547496.000000034,1890625.999999997,952903.9999999992,937721.9999999967,47.418048618048616,27.02650127650128,27.16171883671884,8007.698384948384,4574.533333333334,4561.935714285714,7665.811904761906,4405.812393162393,4492.461660561661,976.242424242424,755.4000000000005,688.8000000000001,365
PHL,277361.9999999997,138675.0000000001,138686.9999999999,37015772.000000015,18506985.999999993,18508785.999999903,31269231.000000335,15633509.999999993,15635721.000000108,5746540.999999974,2873476.000000015,2873064.9999999977,85.9152835520639,66.57111871102,55.52996624290742,11844.376423465,8492.172838804707,7195.116590082145,10115.2897242611,7290.8207455603915,6027.015947174842,3107.0405502993754,2744.4291172879416,2179.402564102564,365
HAK,187667.00000000032,93623.00000000025,94044.00000000022,33204891.999999773,16562123.999999922,16642767.999999948,31129850.999999885,15523535.000000019,15606315.999999946,2075040.9999999825,1038589.0000000028,1036451.9999999976,43.37420634920635,25.582983682983684,26.13492063492064,7993.0583194583205,4617.035714285715,4762.535073260073,7709.9479575979585,4506.482647907648,4554.935547785548,1055.142857142857,793.9571428571429,720.0,365
MAA,154473.9999999985,77173.99999999962,77300.00000000001,28177766.999999855,14070844.000000183,14106923.0,20771067.999999933,10384252.000000104,10386815.999999907,7406698.999999948,3686592.0000000084,3720106.9999999967,28.36746031746032,18.35334665334665,16.90833333333333,5203.722222222223,3374.6,2806.716083916084,4241.428571428572,2772.0,2232.7678321678322,2236.917171717172,1451.0393162393163,1395.6,365
CTS,154896.00000000003,77570.00000000065,77325.99999999939,30801539.99999999,15441489.000000004,15360051.000000052,25644292.999999814,12862166.000000019,12782127.00000008,5157247.000000001,2579323.000000005,2577923.999999989,43.62762237762237,24.10705128205128,23.429953379953375,9140.54484126984,5102.788888888888,4557.373543123543,7470.283333333333,3678.175524475524,3862.3141025641025,3086.6363636363635,1878.5555555555557,1812.604395604395,365
MAN,184475.9999999988,92276.00000000055,92200.0000000005,35726124.99999977,17873287.999999933,17852836.999999866,2468434.9999999944,1234328.000000002,1234106.9999999967,33257689.999999627,16638960.00000011,16618730.000000007,43.91615348499062,24.0,27.830891330891326,8899.759752012695,4622.424358951007,5469.94184981685,1299.4419971333016,692.0,784.1634615384615,8574.510107118265,4434.529060545189,5380.0192307692305,365
DPS,145167.00000000012,72669.99999999996,72497.00000000004,30100611.000000045,15075944.00000002,15024667.000000017,11658515.999999978,5869856.000000005,5788659.999999996,18442095.000000037,9206087.999999998,9236006.999999937,36.699725274725274,21.294871794871796,18.922344322344323,7285.272083472082,4198.319991119992,3875.7956709956707,4187.080357142857,2333.023776223776,2181.642857142857,4492.489484126983,2896.123809523809,2750.171328671329,365
SAN,207694.9999999989,103849.99999999971,103845.00000000016,32217936.99999994,16109526.00000009,16108410.999999968,30881839.99999976,15440953.000000037,15440886.999999983,1336097.0000000005,668572.9999999978,667524.0000000019,55.0965566786155,29.249833805631376,32.75679418620595,8514.363407409583,4668.127589256622,5113.176166243173,8045.801417275536,4654.229223456283,5008.190919015624,839.6650506356382,583.0384615384619,615.702608418359,365
TPA,182916.9999999994,91458.99999999962,91457.99999999955,31180492.999999758,15590258.000000043,15590235.000000058,28536812.000000045,14268370.00000005,14268442.000000088,2643681.000000023,1321887.9999999965,1321793.000000008,47.054503976415745,25.361903064256,32.88630952380952,7801.537472494826,4277.670366365661,5650.037975031505,7228.1116669278435,3964.3497642863613,5519.042766822033,1291.1220238095234,1094.7905113041852,901.92065483953,365
AUS,182721.00000000032,91363.99999999994,91357.00000000047,28128268.999999765,14064442.999999987,14063825.999999883,26789193.999999955,13393750.999999998,13395442.999999924,1339075.0000000084,670691.9999999981,668383.0000000019,49.519098940275406,26.406422727599196,25.96047013444072,7593.118237252943,4112.931702475809,4127.595051418818,7357.875595238095,3890.2088210345573,3953.7350172376637,942.5277777777778,688.6818641897089,577.7013853005583,365
BNE,189328.0000000004,94565.00000000007,94762.99999999913,30330812.999999765,15138023.999999851,15192788.999999959,21456493.000000194,10703604.999999946,10752888.000000041,8874320.00000004,4434418.999999994,4439900.999999933,56.1185665315077,26.44196537123008,32.94118343957466,7864.989020783138,4178.259774098451,4427.708456705838,5912.367486421092,3051.8540003717458,4275.567942809879,3189.2290598290597,2024.8675213675215,2060.6032533774473,365
CSX,203740.0000000007,101876.0000000001,101863.99999999987,35129601.00000009,17565145.999999993,17564454.99999993,33820428.00000006,16911055.0,16909372.999999944,1309173.000000001,654090.9999999999,655081.999999999,44.30177322677322,25.4484126984127,27.41772116772117,7622.247922910423,4430.327694527694,4825.604145854146,7521.379564879566,4337.695238095238,4825.604145854146,1002.1095238095236,694.6785714285716,694.6785714285716,365
NKG,219424.00000000032,109680.00000000006,109744.00000000025,37073688.99999999,18529200.000000004,18544489.000000075,33694737.000000045,16842923.999999985,16851813.00000009,3378952.000000007,1686275.999999995,1692675.9999999912,47.9,26.623803973803977,28.732775557775557,8193.532822732823,4519.257142857143,4765.5384254634255,7628.998448773449,4391.20343961594,4364.000000000001,1351.532867132867,1015.4487512487517,1026.710768398268,365
MXP,190998.00000000035,95488.00000000004,95509.999999999,37843666.00000028,18920853.99999995,18922812.00000021,5266088.000000012,2633265.999999998,2632822.00000001,32577577.999999855,16287587.999999976,16289990.000000037,49.8201380108401,28.671420899362076,26.06207441620155,9792.565653671834,5511.670454519126,5133.606738114827,2020.5,1187.0,1269.625,8487.43105130164,4905.004918610801,4530.009766050942,365
AUH,168491.99999999988,84278.99999999959,84212.99999999984,37570609.00000005,18789407.000000015,18781202.000000015,0.0,0.0,0.0,37570609.00000005,18789407.000000015,18781202.000000015,48.41771339830221,40.41849634345097,44.907877298289876,12473.358547286702,10488.201785763256,11784.913114862713,0.0,0.0,0.0,12473.358547286702,10488.201785763256,11784.913114862713,365
BER,174624.00000000081,87466.00000000009,87158.00000000063,31052275.0,15553425.999999985,15498849.00000003,4325257.000000045,2182004.000000008,2143252.99999999,26727018.000000127,13371422.000000054,13355596.000000015,44.28027857763152,26.893034926196165,27.776946093122557,8094.169642857143,4895.24050582202,4924.516352928117,1803.393765711413,980.880031080031,1062.7805429864254,6900.261133921951,4425.4278074866315,4322.407273119038,365
BWI,201765.99999999968,100886.00000000016,100879.99999999962,32999873.000000075,16500491.000000084,16499382.000000047,31111220.000000052,15554477.999999996,15556742.000000024,1888652.9999999856,946012.9999999987,942639.9999999979,55.29841274397211,32.17278125469302,37.28480566022848,9213.789251828162,5338.867228849582,6121.101064948123,8482.554016375781,5021.605296306971,5877.946329749431,1204.6215655312426,1007.9041912336031,1064.8064516129039,365
IAD,257202.00000000035,128431.0000000007,128770.99999999914,34640425.99999995,17249552.0000001,17390873.999999914,21315236.00000006,10656134.000000104,10659101.999999998,13325189.999999883,6593418.0000000615,6731772.000000018,99.52136934960463,72.90709138965101,93.01184839670135,13355.794540779463,8456.23710394181,12392.40937317584,8436.174764581821,6743.128825945297,7776.742979146062,5734.192939739998,5192.357286504345,4805.340454643394,365
SLC,245633.0,122827.00000000079,122806.00000000096,33244573.999999773,16622785.999999948,16621788.000000056,31587851.999999713,15794699.999999968,15793152.000000048,1656721.9999999981,828086.000000002,828636.0000000056,66.37202036443067,47.00424306086071,55.13968253968254,8876.458498227474,5758.3138876415305,7363.965573607702,8551.564730512364,5520.649084299017,7012.7255246861505,891.3196581196585,828.795607986784,743.0000000000005,365
FUK,189981.0000000001,95041.00000000013,94940.00000000109,34355356.000000104,17223053.99999996,17132302.00000009,23784083.99999996,11938675.000000024,11845409.000000099,10571272.000000011,5284379.000000005,5286893.000000001,42.0220917970918,21.49775224775225,23.357012432012432,8264.263164613165,4330.044405594405,4430.000999000999,5925.652472527472,3688.0285714285715,3462.2753690753693,3209.2607226107216,1813.2,2074.068181818182,365
URC,190640.00000000026,95336.99999999956,95302.99999999981,34365344.00000003,17158323.999999955,17207019.99999997,32952217.000000093,16449272.999999937,16502943.99999997,1413126.9999999993,709050.9999999993,704075.9999999993,38.16712176712177,28.78723221223221,30.093062493062487,7957.69252969253,5516.060742035743,5917.60586080586,7893.326995226995,5516.060742035743,5677.45700965701,834.4999999999991,785.6666666666667,747.9238095238102,365
ARN,183380.0000000008,91686.00000000032,91693.99999999967,29619000.000000034,14809752.999999987,14809246.999999905,5807821.000000004,2902945.0000000047,2904876.0000000116,23811179.000000063,11906808.000000022,11904370.999999858,54.35900700606582,25.874560909593086,32.72365020600315,7901.460193564606,4067.16759580289,4577.666797761174,3225.303417171064,1812.04529588059,2229.6414215686273,6317.995979359736,3664.5484913779037,3849.2743288142733,365
STN,177633.0000000003,88807.99999999937,88824.99999999955,34155708.99999996,17076201.000000015,17079508.00000007,1809960.0000000063,904979.9999999985,904980.0000000003,32345748.999999862,16171220.999999946,16174527.99999999,41.03874996692334,23.125,28.91111111111111,7853.376068376068,4481.875,5495.488888888889,1494.5641025641025,735.0,906.0,7426.185520361991,4383.75,5495.488888888889,365
SHE,161855.99999999997,80927.99999999987,80928.00000000023,28324257.00000003,14167868.000000006,14156388.999999985,26908328.999999948,13458055.999999965,13450272.999999966,1415927.9999999856,709812.0000000034,706116.0000000008,33.88977411477411,20.767071817071816,22.4240231990232,6020.024582362083,3682.3381285381283,3964.775198412698,5798.149582362083,3576.8135836385836,3659.3379065379067,962.9191697191695,632.0777972027977,840.3909090909087,365
TAO,188334.99999999936,94167.00000000012,94168.00000000023,32585715.000000034,16305113.999999976,16280600.999999957,28288500.999999996,14144141.00000001,14144359.999999983,4297214.000000014,2160973.0000000023,2136241.0000000116,39.03902486402487,23.56878676878677,27.309243534243535,6865.468001443001,4111.822571872572,4702.716895604395,6110.297094572095,3637.4855866355865,4674.591921966921,1853.3333333333335,856.7222222222222,1264.1403263403265,365
CGH,188590.00000000026,94299.99999999983,94289.9999999999,30781133.999999862,15389118.000000006,15392016.00000002,30781133.999999862,15389118.000000006,15392016.00000002,0.0,0.0,0.0,39.66617434852729,21.979166666666664,23.04704300699724,6554.1453803059685,3682.889334195217,3966.720520923267,6554.1453803059685,3682.889334195217,3966.720520923267,0.0,0.0,0.0,365
DCA,302515.9999999986,151260.9999999995,151255.00000000247,32758293.000000164,16379433.000000011,16378860.000000022,31990943.000000264,15995834.000000082,15995109.000000006,767350.0000000049,383599.00000000524,383751.00000000675,64.25297619047619,40.27970917970918,46.1019840743717,7369.0823977329865,4661.642130433751,5122.543142883816,7254.569709897945,4637.603607699491,5072.202976190477,455.30476978218917,310.52380952380963,379.1999999999998,365
HRB,161539.0,80757.0000000002,80782.00000000016,28042966.0,14022636.000000056,14020330.000000067,27282461.999999963,13643130.000000056,13639332.000000067,760504.0000000003,379506.000000001,380997.99999999924,34.9281635031635,22.73550893550894,24.5725690975691,6497.023647186148,4066.6916999667005,4308.859534909535,6442.858569208569,3961.9738095238095,4209.794413919414,675.0000000000003,345.84102564102614,486.00000000000045,365
AYT,170665.00000000035,85175.00000000048,85490.00000000151,33603884.999999836,16769683.999999987,16834200.99999987,7746272.000000001,3871700.99999998,3874570.999999982,25857613.000000246,12897982.999999968,12959630.000000035,51.38653013653013,26.480875066657568,28.15094252153075,11243.555803673451,5556.479270787651,6045.395366966999,2308.0720042702396,1265.58388567473,1450.6575757575758,9003.47100089453,4838.224725274726,4916.706116977348,365
BNA,224736.99999999738,112367.00000000015,112369.99999999991,33238002.00000006,16618769.000000058,16619233.000000082,32412388.00000005,16205602.999999996,16206785.00000004,825613.9999999978,413165.9999999991,412448.0000000037,59.221028497646145,32.623887909476146,33.84245716120528,8833.798072776895,4762.4295874713525,5126.717729456793,8643.679134460312,4696.145355167709,5126.717729456793,720.1249999999995,683.931235431236,519.9876923076918,365
BRU,165835.000000001,83036.99999999968,82797.99999999983,29890330.00000004,14965663.999999873,14924665.999999946,0.0,0.0,0.0,29890330.00000004,14965663.999999873,14924665.999999946,50.695631399997026,32.295709261390286,31.416825215686693,8627.060806300487,5628.579589151726,5586.66664823266,0.0,0.0,0.0,8627.060806300487,5628.579589151726,5586.66664823266,365
AGP,167627.00000000096,83766.99999999994,83860.00000000038,29951890.999999877,14970478.000000086,14981413.000000043,5303581.999999964,2651384.999999997,2652197.0000000075,24648309.00000009,12319093.00000005,12329216.000000073,45.33752001902482,24.364476046828987,24.291153727227048,8400.896923711862,4510.036048461434,4461.782805429865,1873.4699300699301,1162.1894736842105,1234.1142857142859,7610.812476133015,4182.357698673875,4134.071570229923,365
CGO,200694.00000000096,100329.00000000007,100364.99999999991,34549669.99999982,17275511.000000063,17274159.000000138,33384115.999999996,16694481.00000005,16689635.000000112,1165554.000000004,581030.0000000009,584524.0000000015,46.527367077367074,25.9041514041514,26.926190476190474,7985.961260961261,4412.305816405816,4496.50820984571,7828.464285714285,4331.076731601732,4462.812842712842,806.0,594.8173076923081,444.64285714285734,365
SCL,152640.00000000134,76292.9999999998,76346.99999999981,31530753.000000007,15751781.999999957,15778971.00000008,16331315.999999935,8162833.999999942,8168481.999999959,15199436.999999866,7588947.999999986,7610489.000000035,32.463038384765134,23.78277670042376,21.775857361306276,6626.923255902858,4654.849331064887,4334.136593781175,4342.16923076923,2887.0676434676434,2621.25,4154.281956662022,2355.1000000000004,2591.1583171558395,365
XMN,193622.99999999822,96812.0000000001,96811.00000000033,34451700.00000005,17226188.000000075,17225512.00000003,29302522.99999993,14651233.00000004,14651290.000000013,5149177.000000016,2574954.999999976,2574221.9999999893,39.99209956709956,25.719119769119768,26.857620157620158,7135.4435314685325,4498.3381784881785,4782.071581196582,6174.241507104007,4133.4006784881785,4456.456601731602,1783.7353535353532,1501.125,1388.4636141636147,365
CUN,177525.999999999,88458.00000000063,89067.99999999897,33726047.999999605,16773823.000000052,16952224.9999999,11288542.999999905,5643937.999999966,5644604.999999997,22437505.00000021,11129885.000000177,11307619.999999786,62.48329913400886,32.88008604069985,33.337500000000006,11862.207403122069,6217.992805038602,6389.265922836648,3664.9511325276026,2173.928586968587,2114.244189144189,9389.988960186842,4868.983580185198,5252.111703328113,365
LIM,183089.99999999919,91551.99999999937,91538.00000000051,32288921.999999955,16146191.99999992,16142730.0,18167071.99999996,9084096.999999983,9082974.999999981,14121850.000000061,7062094.999999953,7059754.999999941,37.044139161492105,21.382590042813057,18.874445546234178,6573.44654261532,3798.8450452351785,3424.40831423799,4832.754995788739,2676.07380952381,2487.5094874841816,4086.3058231174728,2554.739036526321,3336.050341091206,365
YVR,234592.0000000012,117374.99999999946,117216.99999999916,32646384.999999646,16344985.000000011,16301400.000000065,16734985.99999996,8367948.000000074,8367038.000000061,15911398.999999963,7977037.000000033,7934361.999999983,60.1802250108737,35.74715885421767,42.729370328388555,8636.298258248367,5158.575418149987,5897.931113167879,4385.610341423283,2450.019090102392,2938.0918190694965,5041.535242637665,3118.5455208927697,3428.476355148119,365
OSL,204792.99999999895,102382.9999999997,102409.99999999993,33897732.99999987,16945263.99999999,16952468.99999991,14442515.000000045,7218593.999999978,7223920.999999951,19455217.99999993,9726669.999999994,9728547.999999957,68.59642857142858,31.794293614881852,37.86026753865629,11316.844047619048,5338.269262192056,6005.781360469596,7367.0869727272475,3404.471153846154,4210.405619217383,5694.211244311244,4095.170376832428,3587.8543779690135,365
AKL,141501.0000000031,70792.99999999929,70707.99999999939,22650865.00000015,11328866.99999995,11321998.000000084,10247209.999999935,5124924.999999985,5122285.000000004,12403655.000000045,6203941.999999957,6199713.000000055,33.56173631483381,19.552738542566548,21.076669017257252,5482.757142857143,3147.943764930722,3148.759355337712,2621.282142857143,1569.23489010989,1566.1375,3354.6221816104007,2236.957416326214,2101.2550505050503,365
GDL,118457.00000000045,59248.99999999946,59207.99999999977,22750320.00000014,11379095.000000026,11371225.000000052,15425747.99999997,7716910.999999986,7708837.0000000065,7324572.000000076,3662183.9999999683,3662387.999999978,30.6703973036545,16.826072097836803,26.391968325791858,5967.779035572271,3272.13958143164,4894.228065072182,4687.93425267543,2585.6260368707935,3807.2263580790927,2237.5589071691534,1873.0977120918299,1600.6674929610413,365
HKT,101143.99999999965,50495.9999999999,50648.00000000047,19924360.000000194,9954177.000000013,9970182.999999905,7989653.999999974,3978938.0000000075,4010716.000000028,11934705.999999885,5975239.000000014,5959467.00000001,24.176023976023977,12.612587412587413,13.34498556998557,5009.071095571096,2769.5,2846.75,2173.65,1331.2954545454545,1162.0,3676.3622044622048,2159.067307692308,2184.746153846154,365
KWE,160068.9999999994,80035.00000000013,80033.9999999999,26649886.000000045,13331509.99999998,13318375.99999997,26243844.000000067,13126988.999999965,13116854.999999985,406041.99999999965,204521.0,201520.99999999983,37.27758907758907,21.502182539682536,22.540972915972915,6440.349494949494,3682.662623487623,3850.9440143190145,6401.802256077257,3620.7433677433673,3824.4222721722717,539.0,404.53571428571445,353.0,365
DLC,142228.99999999913,71105.00000000017,71123.99999999987,23941963.99999996,11974862.00000005,11967101.999999978,22174023.999999933,11086473.000000108,11087550.999999937,1767939.9999999928,888389.0000000027,879551.0000000023,32.8738788988789,20.829131979131983,24.01818598068598,5575.291397491397,3689.4327741702737,4031.0078421578423,5189.167543567543,3395.4198593073597,3711.8051837051835,896.6915084915079,526.1999999999998,579.9230769230767,365
RDU,142032.99999999878,71013.99999999967,71018.99999999937,20174291.00000002,10086669.99999995,10087621.000000007,19010427.000000022,9504497.99999996,9505928.999999953,1163864.0000000035,582172.0000000054,581692.000000007,38.97730504789328,21.256385542562015,24.41793723079312,5827.987708239472,3255.7648716102226,3571.5511755935354,5457.990314815904,3178.1259726221488,3468.7096776242615,859.2968087152151,546.1999999999999,748.8108504398829,365
YUL,174943.99999999933,87478.00000000012,87466.00000000013,27482963.00000006,13745960.999999981,13737002.000000034,8955410.000000004,4479216.000000002,4476193.999999994,18527553.00000001,9266745.000000011,9260808.000000034,52.789250063661825,29.86607142857143,33.152129053766046,8464.64542221064,5777.065894588491,5886.712090209476,3272.9752165397326,1945.1233380018675,2325.7707908789503,5924.39771301767,5228.56763178069,4044.0836490838697,365
TNA,143755.00000000017,71882.00000000013,71873.00000000052,24930971.000000127,12467318.999999989,12463652.000000047,23914931.0000001,11957553.000000019,11957378.000000034,1016040.0000000062,509765.99999999895,506273.9999999998,32.668131868131866,19.77756132756133,20.217766955266956,5652.628521478522,3462.4425629925627,3506.064989177489,5535.365481740482,3462.4425629925627,3438.142199467199,658.6666666666664,345.0,423.0666666666664,365
GIG,111366.00000000004,55695.000000000204,55670.99999999979,21045214.99999999,10525425.000000104,10519789.999999946,13954479.999999927,6979121.00000005,6975358.999999981,7090735.000000007,3546304.0000000093,3544431.000000079,30.86571713341369,19.24986480839422,18.829874537227475,5858.130173551938,3945.16856751092,3473.193082238524,4368.525025562672,2473.4363430686963,2737.2589074008424,2271.1125,1879.3723776223783,1640.8957219251338,365
HEL,147929.99999999866,73966.00000000063,73963.99999999983,22742456.99999998,11370428.000000082,11372029.000000022,2939751.0000000144,1469880.9999999872,1469870.0000000028,19802705.999999907,9900547.000000058,9902159.000000034,50.08508942605487,35.47532569201877,38.020833333333336,8105.24322948965,5767.821272542566,5963.428260075443,1359.825,986.7955216826185,983.6084360462878,7467.229598816217,5316.907047578537,5612.830562030081,365
OKA,134236.99999999983,66934.00000000023,67303.00000000013,27864699.999999814,13923202.999999959,13941497.000000006,23146361.999999993,11565474.0,11580887.999999993,4718337.999999983,2357728.9999999925,2360609.0000000065,41.91666666666667,24.647435897435898,22.129886779886778,9458.061904761904,5731.15357975358,5126.4561827061825,7994.1,4628.777389277389,4106.378904428904,1982.7967782217784,1407.2109890109887,1582.0,365
TSN,141993.99999999965,70990.00000000001,71004.00000000009,23327255.999999955,11659551.000000041,11667705.000000058,22168403.99999998,11080222.00000004,11088182.000000065,1158852.0000000065,579328.999999997,579523.0000000006,32.03152958152958,19.394627594627597,25.500011100011097,5200.849766899766,3128.4217310467307,4201.460647685648,5072.812881562882,3061.4257936507934,4132.728286990787,797.8333333333333,460.0787878787878,613.9999999999999,365
OTP,113265.99999999994,56630.99999999978,56635.00000000028,19814241.999999877,9906884.999999993,9907356.999999985,1682559.0000000044,841222.9999999953,841336.0000000012,18131682.99999987,9065661.999999965,9066020.999999993,27.04207909737321,15.818609551857634,20.099974653249962,4962.523334965687,3044.0701949031363,4130.987546946296,1206.461605061605,631.2352941176471,901.9109197695452,4795.922619047618,2958.545923557783,3970.121919947243,365
SYX,139272.99999999988,69646.99999999987,69626.00000000016,26566116.000000052,13283886.000000041,13282229.99999999,25548740.000000034,12774672.000000056,12774067.999999987,1017376.0000000012,509213.9999999983,508162.0000000003,28.504007104007105,17.024281274281275,18.31954850704851,6136.993204018205,3656.7421467421464,3795.117463092463,6133.847619047619,3579.4095238095238,3776.3847929847925,918.1428571428571,721.25,612.0,365
ADD,143748.99999999916,72489.0000000002,71259.9999999996,26045720.00000002,13229628.000000043,12816091.999999847,4530528.999999995,2265055.9999999814,2265473.0000000075,21515191.00000017,10964572.000000086,10550619.00000004,39.99068191612309,26.44982285688168,27.392525905467078,7155.284640424203,6425.264396366241,5384.076226986516,2632.837821992471,1474.2641662399728,1304.419647019647,6513.56439425457,6313.492709666757,5234.890801388155,365
HNL,156375.99999999913,78187.00000000054,78188.99999999975,26312837.999999944,13155713.000000034,13157124.999999987,21446589.999999948,10722164.000000017,10724425.999999972,4866247.99999995,2433548.999999976,2432698.9999999795,44.81172189938489,24.379912386790945,24.97707257651895,8915.629697361463,4830.099766899766,5089.420128890717,7349.5888837029,4232.700124320124,3698.8873570873575,3161.776226909291,3055.2331005911656,2018.1706185981254,365
PTY,148710.99999999884,74163.99999999997,74546.99999999983,24591712.99999972,12235922.999999998,12355789.999999944,278404.0000000016,139201.99999999997,139201.99999999983,24313308.999999702,12096720.99999999,12216588.000000017,38.46237188149571,29.968182004974175,33.78228646621648,6359.707357217945,4900.533368592482,5587.229869749216,238.69786096256684,238.69786096256684,189.84004884004884,6269.859854482452,4881.44786024839,5587.229869749216,365
ALC,119869.00000000044,59979.00000000005,59890.000000000335,22200935.99999995,11108356.000000028,11092579.999999924,2923713.999999993,1461753.0000000033,1461961.0000000026,19277221.999999773,9646603.000000065,9630618.99999996,35.003836260358,18.975393028024605,18.619134520450313,6672.571862276211,3525.718822152479,3482.0,1264.9723955852987,746.8181818181818,941.0,6266.7718622762095,3315.1504273504274,3469.2958414134887,365
CCU,139284.00000000044,69586.00000000019,69697.99999999943,25096051.99999993,12539496.000000015,12556555.999999942,22134706.99999996,11047211.000000006,11087495.999999922,2961344.999999993,1492284.999999992,1469060.0000000002,30.631501831501833,17.57972582972583,17.27179487179487,5274.6190268065275,3102.10347985348,2942.410714285714,4971.351388888889,2954.6665112665114,2687.016046453546,1157.885714285714,859.9384615384615,710.5954045954046,365
STL,145361.99999999983,72678.99999999936,72683.0000000002,20466013.9999999,10232708.000000058,10233305.999999976,19834391.999999937,9917231.999999952,9917160.000000006,631622.000000003,315475.99999999936,316146.00000000023,42.251242058595004,23.9055577566014,23.1500872656755,6121.720320936507,3530.7513060546016,3406.6846314148106,5881.861897997439,3468.4491315136474,3401.1892852245787,510.00476190476184,439.7560439560441,356.3333333333335,365
UPG,125589.0000000002,62785.00000000018,62804.0000000003,22398246.999999806,11203800.999999955,11194446.000000015,22075874.999999806,11041960.99999997,11033914.000000034,322372.0000000001,161840.00000000044,160532.0000000005,37.233333333333334,25.08888888888889,17.866666666666667,6814.7724358974365,4688.386421911422,3190.1897435897436,6814.7724358974365,4688.386421911422,3161.2,547.9999999999998,436.0,436.0,365
PRG,110447.00000000023,55214.00000000003,55233.00000000006,19669148.99999999,9833965.999999966,9835182.99999995,0.0,0.0,0.0,19669148.99999999,9833965.999999966,9835182.99999995,32.5055065714871,17.716391135745972,18.701192271780503,5685.533781147931,3059.1266356192828,3273.572796677635,0.0,0.0,0.0,5685.533781147931,3059.1266356192828,3273.572796677635,365
TLV,120764.00000000114,60398.99999999969,60364.99999999991,23387463.999999862,11698919.999999981,11688544.000000061,342026.0000000021,171222.99999999988,170802.99999999983,23045437.99999981,11527696.999999937,11517741.000000067,33.210539592180965,17.919207426560366,20.191838880074176,6602.125980718628,3424.5162991920583,3683.71156874547,360.0,204.4,210.5,6602.125980718628,3417.852747252747,3656.1881180584123,365
WAW,169962.00000000012,84976.99999999994,84984.99999999983,25538889.999999963,12769401.999999981,12769487.999999983,2343095.99999999,1171562.0000000033,1171534.000000006,23195794.000000037,11597840.000000015,11597954.000000026,40.235335905924146,27.728169229948218,26.83481867140501,6109.554110531617,3819.7934191222075,3639.3460556847576,1133.2051282051282,764.1982905982907,884.8241758241758,5913.200514305956,3613.3095767080586,3339.4123739006095,365
GMP,108627.99999999985,54281.99999999999,54346.00000000033,22054036.999999996,11024182.000000076,11029855.0,17075434.999999955,8534913.000000061,8540522.000000061,4978602.000000017,2489269.0000000075,2489332.999999984,26.00553751803752,18.554653679653683,15.107142857142858,5481.601569264069,3935.738927738928,3008.045299145299,4385.615384615385,2887.9560439560437,2904.3630952380954,1510.9999999999998,1351.9025641025644,1293.8773892773888,365
DAL,148073.99999999974,74071.99999999996,74002.00000000006,22986610.0,11494080.99999998,11492528.999999968,22980850.000000004,11490570.999999978,11490278.999999968,5759.999999999998,3510.0000000000023,2250.0,43.684200603318246,22.38235294117647,23.191666666666666,6843.567684766214,3499.79883107089,3723.5416666666665,6843.567684766214,3499.79883107089,3723.5416666666665,30.0,30.0,30.0,365
DUS,146138.99999999983,73114.99999999999,73024.00000000025,25651516.999999955,12834048.00000005,12817469.000000158,2601264.0000000033,1299277.9999999965,1301985.9999999946,23050252.99999976,11534769.999999957,11515483.000000032,39.39963280973718,32.56129184824837,31.348947621006445,6965.801478932258,6085.302287581699,5576.711489227619,1384.7555555555557,969.482905982906,848.8571428571429,6414.019009748421,5745.449346405228,4932.497616449516,365
JNB,189761.999999999,94806.99999999999,94955.00000000047,25791614.99999992,12894169.000000004,12897445.99999998,13290219.999999939,6635562.999999995,6654657.000000008,12501395.000000102,6258606.000000004,6242789.000000036,54.16004744010467,36.91525699790405,32.83879519173637,7007.733597921688,4301.198359673437,3616.935246452893,3370.8423389751874,2149.3641314241313,2238.677031661149,4125.232499370174,2274.0571359731703,2338.2512213276923,365
BSB,112987.99999999854,56424.99999999981,56562.99999999994,19817424.00000015,9900651.000000017,9916772.999999998,18788452.00000004,9386957.000000032,9401495.00000006,1028972.0,513693.9999999998,515278.00000000023,43.84395766638981,39.32940129775684,30.017927350427353,7893.068157164763,7237.707881345113,5533.983754578755,7606.098112783623,6740.541652204035,5241.5541123520015,841.0096570096575,810.4763197586726,764.9515923292392,365
CJU,143000.99999999997,71530.00000000041,71470.99999999996,27618447.999999877,13811761.000000067,13806686.999999946,24297480.999999937,12151437.000000026,12146044.000000006,3320967.00000002,1660323.9999999898,1660642.99999999,32.969108669108664,18.035131535131537,18.09985014985015,6692.865778665779,3683.7921522921524,3748.5319347319346,6438.136463536464,3550.215229215229,3659.6720238095236,2258.633333333333,942.0000000000001,1704.379365079365,365
LTN,102045.99999999903,51020.99999999986,51025.00000000036,20260467.000000045,10129892.999999978,10130573.999999937,1556237.9999999953,777894.0000000005,778344.0000000002,18704229.00000005,9351999.000000069,9352229.999999987,28.48458684101533,17.19642857142857,21.89593313114648,5801.696107058247,3228.8214285714284,4263.327880012146,1084.923076923077,568.2638224520578,562.625,5459.977662533544,2879.529761904762,4263.327880012146,365
PDX,162566.99999999927,81280.99999999962,81285.99999999952,22126471.000000093,11063252.999999935,11063217.999999989,21172977.000000093,10586278.000000002,10586698.999999989,953494.0000000019,476975.00000000023,476519.0000000038,47.52199091667945,39.502598169804045,37.912075073276384,6971.649412476934,5483.678192820252,5560.9812099083365,6529.709309173723,5211.73973128179,5413.896944351897,589.0833333333333,460.9349816849815,427.0114285714287,365
BUD,113827.00000000017,56921.00000000018,56906.00000000011,22113161.000000127,11057190.999999937,11055970.000000024,0.0,0.0,0.0,22113161.000000127,11057190.999999937,11055970.000000024,30.5343033763622,19.92989441930618,23.09927757603279,6226.075152291584,4080.296695461401,4813.357415934266,0.0,0.0,0.0,6226.075152291584,4080.296695461401,4813.357415934266,365
LHW,126181.99999999987,63097.00000000005,63085.0000000002,21345061.99999998,10680884.999999953,10664177.00000003,21265614.999999974,10640993.999999953,10624621.000000034,79447.00000000003,39891.000000000044,39556.000000000015,32.06831779331779,18.356776556776556,19.23135753135753,5716.561216561217,3260.899422799423,3338.060805860806,5716.561216561217,3260.899422799423,3338.060805860806,259.66666666666663,183.0,183.0,365
MDW,154342.99999999854,77174.0000000008,77169.00000000003,24861441.00000026,12431077.99999996,12430362.999999957,23951304.000000253,11976593.999999972,11974709.99999998,910137.0000000007,454484.0,455652.9999999998,47.93209919635132,29.244444444444444,30.206675807852278,7629.792235934001,4893.777777777777,4872.104273504274,7443.688579458565,4753.777777777777,4712.782905982906,598.2,463.2027972027968,553.402426076339,365
YYC,154952.00000000023,77471.99999999964,77480.0,22724330.999999873,11361652.999999985,11362678.00000004,15480981.00000016,7740346.000000075,7740634.999999972,7243350.000000048,3621307.000000024,3622042.9999999604,40.752548236077644,21.99503124326654,27.032813152832123,5975.308451809628,3281.481649201526,3786.3840445686446,4524.793283953259,2626.5938387103092,2873.5539096453417,2609.698585205644,1704.787094099238,1715.0048598460362,365
GVA,134893.0000000005,67455.99999999975,67436.99999999991,23298567.999999873,11649228.000000052,11649339.999999981,874454.999999998,437604.0000000015,436850.999999999,22424112.999999937,11211623.999999974,11212488.999999998,35.69464285714285,20.821623802136095,19.649177166641966,6163.433333333333,3634.0934998212724,3320.1765741572995,648.8626506343898,290.0,447.0,5992.0874811463045,3630.250483046366,3169.14303670186,365
KWI,113249.99999999959,56614.99999999946,56635.000000000226,21755862.999999873,10875535.00000008,10880328.000000097,0.0,0.0,0.0,21755862.999999873,10875535.00000008,10880328.000000097,23.638731937996646,13.674287437681981,16.221870914944915,4561.3270864029855,2723.727739151114,3008.4581599446306,0.0,0.0,0.0,4561.3270864029855,2723.727739151114,3008.4581599446306,365
AEP,137497.00000000084,68593.99999999991,68902.99999999943,21770158.000000022,10858558.999999939,10911598.99999994,15181240.000000132,7561619.0000000065,7619620.999999991,6588917.99999994,3296939.999999976,3291978.000000016,29.46445803300642,17.361002791024195,15.873018084974605,4667.885247105835,2776.0472804972806,2527.8849926448806,3800.3960523136993,2187.893162393162,1975.619264344436,1460.5807591938433,856.7909200603317,848.9444444444441,365
CGQ,118098.00000000065,59054.00000000006,59043.99999999965,20521496.999999937,10262781.999999976,10258715.000000004,20143843.0,10073954.99999999,10069888.000000007,377654.000000001,188826.99999999962,188826.9999999995,31.54516317016317,18.59116439116439,18.419662282162278,5610.53499000999,3308.170202020202,3277.50545010545,5564.958383283384,3193.351404151404,3277.50545010545,382.3333333333335,299.5984015984018,266.29890109890084,365
LED,113087.99999999964,56589.99999999978,56497.99999999992,16684576.999999972,8350283.999999988,8334292.99999996,11770559.000000007,5893483.000000043,5877075.999999961,4914018.000000036,2456800.999999998,2457216.999999985,24.42515081013468,13.79675373645962,13.034188034188034,3706.764826960479,2150.7124882097714,1987.5447216670918,2934.14397323107,1594.1233349656877,1559.7942627265209,1410.7352121023227,1019.5999999999998,983.1829783120105,365
LPA,124442.9999999995,62182.00000000022,62260.99999999991,16499635.000000032,8243193.000000057,8256441.999999976,9093233.99999995,4543843.0,4549391.000000027,7406400.999999935,3699349.999999987,3707051.000000014,34.243181132592895,18.525,18.829384250584518,5359.857142857143,2837.558333333333,2810.2934869052515,2713.4879058196707,1514.6967796565323,1702.6659913984392,3932.9722222222217,2269.375,2220.7500000000005,365
SJU,125063.00000000041,62724.00000000002,62339.00000000026,16093268.000000034,8049484.000000041,8043784.000000067,100115.99999999952,49958.99999999986,50156.99999999981,15993152.000000056,7999525.000000038,7993627.000000039,40.58392857142857,22.51607142857143,24.562722432807405,4927.0567924445695,2704.5699044605076,2753.9444050573084,45.11538461538461,28.332068311195446,28.756098231719058,4897.8067924445695,2686.5699044605076,2752.0678922384805,365
MTY,116389.99999999988,57905.000000000015,58485.00000000052,19612165.999999914,9730742.99999995,9881423.000000032,16101221.00000008,8052741.000000036,8048479.999999996,3510945.000000005,1678002.00000001,1832942.999999985,26.039944124502945,15.380132581180783,22.902611011797866,4428.981235873551,2808.0125777997337,4128.23568537586,3954.243574725928,2623.5744825616384,3704.1340071884842,1422.756590468355,838.7593406593408,1061.8869903025502,365
PER,104518.9999999989,52285.00000000017,52234.000000000255,19180534.999999877,9596695.000000086,9583840.000000043,12275813.000000045,6141193.000000008,6134620.000000002,6904721.999999986,3455501.999999999,3449219.99999996,23.09221535308492,15.060057289615928,21.571166986608162,4264.863231406192,2681.7451297209363,4053.1958403030485,3391.4649321266966,2157.213109113109,3130.442016317016,1977.4735263825764,1169.0000000000005,1216.9285714285716,365
TYN,105370.0000000006,52688.99999999994,52680.99999999999,17689774.000000067,8845380.999999963,8844392.999999968,17621418.000000082,8811220.999999965,8810196.999999965,68356.0,34160.00000000002,34196.000000000015,25.566244866244865,15.497965922965921,14.895238095238096,4380.94332056832,2634.598107448108,2539.7726037851035,4380.94332056832,2634.598107448108,2539.7726037851035,201.0,180.0,196.0,365
MDE,99708.00000000087,49863.99999999986,49844.000000000466,17886886.000000127,8945016.000000019,8941870.00000005,12546182.999999994,6273722.000000063,6272460.99999999,5340703.000000012,2671294.0000000047,2669408.9999999553,24.738095238095237,14.840362136981314,14.106533793004377,4442.385689473925,2770.9574923489445,2535.321482439129,3598.109088255198,2300.2786238760623,1987.7800271257495,1658.322060734964,1081.354845154845,967.4716949716947,365
NNG,92558.00000000036,46276.999999999905,46280.99999999992,15763796.000000024,7881179.999999988,7882616.000000018,15023437.000000017,7510724.999999993,7512712.00000003,740359.0000000038,370454.9999999992,369904.0000000006,25.85157203907204,16.802109002109002,17.578843378843374,4394.86023976024,2851.2417818292815,2991.7872322122316,4255.201587301587,2851.2417818292815,2939.8309995559994,598.7500000000002,415.75912975912956,388.0,365
WNZ,90105.99999999968,45061.00000000013,45045.000000000015,15482427.999999946,7743106.999999991,7739320.999999985,14954692.999999963,7478383.999999994,7476308.999999979,527734.9999999991,264723.00000000023,263011.99999999994,24.085317460317462,14.106428293928294,14.167857142857144,4176.411657786657,2407.252380952381,2511.6015484515483,4020.7113095238096,2384.506349206349,2511.6015484515483,535.1666666666665,513.1428571428573,488.9999999999998,365
TIJ,77028.00000000023,38380.00000000013,38648.000000000065,15730218.000000017,7840204.999999949,7890013.000000062,15472505.000000045,7724132.999999974,7748372.00000007,257712.99999999756,116072.00000000009,141640.99999999854,19.636937728751523,13.107579564647875,13.09872883886579,4073.1457234921936,2630.861798770268,2663.4330848233367,3933.134669982488,2630.861798770268,2663.4330848233367,435.41935483870975,338.64377289377285,435.41935483870975,365
ESB,87981.00000000065,43978.99999999975,44002.00000000002,16327885.999999933,8162744.999999976,8165140.999999971,11960721.999999864,5979835.000000052,5980887.000000014,4367164.000000015,2182910.000000009,2184254.000000018,25.086904761904762,17.63416376907925,16.156091620797504,4680.654166666667,3290.116051921934,2992.179166666667,4180.609910308847,2674.9386601960136,2528.526185770751,2178.2032645827708,1913.763239318227,1456.4133415604,365
HOU,119423.9999999996,59708.999999999796,59714.99999999974,18531980.000000037,9265514.000000006,9266466.000000026,17441078.999999955,8721864.000000054,8719215.000000007,1090901.0,543649.9999999983,547250.9999999994,35.25847605377966,23.022222222222222,22.39133089133089,5524.158385093167,3776.0444444444443,3512.328449328449,5386.684955141477,3760.596153846154,3389.490708472166,842.3919413919413,668.0,811.0,365
BHX,83924.00000000035,41958.0,41965.99999999996,15023552.000000095,7510701.999999941,7512849.999999916,1525545.9999999942,762709.9999999952,762835.9999999965,13498006.000000058,6747991.999999965,6750013.999999923,24.26397659530012,13.513523858173205,16.042756287917577,4683.281595878782,2756.3573122671582,3093.016806722689,1157.0,600.6760461760462,646.0858585858587,4340.928205128205,2754.324229691877,2873.3830507519706,365
KRK,83130.00000000054,41568.00000000015,41561.999999999876,15042982.000000058,7522058.000000061,7520923.999999983,635028.0000000006,317542.0000000003,317486.0000000006,14407953.999999974,7204515.99999999,7203438.000000049,24.386533310393595,13.785738467793536,13.565136476426797,4489.036371471666,2624.463434604611,2570.3731208702748,426.5076923076923,313.0,293.5,4387.214149249443,2532.0896821921488,2525.763714063714,365
DMM,93297.99999999988,46499.00000000013,46798.99999999993,16922361.999999892,8418399.000000106,8503963.000000067,8135191.00000003,4065585.9999999874,4069605.000000008,8787171.000000002,4352812.999999978,4434357.999999987,20.555199887629037,12.293452380952381,11.697202355578208,3876.324185407677,2309.6775861344427,2316.7334332418277,1896.7172814113992,1095.4540423733972,1189.6,2340.016950988468,1538.299006759633,1565.2351328066502,365
SHJ,110397.00000000042,55264.00000000003,55133.00000000021,19685190.999999847,9854433.000000011,9830757.99999992,2212.0000000000005,2212.0000000000005,0.0,19682978.99999986,9852221.000000002,9830757.99999992,27.97233916410387,23.432778724543432,17.02857142857143,4999.389297043925,4202.863984136062,3046.0676109153337,35.67741935483871,35.67741935483871,0.0,4999.389297043925,4202.863984136062,3046.0676109153337,365
ZUH,92657.99999999962,46328.99999999991,46329.000000000415,15712615.999999993,7855986.00000003,7856630.000000023,15712615.999999993,7855986.00000003,7856630.000000023,0.0,0.0,0.0,22.004012654012655,12.977303252303253,13.415784215784216,3774.7554889554895,2226.09822954823,2309.5373931623935,3774.7554889554895,2226.09822954823,2309.5373931623935,0.0,0.0,0.0,365
BGY,97989.9999999997,49004.99999999999,48984.99999999999,18790402.00000023,9397822.9999999,9392578.999999925,3761708.000000005,1880111.0000000019,1881597.0000000012,15028694.000000022,7517711.999999953,7510982.000000023,27.94819994819995,14.603418803418805,14.014336917562723,5376.10303030303,2798.2,2775.6930069930067,1543.1652881169011,1142.0,970.5111111111111,4315.791804274157,2563.599130281483,2142.0,365
HFE,96665.00000000006,48331.00000000029,48334.000000000015,15442677.999999942,7720935.000000055,7721742.999999966,15061817.999999946,7530376.000000057,7531441.999999963,380859.9999999993,190558.9999999996,190300.99999999962,25.21537629037629,14.788095238095242,14.833333333333334,4148.269322344322,2410.120238095238,2381.981918081918,4104.167832167832,2410.120238095238,2381.981918081918,457.18888888888864,364.3222222222223,405.97222222222194,365
MCT,84775.00000000015,42396.00000000005,42378.99999999978,16229189.999999909,8119248.999999986,8109940.999999976,1234423.9999999823,615227.0000000045,619196.9999999991,14994765.999999933,7504021.999999952,7490744.000000005,19.729761904761904,12.57399966404174,15.179605656835259,3675.5400472576034,2419.3060877684406,2953.0314665726432,737.762703962704,514.7382352941177,561.2569366117752,3541.6535714285715,2239.8656368720885,2909.701370472243,365
VCP,109193.00000000012,54562.99999999973,54630.00000000016,15308468.000000058,7648214.999999967,7660252.999999955,14077565.000000037,7032883.999999999,7044680.999999973,1230902.9999999942,615331.0000000002,615572.0000000031,30.75578774167009,18.529000901059725,23.090252724673633,4206.940296909199,2734.4034317280953,3543.573410902822,3978.55986888928,2713.0673074530637,3543.573410902822,885.0392163392162,584.6311355311354,563.4457813428403,365
DAD,85895.00000000041,42948.999999999854,42946.00000000011,17285994.000000015,8644097.000000007,8641896.999999996,9869925.999999985,4935556.9999999935,4934369.0,7416067.999999989,3708539.9999999995,3707528.000000014,22.910106560106563,12.783849483849483,12.339285714285717,4800.807514707514,2658.0253746253743,2753.4326118326117,2950.1203574203573,1703.8596514596516,1593.604761904762,3156.9420995671,1638.0089910089912,1760.6153846153845,365
EDI,117141.99999999929,58578.99999999965,58563.00000000005,19951312.000000063,9977602.999999922,9973708.999999981,5848481.000000004,2924514.0000000005,2923967.000000009,14102831.00000026,7053088.999999996,7049742.000000028,31.88001838200666,17.42796811032105,24.33410388367694,5647.783888626476,3146.2053571428573,4344.943169575523,1946.3999999999999,1402.6,1213.5797473058342,4443.124075376447,2456.6,3337.8189862006793,365
HAM,108452.99999999935,54248.00000000006,54204.99999999953,18330638.000000153,9165801.999999935,9164836.000000048,4228544.000000009,2114651.9999999874,2113892.0000000014,14102093.999999851,7051150.000000025,7050944.000000041,29.175736681619032,24.00062990932686,20.963370637603372,5179.885619609149,3955.9113722878433,3512.260865670278,1513.396252706063,900.0012210012209,998.0162456163786,4797.813585285313,3396.9179081513053,2910.019249690502,365
AMD,94732.99999999983,47371.00000000008,47362.000000000124,16562952.000000091,8281222.000000034,8281729.9999999795,13619391.999999981,6812283.00000004,6807109.0000000335,2943559.999999998,1468938.999999998,1474621.000000005,20.41934731934732,12.933372183372184,12.174358974358976,3612.893981018981,2300.3472527472527,2043.1238095238093,3127.75,2114.702564102564,1775.3313492063492,1324.0545454545452,815.2,774.2424242424242,365
NGB,108359.99999999964,54184.00000000004,54176.0000000001,18656525.999999963,9327049.000000007,9329477.000000006,17289239.999999918,8642936.000000022,8646303.999999983,1367286.0,684112.9999999993,683173.0000000021,25.904761904761905,14.888275613275614,16.09700854700855,4529.35187035187,2581.306351981352,2797.7081196581194,4114.540936840936,2361.0214285714287,2768.1868131868123,873.048951048951,641.0000000000005,552.7523809523811,365
TFS,76452.99999999952,38248.00000000002,38205.00000000018,14041975.000000026,7025218.999999985,7016755.999999944,1328949.0000000065,664549.0000000024,664399.9999999951,12713025.999999989,6360669.999999944,6352355.999999952,27.81758731464614,15.6,14.81978021978022,5292.285714285714,2935.5625,2736.1333333333337,742.7096774193549,475.96666666666664,452.7741935483871,5091.414529914529,2833.4461538461537,2620.8,365
SMF,122825.9999999999,61413.999999999956,61412.0,17870355.999999996,8935503.000000022,8934852.999999978,17218941.000000004,8609267.000000026,8609673.999999993,651414.9999999997,326235.99999999977,325179.0000000007,31.8527616174675,20.988140944023293,20.27663382369265,4569.97765130151,3330.1677435309784,2793.570439125695,4542.458142511084,3045.47656706039,2793.570439125695,683.4902438063726,434.15550041356505,471.6960784313725,365
NAP,82684.99999999994,41358.00000000009,41326.99999999991,15025215.0,7515484.999999972,7509730.000000009,3982497.0000000047,1991176.9999999981,1991320.0000000005,11042718.000000004,5524307.9999999935,5518410.000000009,24.905772005772,20.628062115018633,14.312542457542458,4574.349937159615,3793.6078240599977,2583.748740546183,1766.6753246753246,1403.3463125110184,1034.107226107226,3941.5754635588605,2781.7353114206053,2217.0424037457287,365
HET,110621.00000000001,55310.00000000039,55311.000000000284,15783311.000000019,7889661.000000005,7893649.999999996,15684639.000000024,7840290.0,7844348.999999995,98671.99999999996,49371.0,49300.99999999995,27.75744255744256,17.376010101010102,17.964285714285715,4401.90864968365,2595.2393398268396,2506.339880952381,4401.90864968365,2595.2393398268396,2506.339880952381,190.66666666666652,176.0,176.0,365
OPO,104207.99999999929,52117.999999999745,52089.999999999665,18858821.00000006,9431911.999999993,9426908.99999998,2538513.0000000023,1271233.9999999993,1267279.0000000007,16320307.999999847,8160678.000000011,8159630.000000066,24.888029160382104,14.871415770609318,20.03172573262706,4588.934325371985,2797.1535547785543,3725.4762156197166,1116.0,643.8909090909091,730.0,3998.8290598290596,2489.630769230769,3389.3601670263656,365
ITM,136506.00000000006,68250.00000000012,68256.00000000051,19247779.000000104,9623709.999999981,9624068.999999914,19247779.000000104,9623709.999999981,9624068.999999914,0.0,0.0,0.0,38.367599067599066,21.887179487179488,27.21964285714286,5981.830898268398,3572.8221153846152,3438.3349206349203,5981.830898268398,3572.8221153846152,3438.3349206349203,0.0,0.0,0.0,365
MSY,107702.00000000003,53848.99999999995,53853.000000000044,17160843.99999993,8580037.999999955,8580806.000000043,16770977.999999963,8385312.999999991,8385665.0000000475,389866.0000000008,194724.9999999999,195141.0000000014,34.3327380952381,18.04464285714286,17.4125,5383.920833333334,2899.9071134747605,2863.9851190476193,5383.920833333334,2774.9940476190477,2816.1557193133663,338.49462365591444,275.33520074696526,338.4946236559142,365
FOC,110966.99999999953,55458.00000000013,55508.99999999985,19346330.999999978,9665989.000000015,9680341.99999998,17316932.99999998,8658929.000000022,8658003.999999966,2029397.999999993,1007060.0000000014,1022338.000000002,25.933150183150182,17.53937728937729,19.99642857142857,4488.201159951161,3097.801465201465,3509.2666666666664,4211.98348040848,3095.5431984681986,3425.3031551781555,1002.9761904761905,848.4431318681318,851.6333333333336,365
CNF,111166.99999999967,55592.999999999876,55573.99999999996,15489569.999999925,7746650.000000055,7742919.999999966,14851252.999999892,7427994.00000006,7423258.999999971,638317.0000000028,318655.9999999985,319660.9999999983,25.338074703074703,18.65384888116077,19.78065359477124,3616.227546962841,2648.0583333333334,2726.3714783635087,3495.4994483947426,2566.8638510445912,2726.3714783635087,519.0,377.0,467.2435897435896,365
DAC,97487.00000000029,48671.00000000007,48816.00000000044,15663380.999999886,7801520.99999996,7861860.000000007,4124280.000000037,2102993.0000000075,2021286.9999999932,11539101.00000002,5698527.999999978,5840572.99999999,22.588095238095235,12.445609945609945,12.934615384615386,3792.337086524586,2452.3445054945055,2108.4692307692308,1717.1802197802199,1131.6287878787878,972.0,3378.211477411477,2311.020337995338,1862.101282051282,365
DME,85267.99999999974,42593.00000000013,42674.99999999981,15364562.999999996,7670553.000000052,7694010.000000002,9080076.000000084,4538044.999999965,4542031.000000003,6284487.000000056,3132507.9999999884,3151979.000000006,21.706068453070714,12.230661179427782,14.492242708798686,4265.43331801138,2306.6340527446414,2931.359470019053,2433.2845682735633,1658.8514257546515,1603.983371009359,2376.9875,1143.6050890345712,1438.6133333333332,365
NCE,127219.99999999937,63614.000000000065,63605.999999999745,18681121.000000004,9341474.000000043,9339646.999999968,5395496.000000003,2697727.0000000126,2697768.9999999944,13285625.000000034,6643747.000000004,6641877.999999934,40.5900807947,22.050172550807375,21.0064241669101,6427.174663241113,3588.804761904762,3550.9314349376114,1954.5438917502483,1338.3834531855125,1206.959646627882,5377.432567590537,2906.830174656262,3134.114495331363,365
PUS,85068.99999999971,42533.0000000001,42536.000000000204,16269713.000000011,8134341.000000007,8135372.000000025,4038404.9999999977,2019372.0000000016,2019033.0000000028,12231307.999999985,6114968.999999989,6116339.000000017,24.058424908424904,22.191841491841494,14.808982683982684,4960.270085470085,4559.048992673993,2882.166666666667,1352.388888888889,877.7692307692307,1117.0,4562.068764568764,4559.048992673993,2558.409090909091,365
SUB,108188.00000000007,56233.999999999796,51954.00000000013,20158368.99999994,10432647.000000061,9725721.999999948,17559017.000000034,9113271.000000069,8445745.999999996,2599352.0000000065,1319376.000000003,1279975.9999999953,28.98430735930736,17.964102564102564,16.104022366522365,5390.909157509157,3408.189213564214,3080.5303030303025,4645.004202741702,2851.818181818182,2611.9175824175823,1303.4583333333333,877.8809523809523,873.8158508158508,365
MED,57312.00000000023,29146.000000000182,28166.00000000013,12176932.999999972,6245449.999999988,5931483.000000005,3712481.999999997,1833320.0000000047,1879161.9999999953,8464451.000000004,4412130.000000016,4052320.9999999763,14.237897249523439,7.684820025215826,7.937263390204566,2923.290805490942,1668.7869511274139,1701.185506074677,1183.1724626575196,747.8972347913523,865.0806135041429,2166.43682983683,1349.6918281381281,1323.3666833166833,365
MRS,84163.00000000045,42088.9999999998,42073.99999999963,13949056.999999998,6975949.999999977,6973107.000000024,3819713.0000000084,1909900.999999993,1909812.0000000151,10129343.999999952,5066048.999999988,5063295.000000023,24.916250416250413,14.0,15.351863857938026,4316.513408532758,2421.730769230769,2535.7074190515364,1519.6164529914531,1099.1666666666665,1077.7799863535156,3910.6440901314672,2126.972222222222,2060.2081807081804,365
LIN,93010.99999999875,46493.000000000175,46517.999999999854,14405803.0000001,7201196.000000048,7204607.000000018,6109884.999999966,3054602.000000024,3055283.000000026,8295917.999999987,4146593.9999999963,4149323.9999999967,21.71855438678968,14.792221972095746,14.158788515406162,3427.392214718611,2377.999067513443,2260.960629174747,2185.1988095238094,1387.666504042588,1405.9171854289502,2476.1434879134267,1755.4645598536981,1734.3031697404763,365
OAK,83448.00000000055,41715.99999999988,41732.00000000015,12415356.000000034,6207510.000000015,6207846.000000019,11274046.000000024,5636567.000000009,5637479.000000021,1141310.0000000012,570943.0000000022,570367.0000000071,28.15535714285714,17.351348937308927,14.534803101423014,4273.208449067273,2665.8265338141587,2265.5189393939395,3812.9510489510494,2399.8747474747474,2229.4738908993177,850.3942712266696,490.59795321637375,699.9960665074123,365
SAT,91256.00000000067,45629.00000000001,45626.99999999993,14156525.000000052,7078399.999999988,7078125.000000064,12912431.00000004,6456855.9999999525,6455575.000000057,1244093.9999999835,621543.9999999995,622549.9999999952,24.192261904761907,14.297846366157561,16.111721460559817,3842.273463138169,2241.6358008331536,2566.220337885217,3465.7922145730286,2168.895793875111,2566.220337885217,833.7097948084665,660.4583333333335,496.47912087912107,365
EZE,63491.99999999991,31639.00000000012,31853.00000000001,13714069.000000022,6835534.999999967,6878533.999999983,3627250.0000000647,1795889.9999999814,1831359.999999994,10086819.000000125,5039644.999999986,5047174.000000007,16.817857142857143,10.733266209142785,11.274114774114775,3846.803333912205,2145.206447963801,2362.709535750209,1255.0833333333335,1198.875,1203.225,2951.050389634261,1675.1798631476051,2362.709535750209,365
MCI,103554.99999999878,51780.000000000124,51774.9999999998,14807542.000000093,7404257.000000001,7403284.999999966,14648680.000000093,7325194.000000009,7323485.999999966,158861.9999999999,79063.00000000006,79798.9999999998,30.073422798558923,17.641599185128594,19.6611562472313,4255.167812971343,2556.237140176237,2678.9707856446194,4246.075777849602,2555.9503044218413,2678.9707856446194,346.9999999999998,318.7499999999999,242.60000000000002,365
CMN,84255.00000000061,42118.999999999854,42135.999999999774,14617138.999999871,7307069.000000033,7310069.999999938,1541333.0000000054,771565.0000000012,769767.9999999969,13075805.999999972,6535504.000000081,6540302.000000012,21.71925746790987,17.23227256403727,16.629282593581717,4092.807294933523,2859.624364654953,3128.1158711987823,837.4081213225261,452.44965034965037,607.1505376344087,3797.0665743380955,2789.624364654953,2862.321117444647,365
CMB,63765.0000000001,31917.99999999999,31847.00000000012,12554258.999999871,6273229.000000033,6281029.999999989,25263.999999999967,12912.000000000051,12352.000000000005,12528994.999999866,6260317.000000038,6268677.999999994,14.871520146520147,11.800000000000002,10.635379897879899,2944.921428571429,2347.7952380952383,2139.6346153846152,32.0,24.0,24.0,2944.921428571429,2341.096481296481,2139.6346153846152,365
RSW,82436.99999999983,41217.00000000003,41220.00000000004,14044866.000000011,7022049.000000013,7022816.999999999,13629256.000000034,6814374.00000001,6814881.999999991,415610.000000005,207675.00000000073,207935.00000000096,29.63445871368073,15.952432155657963,16.570942710715354,5028.44126571055,2651.167949251383,2840.5279761904767,4850.795596989186,2606.6485997873096,2651.690707497219,527.4137027846709,350.0237556561085,290.125,365
BAH,75963.99999999913,37928.99999999996,38035.000000000015,13342833.000000017,6662345.000000001,6680488.000000066,0.0,0.0,0.0,13342833.000000017,6662345.000000001,6680488.000000066,22.181709758827978,15.239333346392169,20.599164613308727,3772.2397307382075,2633.4610369695665,3528.1748578745733,0.0,0.0,0.0,3772.2397307382075,2633.4610369695665,3528.1748578745733,365
CPT,80835.99999999988,40432.0000000005,40403.99999999986,13180245.99999987,6589374.999999988,6590871.000000035,9404262.000000013,4700469.999999993,4703791.999999996,3775984.0000000433,1888904.9999999907,1887079.0000000042,25.470561899973667,15.026841262991331,14.87886184375748,4019.9346335291634,2318.150649350649,2176.611965811966,2625.103868503062,1608.1923076923076,1779.6666666666665,1614.0928571428574,1125.75,1319.0,365
CRL,66789.99999999987,33394.999999999935,33394.999999999876,12945562.000000056,6472760.000000007,6472802.000000001,0.0,0.0,0.0,12945562.000000056,6472760.000000007,6472802.000000001,20.0,16.0,11.0,3854.25,3078.4,2107.6050420168067,0.0,0.0,0.0,3854.25,3078.4,2107.6050420168067,365
BRS,68902.99999999977,34465.0000000001,34437.999999999956,12203973.999999909,6104157.000000034,6099816.999999957,1768696.0000000047,884378.0000000016,884318.000000003,10435277.999999933,5219779.000000008,5215498.999999963,21.98076923076923,13.472222222222221,17.246190476190474,3900.971153846154,2485.0,3257.1190476190477,884.0,697.5,751.5384615384615,3510.5,2382.125,3257.1190476190477,365
KHN,91312.00000000009,45654.99999999999,45657.0000000005,14239532.000000047,7119165.000000044,7120366.999999999,14129928.000000058,7066343.000000042,7063584.999999996,109604.00000000007,52821.999999999935,56781.99999999995,23.02883782883783,15.019047619047619,15.79062049062049,3644.747619047619,2425.7619047619046,2474.0299145299145,3620.5503302253305,2425.7619047619046,2474.0299145299145,180.0,175.0,179.9999999999999,365
BLQ,74221.00000000006,37114.00000000018,37106.9999999999,12982480.000000048,6491768.000000015,6490711.999999959,3098339.999999998,1549221.9999999963,1549118.000000001,9884139.999999993,4942546.0,4941593.999999985,18.731187113540052,11.702865671028365,10.296503496503497,3323.2439247027487,2097.7614029261995,1735.407548246258,1227.0,937.5555555555555,772.0,2916.2232101232103,1848.7071428571428,1602.9846153846154,365
PNQ,70270.99999999997,35138.0000000001,35133.00000000007,12984941.000000065,6492827.000000035,6492114.000000019,12527378.000000114,6264292.000000007,6263086.00000001,457562.9999999999,228535.00000000003,229028.0,15.45897435897436,10.26923076923077,11.028571428571428,3043.4222222222224,1991.0,2158.75,2981.106768231768,1941.8,2158.75,225.8571428571429,208.8888888888889,208.8888888888888,365
PUJ,66948.99999999958,33572.999999999854,33375.9999999999,12802250.999999873,6430492.000000043,6371759.000000018,0.0,0.0,0.0,12802250.999999873,6430492.000000043,6371759.000000018,31.461904761904762,17.79489898399229,18.643000871677344,5914.038033567739,3316.333090914257,3539.079673267909,0.0,0.0,0.0,5914.038033567739,3316.333090914257,3539.079673267909,365
SJC,99271.99999999974,49634.99999999974,49637.0000000001,14214464.999999886,7107067.999999972,7107397.000000006,13497184.999999963,6748712.999999968,6748472.000000001,717279.9999999922,358355.00000000134,358924.99999999866,26.598898610232133,19.233348640606703,18.24094095868289,3946.72992893676,2752.872367775594,2750.60148095632,3661.7199770817415,2752.872367775594,2745.457733704204,733.3346222405041,647.0,497.89017779606,365
VCE,78076.9999999998,39029.99999999993,39046.99999999997,13992009.99999997,6994628.999999993,6997380.999999991,2641030.999999997,1320435.9999999977,1320594.9999999993,11350979.000000045,5674193.000000011,5676786.000000002,24.926640164294255,13.639393939393937,13.469588154834831,4774.95293304895,2683.319191919192,2371.5189185682543,1176.0,788.0,786.0,3850.4416157698515,2321.6284618249883,1891.123940144621,365
ADB,74481.00000000065,37234.00000000029,37247.00000000006,14261243.000000045,7130088.0000000335,7131155.000000039,8408388.00000003,4204797.999999962,4203589.999999985,5852854.999999917,2925290.000000004,2927564.999999992,19.931735037048128,13.126814982403218,11.970280764635604,3855.7836688588295,2465.89898989899,2303.383064516129,2921.882672882673,1885.9538461538461,1777.206545088898,2461.8190841416645,1764.4244022106925,1777.730769230769,365
NGO,87911.00000000009,43956.00000000026,43955.00000000026,14833323.999999993,7416960.000000011,7416364.000000078,7937417.999999991,3968877.0000000033,3968540.9999999865,6895906.000000095,3448082.999999989,3447822.999999999,23.772746697746697,14.615318015318016,14.193428793428794,3820.818535631036,2421.2690476190473,2434.3515151515153,2214.3538461538465,1395.2788461538462,1873.2666666666667,2364.478033078033,1543.182905982906,1719.5170634920632,365
VKO,75190.99999999999,37599.99999999967,37591.00000000047,12434405.999999946,6217917.999999997,6216487.999999915,4295419.000000031,2147476.0000000037,2147942.999999988,8138987.000000063,4070442.000000009,4068545.0000000023,18.57737991818687,11.632509436436504,10.662030779677837,3020.066726084373,1964.4323924440046,1818.6439513161567,1655.1834087481147,1288.3366666666666,1183.334962528511,2452.3495543672016,1477.7278425278425,1398.0874125874125,365
WUX,77744.00000000026,38863.99999999997,38879.999999999985,13155175.000000024,6576095.000000022,6579079.999999999,12155500.000000037,6076297.000000031,6079202.99999998,999674.999999998,499798.00000000116,499876.99999999936,20.375407925407927,14.0,17.64010989010989,3514.0107392607397,2406.8888888888887,2912.8837606837606,3272.914607614608,2313.1964285714284,2904.5047619047614,636.0,482.99999999999994,519.0,365
KTM,121238.9999999991,60588.00000000037,60651.00000000038,12175246.00000011,6076784.999999988,6098460.999999937,5866500.000000012,2933551.0000000135,2932948.999999998,6308745.999999958,3143234.0000000247,3165512.0000000326,32.81587301587301,20.366666666666667,17.923465423465423,3377.346153846154,2144.868298368298,2048.1703296703295,1536.0,920.0,1005.3589743589744,2234.3824175824175,1373.5734265734263,2014.8859029859032,365
VLC,78560.9999999994,39328.999999999985,39232.00000000002,13481332.99999988,6745880.9999999935,6735451.999999974,3583049.9999999986,1796708.000000001,1786342.0000000019,9898283.000000041,4949172.999999997,4949110.0000000335,23.333333333333336,13.202991452991453,12.145642374138372,4137.358604902723,2277.875,2168.0,1392.6544386985565,841.0,861.125,3632.4,2051.389140271493,1887.5,365
CLE,92880.99999999967,46442.99999999984,46437.99999999989,12912017.9999999,6456385.000000004,6455632.999999999,12462855.999999888,6231625.999999986,6231230.000000011,449161.9999999995,224759.0000000003,224403.0000000003,24.62283598754187,15.497053052518773,18.78820736598929,3571.3468675115737,2344.9396233087928,2751.302704027998,3353.9317530671938,2178.9115834092113,2658.3709527607516,437.0769230769231,381.1428571428569,377.7472527472527,365
COK,72402.00000000047,36175.00000000004,36226.9999999998,13370245.999999959,6680160.99999996,6690084.999999985,7158998.00000006,3574832.9999999716,3584165.000000015,6211247.999999938,3105328.000000002,3105919.9999999725,18.166666666666668,12.697835497835499,11.025641025641026,3348.117191142191,2399.2751637251636,2090.5174825174827,2099.35,1376.0,1293.1831224331227,1938.4741508491506,1203.513131313131,1082.0,365
IND,104661.00000000063,52334.99999999997,52326.0,13584849.999999981,6793086.000000006,6791764.000000022,13478511.999999996,6739597.000000001,6738915.000000023,106337.9999999999,53489.00000000003,52848.999999999876,27.33115971441974,17.44214298246556,20.61168291789734,3679.2192067353535,2441.559338704026,2819.701537182884,3661.2984461616816,2395.3026534397504,2819.701537182884,185.57264957264988,184.0,184.0,365
TIA,64205.00000000029,32109.000000000062,32095.999999999898,13061968.000000026,6531172.000000013,6530795.999999979,0.0,0.0,0.0,13061968.000000026,6531172.000000013,6530795.999999979,18.700845957111945,11.133333333333335,11.838600258412109,3855.0545438199015,2189.2515745692217,2556.195920047713,0.0,0.0,0.0,3855.0545438199015,2189.2515745692217,2556.195920047713,365
CEB,100681.0000000004,50663.00000000029,50017.99999999986,14856945.999999931,7535317.000000009,7321628.999999959,11037245.99999999,5526160.000000027,5511086.000000005,3819699.999999974,2009157.0000000035,1810542.9999999974,24.072616272616273,13.651523476523476,13.348443223443223,3833.1327422577424,2208.570238095238,2157.0056943056943,2957.815617715618,1874.185347985348,1758.6396242646244,2103.4441197691194,1243.9632936507937,1565.7023351648354,365
CTA,75039.00000000015,37511.00000000008,37527.99999999956,13806300.999999957,6901852.000000007,6904448.999999973,8275683.000000029,4137673.000000025,4138010.000000009,5530618.000000031,2764179.0000000033,2766438.9999999935,20.228249528249528,11.297753357753358,11.509489693313222,3730.31935483871,2079.9046802870334,2204.616645738163,2327.048941798942,1367.957264957265,1740.7056451612902,2563.714285714286,1305.597324244383,1564.648309178744,365
LYS,87217.00000000036,43612.00000000009,43605.00000000015,13193581.999999957,6597314.000000018,6596267.999999983,2906442.9999999874,1453272.000000005,1453171.0000000014,10287138.999999981,5144042.000000027,5143096.999999964,25.485527544351076,15.024531024531024,15.852230286053814,3765.0552030901463,2177.2955904942623,2174.043375709258,1498.2470771059006,898.7941176470588,1064.3249299719887,3068.2466973886326,1840.179365079365,1911.0,365
PIT,102868.99999999935,51433.99999999995,51434.99999999979,12753963.999999924,6376982.999999972,6376981.000000085,12477873.999999898,6238959.000000006,6238915.000000083,276089.9999999998,138024.0000000003,138065.99999999857,30.33898529961148,17.613320405085112,22.056518767482775,3699.32284375755,2355.7653124653125,2949.9081617142588,3613.3639962587113,2355.7653124653125,2919.1469927256085,397.16779299132236,397.16779299132236,266.95844155844156,365
ALG,83004.0000000003,41408.9999999999,41594.999999999956,12400819.000000164,6186949.000000036,6213870.000000057,2963714.9999999795,1476480.0000000005,1487234.9999999974,9437103.999999868,4710469.000000011,4726635.0000000205,21.66251379884656,11.705833643480702,12.182943690296632,3704.656146070469,1860.1000832132236,2261.9800725839623,1252.3176470588237,585.502331002331,808.8770186335404,3174.516908716232,1700.5931744075906,2014.3833422826658,365
INC,74730.00000000013,37352.00000000023,37377.999999999935,12235038.000000035,6114688.999999976,6120348.999999988,12179144.00000003,6086741.999999979,6092401.999999993,55893.99999999998,27947.0,27946.999999999993,26.01835941835942,15.886141636141636,16.277564102564103,4368.118512043511,2615.4015151515155,2646.7790334665333,4368.118512043511,2615.4015151515155,2646.7790334665333,277.5,221.75,265.0,365
SJW,82885.0000000006,41437.999999999985,41446.99999999997,14346706.999999946,7171022.000000019,7175684.999999993,14153364.999999946,7074345.000000022,7079019.99999999,193342.00000000003,96677.00000000003,96664.99999999993,22.33005883005883,13.216666666666667,15.069230769230769,3913.0785866910865,2374.253968253968,2732.6236721611726,3886.3606532356534,2374.253968253968,2667.663136863137,223.20000000000005,189.00000000000023,189.00000000000023,365
AMM,75909.00000000042,37940.0,37968.999999999825,12893247.000000106,6443051.999999979,6450195.000000072,196697.9999999995,98399.0000000001,98298.99999999984,12696549.00000006,6344652.999999989,6351896.000000078,20.47390513877081,14.535856398503459,17.04163039574804,3206.5515059028,2220.0709495760957,2600.26077006485,171.48076923076923,165.73492063492063,155.96666666666667,3145.2432468174884,2131.604804446715,2448.9088847672056,365
SNA,101638.99999999991,50814.99999999976,50823.99999999966,13960631.000000123,6980128.000000019,6980503.00000001,13571171.000000082,6785398.000000026,6785773.00000001,389459.9999999979,194730.00000000047,194729.99999999913,30.414007525961985,16.141908414159648,15.808637767461295,4192.424934103777,2304.85046942305,2219.1867066267064,4114.734527430695,2211.261005902447,2181.945690512496,446.4254901960785,286.0,305.83333333333303,365
ALA,76115.99999999968,38090.99999999987,38025.00000000026,13030902.000000022,6510134.000000012,6520768.000000031,7164285.00000001,3585233.0000000144,3579052.000000032,5866617.000000021,2924900.9999999963,2941715.9999999963,15.666600066600067,9.323809523809524,9.523448773448775,2751.6794316794317,1621.2947052947054,1670.339898989899,1690.2857142857142,1077.1057692307693,1036.0184523809523,1732.2436563436563,991.2818181818184,1000.3999999999999,365
ACE,65869.00000000025,32962.000000000175,32906.999999999774,9728186.999999922,4868883.000000036,4859303.999999991,3466618.0000000116,1734444.0000000012,1732174.0000000072,6261569.000000008,3134439.000000006,3127129.9999999865,21.709293973999856,12.278201537025065,11.307019369519368,3613.433973869268,2061.892857142857,1815.290493362697,1301.6,706.1428571428571,869.2177660899697,3086.584615384615,1760.3653846153845,1566.4,365
GLA,63808.999999999636,31900.000000000127,31909.000000000233,9423137.000000004,4710731.999999987,4712405.000000008,4278742.999999977,2139233.9999999963,2139508.9999999967,5144394.000000046,2571497.9999999935,2572895.999999976,20.531776124992444,11.8,12.947385947385948,3126.230128205128,1620.0,2191.61704961705,1659.548717948718,933.2234299516908,980.5,2418.12281679673,1317.0,1681.0109890109893,365
LOS,68505.00000000017,34409.00000000012,34096.00000000039,9490736.000000065,4768008.999999985,4722726.999999975,5286608.999999971,2650440.0000000214,2636168.9999999963,4204127.000000004,2117569.0000000014,2086558.0000000119,22.6353942843235,14.309786030962503,16.334489260155458,3237.3650848535763,2101.3669327274406,1908.0564578351577,2214.452060502891,1510.3669327274408,1668.747796911634,1816.4404761904761,1023.6432133395667,1635.4404761904761,365
BEG,77598.00000000108,38798.99999999998,38799.00000000031,10746591.000000004,5373214.000000046,5373376.999999958,45143.999999999985,22680.000000000004,22464.000000000004,10701447.000000011,5350534.000000044,5350912.999999965,32.715815675431216,24.149905890752354,28.6622981962166,4229.026256423314,2906.2766919355154,3853.3816798055414,144.0,144.0,144.0,4229.026256423314,2906.2766919355154,3853.3816798055414,365
CGN,65274.99999999997,32657.00000000001,32618.00000000021,11685960.999999978,5846510.000000002,5839450.999999965,1085017.9999999965,542498.9999999995,542519.0000000007,10600943.000000065,5304011.000000002,5296931.999999983,17.74258704022131,11.793939393939395,12.73838383838384,3187.024949723479,2164.951515151515,2240.250505050505,583.25,361.0,393.0,2922.496699379052,2088.1666666666665,2005.4505050505052,365
HRG,43796.000000000124,21876.999999999967,21919.000000000004,8066635.000000002,4030132.000000015,4036503.0000000196,736843.0000000043,368821.99999999907,368021.00000000186,7329792.000000005,3661309.9999999837,3668482.000000001,14.76923076923077,8.213675213675213,8.633637095593617,2750.75,1546.6,1657.9047619047622,470.02136752136755,258.344126984127,295.7941176470588,2632.9934284016636,1513.2971930030753,1585.9047619047622,365
YNT,66535.99999999991,33269.999999999956,33266.00000000004,10645981.999999993,5323097.999999989,5322883.999999973,10044588.000000026,5021540.999999995,5023046.999999982,601393.9999999974,301556.99999999953,299837.00000000023,18.961327561327558,11.700811688311688,12.797619047619047,3030.115301365301,1955.606193806194,2115.0449494949494,2935.8370851370855,1811.7829725829724,2113.976090576091,471.11111111111114,338.0,353.2461538461538,365
RAK,65082.0,32511.000000000124,32570.999999999938,11848560.000000054,5919068.000000007,5929492.000000005,607939.0000000029,302820.999999999,305117.9999999994,11240621.000000084,5616247.000000009,5624374.0000000065,18.649494949494947,10.8125,10.108284493284492,3501.6,2020.1886806004452,1799.122222222222,567.0,378.0,378.0,3465.5066293183936,1988.9886806004452,1739.9423076923078,365
LJG,62064.00000000001,31034.000000000095,31030.000000000033,9981879.99999997,5005088.000000014,4976791.999999982,9839780.999999981,4933502.000000008,4906278.99999997,142099.00000000023,71585.9999999999,70513.00000000009,19.783016983016985,11.870573870573871,12.000488400488399,3138.576934176934,1874.1181776556775,1933.7582195582195,3138.576934176934,1847.7555555555555,1894.7130647130648,333.5,290.16666666666674,304.65714285714273,365
TAS,61593.000000000146,30737.000000000044,30856.00000000003,11054926.000000026,5514697.999999999,5540228.0000000335,1508668.0000000016,751998.0000000005,756670.0000000005,9546258.000000015,4762700.000000007,4783558.000000033,14.662576312576313,9.458485958485959,10.257498057498058,2689.2380952380954,1785.25,1873.6,674.6,599.9454545454546,629.0,2348.4194971694974,1703.9108225108223,1649.0311244311245,365
CTG,51670.99999999987,25608.999999999967,26062.000000000065,9272695.999999939,4567847.000000008,4704848.99999997,7267467.999999886,3654485.9999999963,3612982.000000002,2005227.9999999953,913361.0000000077,1091866.9999999972,15.445217267797913,8.928571428571429,8.66449308560477,2808.082254873526,1580.404761904762,1587.47943714791,2277.9529227098014,1339.8,1247.9446966695546,1283.9355547678128,812.055824895739,779.5429280397022,365
PMO,60259.00000000021,30104.000000000047,30155.000000000124,10438823.999999896,5214955.000000015,5223868.999999985,6977378.000000012,3488509.999999992,3488868.000000022,3461445.9999999995,1726444.999999997,1735001.000000001,17.98102564102564,9.7917509611058,10.0,3102.9169834087484,1755.9333333333332,1700.9829907600306,2121.25,1261.5,1259.9650349650349,1763.9999999999998,999.7333333333331,1096.7115384615386,365
SWA,81060.99999999972,40581.99999999957,40479.00000000015,11674460.000000045,5843900.000000002,5830560.000000005,11324624.000000043,5668985.0000000065,5655639.000000004,349835.9999999991,174915.00000000047,174921.0,23.130630480630483,14.345454545454546,14.527380952380954,3526.4222222222224,2211.201923076923,2110.949206349206,3475.0339285714285,2194.1238095238095,2057.0,552.0,365.0,366.0,365
JJN,61671.000000000306,30838.00000000006,30832.99999999996,10515540.000000002,5258174.999999996,5257365.00000002,9907171.999999987,4953990.999999982,4953181.000000014,608367.999999999,304184.00000000006,304184.00000000035,18.248373848373852,12.708202908202908,13.168031968031968,3086.7857142857147,2197.936646686647,2270.2837856587857,2905.7087273837274,2189.3895604395602,2269.5171051171046,598.1431235431234,415.4777777777779,584.8340326340327,365
SOF,55041.99999999971,27544.000000000087,27497.999999999945,9606462.000000104,4807610.999999999,4798851.000000027,312744.0000000007,156371.99999999936,156372.00000000003,9293718.000000091,4651239.000000009,4642479.000000026,16.317799708641612,10.618506104817651,10.372602839994144,3023.782738095238,1753.8705849705852,1975.9970365371119,290.3571428571429,266.5,269.25,3023.782738095238,1710.4320254908491,1975.9970365371119,365
CVG,90211.99999999967,45105.000000000444,45106.99999999984,11158677.999999968,5579229.999999959,5579447.99999998,10768067.99999996,5383924.999999972,5384142.999999979,390609.99999999994,195305.00000000015,195304.99999999892,23.07142857142857,13.867422250951666,20.020328225594852,3207.015973727648,1851.9450207404366,2823.1859575549292,3106.6039169283963,1818.1321558054008,2823.1859575549292,472.0,454.1059829059827,287.20683760683767,365
IBZ,63684.00000000037,31738.99999999994,31944.9999999998,10317670.00000013,5147535.999999964,5170133.999999945,4521631.999999984,2256391.999999997,2265240.000000004,5796037.999999994,2891144.000000007,2904894.000000004,21.33528117992065,11.206794871794871,11.375718626358013,3653.183292513938,1949.2893348197695,1914.6108597285067,1643.7828679816917,924.5775401069519,905.9646971386103,2864.75,1548.5,1570.0,365
TLS,60369.999999999825,30182.000000000022,30188.00000000014,9459789.00000001,4729606.000000006,4730183.000000011,3924705.9999999837,1962296.9999999974,1962409.0000000042,5535083.0000000205,2767308.9999999916,2767774.000000001,21.396189757954463,12.11714951714952,12.788967894850245,3326.6493123729833,1991.6128851540616,1878.3441453751082,1686.0262705879404,990.6153846153846,940.9301587301587,2299.6277722277723,1415.5568938230228,1320.6357142857146,365
BKI,63871.00000000024,31949.000000000346,31922.000000000182,10890916.99999995,5448073.999999988,5442842.9999999935,8188894.999999961,4096923.000000012,4091971.9999999884,2702022.000000008,1351150.9999999998,1350871.0000000047,16.75479242979243,9.48931623931624,9.710227272727273,2819.673476523477,1586.9247252747252,1657.0,2559.996153846154,1387.3383116883117,1540.987012987013,1189.375,755.7666666666667,809.0,365
PEN,59022.00000000006,29511.000000000062,29511.000000000207,10074492.999999912,5037105.000000024,5037388.000000029,4864327.000000025,2432060.9999999986,2432266.0000000033,5210166.000000049,2605044.0000000154,2605122.0000000023,18.227905427905426,10.098989898989899,9.080128205128204,3377.674458874459,1781.8030303030303,1758.5244505494504,2246.2344322344325,1272.5666666666666,1052.3076923076924,1806.0,1109.0,975.6666666666666,365
XNN,63691.00000000029,31840.999999999898,31850.000000000215,9721047.000000022,4860471.0000000205,4860576.000000025,9704217.000000026,4852056.000000019,4852161.000000025,16830.0,8415.0,8415.0,26.03058608058608,15.208351370851371,15.970057720057719,4286.854459429459,2516.6710622710625,2743.5823953823956,4286.854459429459,2516.6710622710625,2743.5823953823956,174.0,174.0,173.9999999999999,365
STR,72728.9999999999,36378.000000000065,36350.99999999985,11780879.999999993,5893037.999999982,5887841.999999988,1715470.9999999886,856417.0000000048,859054.0000000029,10065409.000000061,5036620.999999999,5028787.999999983,23.563554909143143,12.288995448995447,18.912016088486673,3983.02157433729,2110.5,2983.32905982906,793.6293614881849,560.8139050491991,674.0750915750916,3540.273629964807,1948.0,2614.0788267288267,365
SVQ,60368.999999999796,30191.000000000236,30178.000000000065,10867409.99999995,5434819.999999987,5432590.000000015,5019183.999999976,2510836.9999999977,2508347.0000000037,5848226.000000021,2923983.0000000116,2924243.000000008,18.095854853207793,10.427565767565767,10.296555077927989,3314.0375,1911.642857142857,1930.3333333333333,1738.4444444444443,1092.9360231271996,1107.0,2414.384238310709,1522.125,1324.3846153846155,365
ADL,71147.0000000002,35739.000000000015,35408.00000000031,10745167.000000013,5403533.000000005,5341633.999999981,9349800.99999994,4705580.999999984,4644219.999999972,1395365.999999986,697952.0000000006,697414.0000000002,21.368745633451518,12.6023545611706,14.859640658027754,2955.9141959787485,1824.6549254210545,2291.9801597095716,2749.2305280108485,1665.827635327635,2054.04633438457,852.0,696.9432000636934,634.0252100840338,365
CMH,96642.99999999948,48321.00000000034,48321.99999999993,11778653.000000047,5889178.9999999525,5889474.000000024,11689583.000000052,5844515.999999956,5845067.000000017,89069.99999999967,44663.00000000001,44406.99999999995,26.36208192579171,16.205673234748478,20.54224272459566,3481.5633190339076,2086.403156255509,2490.4647757471284,3481.5633190339076,2086.403156255509,2490.4647757471284,211.3728937728938,172.0,172.0,365
OVB,74516.0000000003,37263.00000000029,37253.00000000007,9923367.000000028,4961227.999999965,4962138.999999981,7790727.999999943,3897118.9999999763,3893608.9999999944,2132638.9999999874,1064108.9999999993,1068530.0000000016,17.649417249417247,12.002231102231102,10.042857142857143,2598.409335109335,1935.5974358974358,1742.8598901098903,2232.9742216117215,1760.8941724941724,1482.7897435897437,903.0000000000001,735.0,604.2178571428572,365
REC,70560.00000000006,35260.00000000001,35300.00000000021,11430438.000000102,5711815.000000006,5718623.0000000065,10853460.000000114,5423481.000000024,5429979.00000001,576977.9999999998,288333.999999999,288644.0000000005,18.75357142857143,12.934508486682397,13.87011269705767,2939.7447915322127,2074.5350823515782,2011.1087357087356,2875.1037279060806,2074.5350823515782,1968.407094017094,582.4166666666667,455.1904761904762,455.5416666666665,365
NBO,83666.99999999949,41720.0000000001,41947.00000000028,11234388.00000005,5596155.999999969,5638232.000000022,2311945.999999994,1155995.0000000056,1155951.0000000042,8922442.0000001,4440160.999999985,4482281.000000032,21.622245238421712,12.991666666666665,16.50909645909646,2952.731299956656,2014.7930008227067,2472.2779761904762,731.1945565714066,485.9842995169082,472.0881056395931,2811.1598258372455,1796.1381535361077,2405.7637093933026,365
HER,49348.99999999987,24637.00000000027,24712.000000000233,9136047.999999933,4562385.999999999,4573661.999999959,2245697.999999995,1122705.000000005,1122993.000000002,6890349.9999999665,3439680.9999999697,3450668.9999999814,20.2,11.053475935828878,11.722222222222221,3759.0384615384614,2051.656108597285,2217.648190045249,988.0084175084176,573.7002370178841,594.547619047619,3539.0384615384614,1837.0,1927.4055429864252,365
LCA,58322.99999999956,29012.99999999991,29310.00000000008,11114852.999999916,5534145.0,5580707.999999953,180.0,0.0,180.0,11114672.999999916,5534145.0,5580527.999999953,17.42058858282767,10.094794463390286,9.733477633477634,3443.7898989898986,2027.1978883861239,1930.5618279569892,0.0,0.0,0.0,3443.7898989898986,2027.1978883861239,1930.5618279569892,365
BSL,62404.9999999998,31237.000000000033,31168.000000000055,10747553.999999955,5379556.000000005,5367998.000000023,180.0,0.0,180.0,10747373.999999955,5379556.000000005,5367818.000000023,21.362392509451333,13.703525396172456,13.666988881172943,3552.860893035264,2224.78541030718,2354.1674346224136,0.0,0.0,0.0,3552.860893035264,2224.78541030718,2354.1674346224136,365
CNX,63504.00000000006,31755.999999999953,31748.000000000022,11632938.00000004,5816661.00000001,5816277.000000015,8380395.999999989,4190415.999999964,4189979.9999999804,3252542.0000000126,1626244.999999991,1626296.9999999905,17.576190476190476,10.13963813963814,10.03085803085803,3204.2554334554334,1910.0,1905.5718170718171,2472.930402930403,1481.9777777777779,1428.35,1301.277572427572,900.2382867132867,912.2777777777778,365
SKG,54801.00000000008,27367.99999999989,27432.999999999945,9331922.000000006,4659796.999999979,4672124.999999969,3003185.9999999767,1501788.0000000033,1501397.9999999958,6328736.000000079,3158008.999999954,3170726.9999999627,17.339550406369625,9.967845879610586,10.78215183509301,2952.5932515197223,1672.6818619289209,1868.2026253939298,1094.3388224678547,765.1802197802199,709.1333333333333,2590.5197928669795,1412.2773892773894,1481.7722176516293,365
MLA,61922.00000000031,30943.99999999978,30978.00000000008,11590187.000000022,5793403.999999966,5796783.000000013,0.0,0.0,0.0,11590187.000000022,5793403.999999966,5796783.000000013,20.077777777777776,11.025094494403957,11.0,3853.35310367382,2164.367257683419,2099.61337355455,0.0,0.0,0.0,3853.35310367382,2164.367257683419,2099.61337355455,365
NQZ,59109.000000000604,29546.0000000002,29563.00000000003,9701736.000000011,4847744.999999986,4853991.000000016,6927907.000000015,3458445.000000028,3469462.000000005,2773828.9999999925,1389299.9999999953,1384529.0000000007,15.049603174603174,9.514718614718616,8.824242424242424,2480.9069402819405,1627.3068181818182,1478.9354256854256,2004.890476190476,1266.0170052170051,1117.6452838827836,1152.7838383838384,795.9878787878788,707.5,365
SSA,53388.0000000005,26689.000000000106,26699.000000000044,9082432.000000002,4541056.999999978,4541375.000000015,8429890.99999999,4214537.999999977,4215353.000000011,652540.9999999986,326519.0000000007,326022.0000000008,21.61803978471332,13.48034188034188,14.725594666771137,3655.057288790388,2350.91282051282,2561.6870481188694,3655.057288790388,2341.985152102799,2561.6870481188694,618.1633986928105,356.4383394383394,472.40820982938635,365
AER,71378.0000000003,35700.00000000018,35677.99999999983,11790526.999999963,5896638.999999958,5893888.000000039,9804427.999999959,4904464.999999976,4899962.999999991,1986098.9999999779,992174.0000000068,993925.0000000035,21.795777555777555,12.040586668233725,12.962343212343212,3738.0710439886907,2116.6239559084324,2198.1535353535355,3245.9968381818476,2015.4792758544327,1988.3483460983462,738.0,445.0,512.0,365
FAO,62482.99999999891,31238.00000000014,31245.000000000073,11735714.999999978,5867163.999999985,5868550.999999976,738016.0000000021,369020.00000000006,368995.9999999998,10997698.999999994,5498144.000000005,5499554.999999965,26.131265031265023,14.672005772005768,13.106442577030812,4946.757575757576,2729.15970793912,2603.801077666295,413.7271062271063,367.625641025641,378.57142857142856,4821.602597402598,2675.7608984153103,2509.096706424505,365
PBI,65770.0000000006,32886.00000000001,32884.00000000019,10893683.999999927,5447137.99999999,5446545.99999999,10751729.999999927,5376160.999999983,5375568.999999996,141954.00000000026,70976.99999999997,70977.0000000002,25.329566543513415,14.388094985343562,13.067936475289416,4191.90201997033,2405.0535634472812,2196.1525451669863,4186.3430437209845,2282.161373730634,2196.1525451669863,265.8357142857143,196.9392385392389,193.1801764543702,365
KEF,53330.000000000575,26653.000000000306,26677.00000000021,9541907.000000007,4768563.999999962,4773342.999999965,74.0,37.0,37.0,9541833.000000004,4768526.999999962,4773305.999999963,22.162146463647552,16.5512029232345,17.662719089571247,3905.4134011774304,2944.311456567706,3122.7814919808256,0.0,0.0,0.0,3905.4134011774304,2944.311456567706,3122.7814919808256,365
KHH,57169.99999999984,28577.000000000113,28593.00000000019,8646848.99999998,4322323.000000004,4324526.000000018,1429419.9999999988,713735.9999999999,715683.9999999984,7217429.0000000475,3608586.9999999856,3608841.9999999995,19.92245532245532,11.344276556776556,14.554234654234653,3028.0659673659675,1967.0,2208.434887334887,581.7692307692307,334.625,352.9166666666667,2637.8204545454546,1897.0,1872.7301587301586,365
KNO,52561.99999999995,26255.000000000065,26307.000000000087,9257600.999999955,4614742.000000028,4642859.00000004,6319084.999999993,3161842.0000000224,3157243.000000022,2938516.0000000265,1452899.9999999967,1485616.0000000037,15.161706349206348,8.980769230769232,8.75967365967366,2625.663247863248,1660.300366300366,1542.7582417582419,1828.2144522144522,1138.3125,1081.2,1132.2727272727273,783.6634615384613,804.0,365
YEG,66104.00000000012,33047.99999999978,33056.000000000226,9241331.999999952,4620605.000000006,4620727.0000000335,7683428.000000031,3840416.999999992,3843010.99999999,1557904.0000000037,780187.9999999964,777715.9999999972,20.028410795320063,10.601953601953602,11.359718923286286,2600.1118446507944,1480.5801048624578,1560.810553772603,2293.6016347051636,1316.932502007796,1292.1458763458763,848.616452991453,689.7834987593053,664.519607843137,365
SAL,47279.00000000022,23638.999999999945,23639.999999999935,8455601.000000052,4227660.000000029,4227940.999999995,0.0,0.0,0.0,8455601.000000052,4227660.000000029,4227940.999999995,14.49187338804986,11.034161655461032,13.074279046182147,2616.603876515641,1997.610636444524,2359.3702283127864,0.0,0.0,0.0,2616.603876515641,1997.610636444524,2359.3702283127864,365
CHS,63676.0000000003,31837.999999999858,31838.000000000073,8252722.999999994,4126409.9999999874,4126312.999999988,8223378.999999994,4111737.99999999,4111640.9999999865,29343.999999999975,14672.000000000004,14671.999999999989,19.152346186357406,10.960642546897805,12.369263192264595,2544.461252136015,1443.177726848315,1660.7749234425703,2544.461252136015,1443.177726848315,1660.7749234425703,223.09090909090907,153.37166900420766,84.93333333333351,365
MLE,59835.99999999973,29897.999999999935,29938.00000000004,9084806.999999901,4543311.000000018,4541496.000000002,1649025.00000002,822320.999999997,826703.9999999978,7435781.999999938,3720990.0000000102,3714792.0000000284,23.12297702297702,15.61904761904762,12.865384615384615,3933.568098568099,2650.9312021312016,1959.0,669.3069264069263,437.00761460761464,416.1796536796537,3518.0,2310.227380952381,1700.3846153846155,365
SJO,94483.00000000009,47430.999999999956,47052.000000000044,9163302.000000056,4576996.000000001,4586306.000000029,539101.0000000031,271622.99999999907,267478.0000000002,8624201.000000037,4305373.00000001,4318827.999999985,38.39805524540819,21.259281144370092,19.73197235469325,2912.7328172807584,1898.3370376048606,1971.8620845997827,302.6526080400739,152.28764220040517,157.25641025641028,2804.430811606694,1846.4085780864718,1910.7167857232373,365
JAX,65040.999999999774,32519.000000000076,32522.000000000087,9405495.000000063,4702486.999999978,4703008.000000049,9316367.000000056,4657922.999999975,4658444.000000052,89128.00000000003,44564.00000000006,44563.999999999935,20.205746932805752,13.014324585997715,12.88822714024327,2853.6131122472298,1842.171988403753,1819.6917714901585,2850.4861941209547,1814.9206589488945,1819.6917714901585,233.16666666666663,211.42857142857122,211.42857142857144,365
NTE,50897.99999999984,25598.999999999996,25299.000000000015,8500922.000000034,4260932.000000008,4239990.000000003,2602218.0000000047,1311623.0000000081,1290595.0000000058,5898704.0000000065,2949308.9999999995,2949395.0000000102,18.290849673202615,16.57924297924298,11.944970062617122,3084.507390648567,2816.615600086189,1870.556991203149,1365.1785714285716,1109.6793650793652,913.4409022350198,2294.0,1977.0833333333335,1477.0,365
BRI,48399.99999999998,24196.000000000007,24203.999999999985,8880253.000000006,4439536.000000021,4440717.0000000205,3830647.000000012,1916736.0000000044,1913910.9999999928,5049606.000000081,2522799.9999999916,2526806.0000000163,14.183760683760683,8.82311050579302,7.093650793650793,2694.5,1585.4074516315602,1282.9570561017931,1519.6666666666665,950.5,755.7,2072.333333333333,1157.2666666666667,1108.4285714285713,365
BEY,49020.00000000016,24583.99999999998,24436.00000000035,8786312.000000026,4408111.000000018,4378200.999999977,0.0,0.0,0.0,8786312.000000026,4408111.000000018,4378200.999999977,13.767719218053347,9.511155958736603,10.076746815596744,2449.3825684135063,1712.1144608080097,1737.693453213453,0.0,0.0,0.0,2449.3825684135063,1712.1144608080097,1737.693453213453,365
CLO,57134.99999999948,28601.000000000076,28534.000000000025,8721463.999999989,4362688.000000013,4358776.000000054,7374465.999999988,3688780.000000021,3685686.0000000265,1346997.9999999902,673907.9999999978,673089.9999999999,14.644166108682237,8.877197802197802,8.445343638751773,2339.4794205794205,1485.8239352045805,1358.412992503315,2167.7660110288193,1130.5244755244755,1222.578872740163,787.0009768009767,652.3361101264327,597.961910252233,365
KHI,42328.00000000017,21113.000000000116,21214.999999999854,8733753.999999933,4352220.999999969,4381533.000000003,3250032.000000002,1625046.0000000084,1624986.0000000126,5483721.999999973,2727174.999999997,2756547.0000000023,11.265223665223665,7.162121212121212,6.644289044289044,2419.921428571429,1521.2692307692307,1509.0461538461539,1359.5846153846155,1070.5555555555554,1073.0,1900.0045843045843,1276.8076923076924,1416.2599567099567,365
KOJ,69506.99999999981,34659.00000000005,34848.000000000065,8086925.999999919,4038550.000000042,4048375.99999998,7794589.9999999385,3892451.000000041,3902138.9999999856,292336.00000000006,146098.99999999997,146237.0,19.96666666666667,12.469877344877345,13.366071428571429,2396.050216450217,1285.0,1403.4578477078476,2390.5125874125874,1285.0,1364.183682983683,407.75,205.875,271.4333333333334,365
BDL,56797.99999999987,28398.99999999988,28398.999999999858,8215804.99999997,4107850.000000015,4107955.0000000107,7704000.999999962,3852127.999999996,3851873.000000017,511804.0000000019,255721.99999999968,256082.0,15.872139591052829,14.497429167946628,14.498941004437663,2362.1986391744454,2232.9373279050697,2205.877473043507,2282.215241621124,2232.9373279050697,2112.4067722473605,453.0,373.0,282.87516641065054,365
BIO,48132.00000000031,24067.999999999956,24063.99999999993,8157970.999999953,4079085.000000007,4078885.999999985,4564899.999999961,2282649.999999993,2282249.9999999944,3593070.9999999856,1796435.0000000035,1796636.000000002,14.415946275946276,10.694304620111073,9.870715363068305,2478.5141367583824,1725.2627515853321,1560.9145299145298,1652.7245222098163,1034.0,1030.4761904761904,1632.7809985246172,1069.0409428051744,989.4945054945056,365
CHC,70352.00000000001,35153.99999999998,35197.99999999973,8165532.999999946,4082076.999999995,4083455.9999999986,6065673.999999926,3032129.999999992,3033544.0000000023,2099858.999999998,1049946.9999999988,1049912.000000003,20.345238095238095,11.951556776556775,14.053128355891719,2872.6944954392006,1929.9749103942654,2036.8982031040853,1850.1324000769782,997.361362990519,1166.0291666666667,1577.4336852689794,1079.0000000000002,1066.0,365
TFN,78754.00000000006,39375.99999999995,39378.00000000006,8639911.000000034,4319794.000000019,4320116.999999988,8584857.000000045,4292267.000000021,4292589.999999994,55054.0,27527.0,27526.999999999996,21.435443641325996,11.389297400170761,11.966331941334003,2730.9107142857147,1408.9902979577446,1463.7560054324758,2723.067281346105,1379.3678571428572,1463.7560054324758,299.0,298.9999999999998,299.0,365
BFS,44715.00000000029,22356.999999999938,22358.000000000084,7959560.000000011,3979639.000000018,3979921.0000000154,5038801.999999996,2519593.000000009,2519209.0000000093,2920758.000000012,1460046.0000000005,1460712.0000000056,15.837333907922144,8.681623931623932,9.25,2847.0,1565.826923076923,1678.5,2192.344641241112,1378.0761904761905,1219.4368131868132,1296.0,927.0,976.5,365
OGG,65800.9999999997,32907.99999999982,32893.00000000032,8917198.000000032,4458612.999999989,4458585.00000002,8669876.000000052,4334952.000000006,4334924.000000012,247322.0000000002,123660.99999999993,123660.99999999975,21.834918718983566,12.37290188903092,11.53154761904762,3422.4261904761906,2078.392857142857,1805.6770609318996,3402.5636524230235,1952.77977753118,1805.6770609318996,538.3968253968253,444.99884792626733,532.5332308214661,365
JHG,53730.99999999982,26900.000000000084,26831.00000000015,8725046.999999993,4373549.000000016,4351498.000000024,8660710.999999989,4339401.000000013,4321310.000000026,64336.0,34147.99999999996,30188.0,19.345238095238095,12.45,10.864196914196915,3210.6687312687313,2086.9833333333336,1784.5,3165.9970543345544,2086.9833333333336,1784.0720390720392,208.83333333333326,193.91666666666674,191.78571428571433,365
MFM,53740.00000000061,26741.000000000044,26998.999999999894,9049164.999999933,4522994.999999996,4526170.000000008,0.0,0.0,0.0,9049164.999999933,4522994.999999996,4526170.000000008,17.329270729270732,9.107936507936508,9.297619047619047,2853.8558275058276,1591.9151515151518,1623.5170274170273,0.0,0.0,0.0,2853.8558275058276,1591.9151515151518,1623.5170274170273,365
GYD,51938.00000000031,26016.999999999913,25921.0000000001,8418423.999999996,4215482.0000000065,4202941.999999992,0.0,0.0,0.0,8418423.999999996,4215482.0000000065,4202941.999999992,14.02795717087442,9.550836625796244,10.764657875713068,2308.413710113416,1631.675507427848,1625.8388068025165,0.0,0.0,0.0,2308.413710113416,1631.675507427848,1625.8388068025165,365
GAU,46851.999999999956,23439.000000000146,23412.999999999945,8202545.000000032,4102898.999999987,4099646.0000000293,8075501.000000026,4039376.9999999832,4036124.0000000345,127044.00000000001,63521.99999999999,63521.99999999999,14.134469696969697,10.923076923076923,9.0,2531.882051282051,1933.0666666666666,1696.0,2522.694638694639,1914.0666666666666,1696.0,360.0,180.0,180.0,365
BGO,73314.99999999943,36659.00000000023,36655.999999999876,8498220.999999985,4249291.999999998,4248928.999999991,5366227.999999977,2685300.0000000065,2680927.999999985,3131993.0000000056,1563991.9999999967,1568000.9999999988,25.915532180238063,17.056394857740933,15.779166666666667,2892.7578026548613,1749.3076612929553,1805.5083333333332,2288.9923631923634,1479.9325111163346,1429.1211416034946,1611.9012691230334,847.97209653092,1007.8730666392432,365
EIN,39539.00000000044,19770.000000000025,19769.000000000022,7797986.999999958,3899082.0000000037,3898904.9999999963,0.0,0.0,0.0,7797986.999999958,3899082.0000000037,3898904.9999999963,13.955882352941178,9.0,7.0,2814.8088235294117,1701.0,1468.6573426573427,0.0,0.0,0.0,2814.8088235294117,1701.0,1468.6573426573427,365
PVR,46188.000000000146,23093.000000000116,23094.99999999994,8345234.000000026,4172579.000000022,4172655.0000000214,3945814.000000012,1972989.0000000026,1972824.9999999998,4399419.999999994,2199589.999999998,2199830.0000000065,26.296714331420212,13.652038239538241,13.9359093130131,4666.667741243261,2433.410714285714,2527.1502802283712,1869.0492383792155,997.179995929996,972.5,3649.6852027429286,1941.1949596039562,2028.4401354320714,365
BUR,75176.0000000001,37539.99999999971,37635.99999999957,9110662.99999995,4553927.000000033,4556735.999999969,9110662.99999995,4553927.000000033,4556735.999999969,0.0,0.0,0.0,24.2100302312067,14.689880952380953,17.495965739229497,3077.033559624992,2009.9070208857986,2375.7444967851043,3077.033559624992,2009.9070208857986,2375.7444967851043,0.0,0.0,0.0,365
ONT,56854.99999999976,28429.000000000193,28425.99999999996,9369733.999999898,4685185.000000002,4684549.000000007,8562239.999999972,4281416.000000018,4280823.999999999,807493.9999999966,403768.99999999785,403724.99999999575,15.423371651983153,10.373018402685489,13.169916346005692,2593.84012520967,1809.2860805860805,2187.812783295137,2389.900675411087,1731.016550337708,2187.812783295137,776.0403225806452,524.6401877692202,594.8296703296703,365
POA,54454.00000000023,27232.000000000204,27221.999999999876,9277391.00000007,4640739.999999989,4636650.999999996,8827657.000000045,4415702.99999999,4411953.999999998,449733.9999999996,225036.99999999962,224696.99999999994,15.8742296350992,8.990599844534296,10.619884690472924,2744.2585858585862,1480.4105006105005,1830.200929789165,2744.2585858585862,1469.6808080808082,1830.200929789165,486.6582872465225,424.97777777777765,451.65641025641025,365
TUN,56812.99999999926,28393.000000000215,28419.999999999956,9311697.000000067,4653601.999999987,4658095.000000001,160248.0000000004,79817.9999999997,80429.99999999974,9151448.999999994,4573783.999999994,4577664.999999999,17.055147107794163,9.267013215542626,10.56178266492358,3160.6431178625294,1551.789743589744,1855.8931178625294,108.16830294530155,90.68571428571428,78.4,3160.6431178625294,1551.789743589744,1855.8931178625294,365
SJD,51776.99999999995,25887.000000000007,25890.00000000001,9233126.999999955,4616125.000000001,4617002.0000000205,3417799.0000000056,1708909.9999999981,1708888.9999999928,5815328.000000004,2907215.000000003,2908112.999999997,28.741666666666667,15.678103318250377,15.225074027279907,4990.110820323469,2764.669186726031,2707.1231504457314,1727.7202197802198,992.159455053284,821.9166666666666,4175.9228355957775,2287.1705716025563,2336.257142857143,365
SVX,59786.00000000042,29849.999999999996,29936.000000000033,8850655.000000032,4421130.999999982,4429523.999999978,6099955.999999956,3047580.000000008,3052375.999999989,2750699.0000000168,1373551.0000000044,1377147.9999999993,14.93986013986014,9.741841491841491,9.585470085470085,2176.6862026862027,1580.5087412587413,1411.3357142857146,1803.6440476190478,1237.025763125763,1209.857142857143,1556.75,1075.5,886.0,365
LXA,53919.000000000226,26956.999999999956,26961.999999999978,8047242.999999993,4004894.9999999916,4042347.999999996,7989642.999999987,3976094.9999999925,4013547.999999994,57599.99999999998,28800.00000000001,28800.00000000003,18.656746031746035,10.458838383838383,10.749242424242425,3118.23127983128,1720.8927350427352,1785.756388056388,3118.23127983128,1720.8927350427352,1785.756388056388,148.57142857142867,148.57142857142844,146.0571428571427,365
NLU,52049.00000000001,26052.000000000156,25997.000000000313,8977384.000000041,4492198.999999984,4485185.00000001,8408056.00000008,4205097.999999991,4202958.000000037,569328.0000000065,287100.99999999825,282227.00000000146,16.601028693528693,10.438378663819838,9.92907450971967,2848.0172064494645,1811.2598626245192,1778.3520495191083,2806.29641025641,1669.813986013986,1747.3967162249517,570.3655913978495,504.16666666666663,385.36559139784947,365
THR,60504.99999999972,29913.999999999927,30590.999999999913,8525598.999999963,4207300.000000001,4318298.999999971,8520798.999999963,4204900.000000001,4315898.999999971,4799.999999999996,2400.0,2400.0,16.442307692307693,11.0,13.0,2295.8,1622.0,2048.75,2275.75,1622.0,1968.0,88.88888888888891,0.0,0.0,365
RIX,55747.00000000007,27858.999999999913,27887.999999999945,8479161.000000007,4237060.999999979,4242099.999999992,0.0,0.0,0.0,8479161.000000007,4237060.999999979,4242099.999999992,21.43791513146352,19.150200184592975,17.177350427350426,3291.7953229566133,2938.7350427350425,2566.99358974359,0.0,0.0,0.0,3291.7953229566133,2938.7350427350425,2566.99358974359,365
ISB,38333.0000000001,19213.999999999967,19119.000000000022,8443123.000000058,4234998.000000005,4208125.000000029,1897497.0000000163,953180.9999999956,944315.9999999921,6545626.000000014,3281816.9999999977,3263809.0000000126,11.368473193473193,6.38568931068931,7.555555555555555,2977.8786324786324,1662.2333333333333,2135.8353757353757,1048.1826923076924,610.6803418803419,765.3142857142857,2589.2323287823288,1552.6637362637362,1738.8833333333337,365
GDN,45409.000000000015,22705.99999999992,22702.99999999994,8141677.00000008,4071131.9999999707,4070544.9999999925,598044.0000000003,299087.0000000011,298956.9999999995,7543633.000000037,3772044.999999972,3771588.0000000135,13.595588235294118,8.709840338872597,12.19988712630615,2400.5237798197636,1557.004022121669,2258.7737798197636,589.25,301.8679738562092,313.5,2293.745608313255,1447.6853146853146,2188.746069363906,365
SDU,58047.00000000021,29079.999999999945,28967.000000000102,8380449.999999959,4197971.999999989,4182478.000000049,8380449.999999959,4197971.999999989,4182478.000000049,0.0,0.0,0.0,15.074049931786504,9.018284498550152,10.65837239224336,2172.5466666666666,1312.2680084971662,1494.5859742871507,2172.5466666666666,1312.2680084971662,1494.5859742871507,0.0,0.0,0.0,365
OMA,51720.00000000044,25860.99999999989,25859.0000000001,6648597.000000006,3324305.999999995,3324291.0000000205,6648597.000000006,3324305.999999995,3324291.0000000205,0.0,0.0,0.0,15.765063743446097,9.885028534943645,13.544291283355282,1917.3371277405233,1388.8919552810896,1735.232142857143,1917.3371277405233,1388.8919552810896,1735.232142857143,0.0,0.0,0.0,365
TSA,47934.00000000006,23967.000000000073,23966.99999999988,6536356.000000023,3268134.0,3268222.0000000126,3062592.000000007,1531251.9999999988,1531340.0000000014,3473763.9999999874,1736881.9999999949,1736881.9999999898,14.406693306693306,8.830303030303032,8.033566433566433,2104.5114219114216,1301.5440559440558,1259.0748626373627,1113.9857031857032,762.7897435897436,671.7897435897436,1316.0,778.0952380952381,770.0000000000002,365
ECN,35149.999999999505,17574.00000000011,17576.000000000113,6632380.999999988,3315800.000000047,3316581.000000015,0.0,0.0,0.0,6632380.999999988,3315800.000000047,3316581.000000015,11.54116210586799,7.008027781222629,7.14252373013983,2241.159362859363,1299.8831426072513,1313.9987488792042,0.0,0.0,0.0,2241.159362859363,1299.8831426072513,1313.9987488792042,365
GOI,40607.00000000015,20303.999999999964,20303.000000000055,7750322.999999989,3875215.9999999995,3875107.000000016,7493848.999999985,3746976.000000002,3746873.0000000144,256474.00000000081,128239.99999999997,128234.00000000025,16.432051282051283,8.166666666666668,8.987878787878788,3041.559373959374,1559.7333333333333,1693.78648018648,3041.559373959374,1559.7333333333333,1693.78648018648,377.99999999999994,377.99999999999994,238.0,365
SDQ,38200.000000000065,19067.00000000016,19133.000000000062,6578102.999999984,3277849.9999999823,3300253.0000000307,20930.0,18525.0,2405.0,6557172.999999983,3259324.999999982,3297848.0000000307,14.394373576140758,10.389070831129652,9.039080411471303,2191.4866826721664,1618.3332283009704,1216.9952982641787,310.0,310.0,0.0,2181.347565218533,1618.3332283009704,1216.9952982641787,365
JAI,43740.99999999999,21864.99999999994,21875.999999999938,6834905.99999999,3416489.999999999,3418415.99999999,6100761.9999999795,3049328.0000000075,3051434.000000003,734144.0000000024,367162.00000000006,366981.9999999999,15.936363636363634,8.955555555555556,8.028571428571428,2466.764285714286,1380.2285714285713,1293.507142857143,2466.764285714286,1372.2142857142858,1293.507142857143,409.79999999999995,237.62698412698413,355.29090909090917,365
BOD,42401.99999999985,21202.000000000146,21200.000000000004,7076089.000000031,3538191.0,3537897.9999999795,2322666.9999999977,1161322.0,1161345.0000000047,4753422.000000025,2376869.000000011,2376552.9999999995,14.309387344681461,9.2,9.0,2530.5,1595.1555555555556,1543.8051282051283,1086.423076923077,756.5701357466063,734.4444444444445,1929.642232277526,1081.5,1342.8260869565217,365
CXR,32325.999999999953,16163.999999999955,16161.999999999924,6619724.999999914,3310592.000000001,3309133.000000002,2774921.000000015,1387272.0,1387648.9999999986,3844804.000000028,1923319.999999993,1921483.9999999886,11.123076923076923,7.0,8.0,2189.648788711289,1533.0,1602.0,1269.113064713065,837.6904761904761,768.8064102564102,2174.8153846153846,1350.0,1602.0,365
GUA,41473.99999999969,20734.00000000008,20739.99999999978,6516335.999999977,3258801.999999989,3257534.0000000214,546325.9999999965,272794.0000000017,273532.0000000004,5970009.999999989,2986007.999999971,2984002.0000000126,13.564329526682467,9.203795388000488,7.426209868562811,2396.887599258567,1338.9186261766906,1303.342104288107,342.0875576036866,299.1428571428571,268.77741575862194,2388.1091575091577,1307.984829059829,1285.428717948718,365
FOR,37471.0000000003,18728.0000000001,18743.000000000004,6983719.000000037,3489696.9999999977,3494021.9999999874,6436991.000000052,3216183.9999999977,3220806.9999999916,546727.9999999984,273512.9999999991,273214.99999999977,14.703709199297434,13.298579198579198,14.017570043293667,2710.0382584765407,2358.552886982299,2573.193494343111,2710.0382584765407,2358.552886982299,2573.193494343111,624.8,357.22916666666663,624.0,365
PQC,34376.000000000015,17198.9999999999,17177.0,6814686.999999998,3410080.000000029,3404607.000000014,3799754.0000000214,1898944.9999999988,1900809.0000000065,3014932.999999994,1511135.000000002,1503797.9999999916,11.242307692307692,6.829365079365079,6.703846153846154,2319.5145299145297,1418.0,1359.3581418581418,1605.3333333333335,1143.7123543123544,1016.1709054834055,1084.8,670.6,866.0,365
LKO,41862.00000000004,20935.00000000011,20926.999999999945,7558464.999999938,3780104.999999975,3778359.999999993,6187350.9999999665,3094647.999999984,3092703.0000000014,1371113.9999999949,685457.0000000003,685656.9999999972,16.442424242424245,9.614985014985015,8.78888888888889,3053.866666666667,1682.967032967033,1667.346153846154,2506.9370032745032,1485.0,1263.445238095238,824.9999999999998,703.9999999999999,518.0,365
PSA,36336.00000000001,18164.000000000004,18172.000000000065,6717832.000000023,3358173.000000019,3359659.000000021,1701532.000000004,850766.0000000009,850766.000000001,5016299.999999993,2507407.0000000093,2508893.000000005,14.922341696535245,8.996415770609318,8.940947940947941,2711.310504549214,1569.7230769230769,1669.75,945.0,756.0,756.0,2323.3771712158805,1331.0,1405.826923076923,365
YOW,59224.00000000072,29620.999999999953,29602.99999999976,6654039.999999995,3328852.9999999986,3325186.999999981,5156685.000000014,2578267.0000000102,2578417.9999999944,1497354.9999999965,750585.9999999952,746768.9999999929,19.312156601568365,12.90959957183866,11.04326177722762,2224.963540122949,1458.3937001223528,1489.2011010462104,1602.0784326784326,993.2366330620188,1117.8928649346603,1258.3403179854795,776.2142857142857,801.8857142857144,365
BVA,39556.00000000019,19778.000000000036,19778.000000000124,7674801.999999949,3837401.0,3837400.9999999795,98703.99999999994,49352.00000000001,49352.000000000015,7576097.999999943,3788049.0,3788048.999999979,18.158730158730158,9.555555555555555,9.0,3542.076923076923,1850.076923076923,1799.75,197.0,197.0,197.0,3542.076923076923,1850.076923076923,1799.75,365
NCL,34918.000000000095,17457.000000000044,17461.000000000135,5834181.999999999,2916647.0000000037,2917534.999999978,1256189.0000000016,628291.0000000017,627897.9999999997,4577992.999999988,2288355.9999999967,2289636.999999984,14.253749028749029,8.0,9.144024276377218,2504.335657332337,1398.5,1537.0,895.5,534.6358974358974,515.0,2379.6,1331.0,1444.0888009049772,365
HAJ,38860.999999999825,19413.000000000175,19448.00000000016,6241340.000000029,3117616.999999983,3123722.9999999683,1024418.9999999971,513453.00000000105,510965.9999999986,5216921.000000013,2604163.9999999604,2612756.9999999614,12.031597803419437,7.221358351793134,7.9267366620307795,2007.7888207091246,1213.875,1309.340909090909,459.7443609022556,338.968253968254,345.8,1771.5,1184.9333333333334,1210.6666666666667,365
ANC,68154.99999999971,34106.99999999994,34048.00000000015,7286394.999999972,3644241.000000023,3642153.9999999767,7193440.99999997,3598106.000000025,3595334.999999975,92954.0000000001,46134.99999999996,46819.00000000003,19.928474206174066,13.68247191349658,11.304029304029303,2496.561132727332,1943.9157103463601,1275.2794517310647,2463.8319290852996,1943.9157103463601,1255.1371326493634,446.26666666666665,310.0,310.0,365
MKE,61995.99999999998,31000.000000000164,30996.000000000106,7547078.000000056,3773771.000000005,3773306.9999999916,7479222.000000055,3739843.0000000033,3739378.999999988,67855.99999999962,33928.0,33927.99999999997,17.629170648780807,11.561889849555884,12.851495059283195,2223.9282576900223,1391.4452762923352,1565.1504984334783,2223.9282576900223,1391.4452762923352,1492.6514088422998,220.8750000000001,196.25120772946866,197.92307692307696,365
OOL,39215.99999999979,19610.99999999992,19604.999999999985,7204794.000000047,3602532.0000000014,3602262.0000000224,6360020.00000004,3180145.000000009,3179875.000000015,844773.999999997,422387.00000000047,422387.0000000016,11.57525161681172,6.915795968737145,7.165646475202204,2107.850813786677,1266.6555427219976,1366.8463203160036,1930.743060088411,1178.0652113014544,1169.6,700.4802867383514,528.7294871794874,514.1433848409655,365
ORF,53830.000000000044,26913.00000000004,26917.000000000095,6474103.000000057,3236890.9999999953,3237211.99999999,6474103.000000057,3236890.9999999953,3237211.99999999,0.0,0.0,0.0,19.32869849105143,11.633011433011434,13.66037296037296,2301.0280645824764,1530.8857733396526,1763.3541264291262,2301.0280645824764,1530.8857733396526,1763.3541264291262,0.0,0.0,0.0,365
KWL,46663.99999999998,23355.00000000003,23308.999999999927,7707896.999999976,3857998.000000007,3849899.0000000116,7521283.999999968,3764786.0000000116,3756498.0000000247,186613.00000000015,93211.99999999997,93401.00000000001,21.657781107781112,12.85979020979021,11.646486846486848,3419.0465034965036,2021.6275835275835,1847.2761904761905,3350.911266511266,1889.0166666666664,1754.5955627705625,394.9000000000001,246.89999999999992,226.0,365
LUX,52434.999999999614,26184.00000000003,26251.000000000116,6646808.999999985,3317272.000000006,3329537.0000000065,0.0,0.0,0.0,6646808.999999985,3317272.000000006,3329537.0000000065,22.329270729270725,17.15787850493733,16.59281970458148,2788.6510156510158,2160.222293753469,2077.0976245976244,0.0,0.0,0.0,2788.6510156510158,2160.222293753469,2077.0976245976244,365
DUR,41773.99999999975,20892.000000000236,20882.000000000047,6571944.000000018,3286703.000000008,3285241.000000002,6253788.000000012,3127615.0000000135,3126173.0000000033,318155.99999999977,159088.00000000035,159068.00000000017,15.28211858786894,8.556818181818182,8.129646532779525,2320.937537398968,1400.75,1322.8244766505636,2248.6062160062156,1271.13,1260.0833333333335,400.5,389.1428571428571,389.1428571428571,365
EVN,38115.00000000037,19056.00000000015,19059.000000000164,6660921.000000015,3329230.9999999898,3331689.999999966,8121.999999999986,4060.9999999999955,4060.999999999999,6652799.000000027,3325169.9999999865,3327628.9999999637,10.017015242821694,7.793853920221382,5.906457096210417,1786.946467546088,1350.3893295213186,1110.638440860215,19.0,19.0,19.0,1786.946467546088,1350.3893295213186,1110.638440860215,365
UIO,45196.99999999979,22781.00000000019,22416.000000000102,7377542.99999998,3741208.0000000237,3636335.000000009,4032740.000000013,2016347.0000000063,2016392.9999999988,3344802.9999999953,1724860.9999999984,1619941.9999999874,13.389589476545996,8.447278554251989,11.180915391797747,2230.6279176379176,1397.3717091972187,1718.4615384615386,1527.0379620379622,1042.8951048951049,1330.9894993894995,1093.9613992550426,788.8187999475324,742.4519658119659,365
SSH,33086.00000000022,16452.000000000156,16634.00000000019,5932075.99999997,2946784.0000000205,2985292.0000000526,687863.9999999978,346159.0000000005,341704.9999999972,5244212.000000023,2600624.999999994,2643587.000000042,10.52097902097902,6.8910256410256405,6.513888888888889,2044.3923076923077,1272.845238095238,1167.6240842490843,453.76703296703295,290.56965944272446,264.3636363636364,1936.7770146520147,1212.6701128936425,1138.5,365
BOI,58155.000000000364,29079.000000000033,29075.999999999898,6474667.000000045,3237586.0000000005,3237080.999999976,6474667.000000045,3237586.0000000005,3237080.999999976,0.0,0.0,0.0,20.184613640722006,11.891852199916391,10.684714497155715,2185.2897654632948,1386.446345506728,1264.1190583925875,2185.2897654632948,1386.446345506728,1264.1190583925875,0.0,0.0,0.0,365
RHO,34738.99999999973,17383.0000000001,17356.000000000193,6171043.000000052,3087918.99999994,3083123.9999999586,1221083.0000000102,610650.0000000064,610433.0000000022,4949959.999999958,2477268.999999987,2472690.999999995,17.831744236156002,9.992368742368743,10.091370961340001,3267.9743589743593,1802.594017094017,1885.9174825174825,605.7730935730935,394.0181704260652,396.24335664335666,3060.937037037037,1766.0,1848.4,365
FUE,48618.000000000255,24293.999999999905,24323.999999999884,7143740.00000002,3569081.0000000033,3574658.9999999898,2345926.999999996,1173173.0000000002,1172754.0000000023,4797812.999999997,2395908.000000001,2401905.000000009,18.839215686274507,10.429499262895414,10.283719548425431,3249.4728087511266,1817.068091168091,1752.886446886447,1078.11468497402,617.6153846153846,585.5428571428571,2754.5555555555557,1471.25,1556.5,365
RMO,34903.00000000006,17454.999999999938,17448.00000000016,6250404.000000029,3125733.0000000056,3124671.0000000135,0.0,0.0,0.0,6250404.000000029,3125733.0000000056,3124671.0000000135,10.433662416015357,6.037630669983612,7.092741935483871,1915.5347985347985,1205.0,1316.2060606060604,0.0,0.0,0.0,1915.5347985347985,1205.0,1316.2060606060604,365
TBS,38715.000000000204,19450.000000000047,19265.000000000033,6333658.99999995,3181695.9999999874,3151962.999999999,172.0,172.0,0.0,6333486.999999952,3181523.999999987,3151962.999999999,10.697038255861784,7.237225870714837,6.915,1686.1147927574998,1320.5568209783416,1211.8947072874141,0.0,0.0,0.0,1686.1147927574998,1320.5568209783416,1211.8947072874141,365
GOT,39373.00000000022,19691.000000000175,19682.000000000302,6109102.000000031,3055467.0000000005,3053635.0,713372.0000000015,357135.9999999997,356236.0,5395730.000000023,2698330.999999997,2697399.000000001,13.361656686134864,7.846468456537106,8.635683760683762,2254.9911322341527,1251.2078305681248,1402.7003209384613,405.0,320.7420814479638,243.3391304347826,2074.965811965812,1206.2078305681248,1226.7912300293704,365
KCH,43428.00000000024,21714.00000000004,21714.000000000015,7221832.999999922,3610925.000000009,3610908.000000015,6622454.999999931,3311409.0000000144,3311046.0000000047,599377.9999999998,299515.99999999994,299861.99999999953,14.345454545454546,8.664285714285715,7.107659007659008,2487.260839160839,1424.4464285714287,1257.774358974359,2237.4472194472196,1424.4464285714287,1146.2256493506493,652.0000000000001,510.8307692307693,368.72727272727286,365
LPL,38295.99999999988,19150.99999999999,19145.00000000009,6822637.999999999,3411873.0000000084,3410765.000000013,957173.999999999,478572.0000000015,478602.00000000093,5865463.999999993,2933301.0000000056,2932162.999999999,14.0,8.0,8.952380952380953,2585.7943690296634,1486.2666666666667,1628.142857142857,607.75,388.5,414.0,2222.0,1336.0,1508.0,365
LHE,32862.000000000065,16398.00000000002,16463.99999999992,7679490.99999997,3830728.999999997,3848761.999999993,1406830.0000000033,700920.9999999994,705909.0000000006,6272660.999999994,3129807.999999997,3142852.9999999967,9.878663003663004,6.948737373737373,7.0115384615384615,2425.524531024531,1733.2269119769119,1689.0696581196582,786.3580419580419,528.1428571428571,676.5940476190476,2203.9796203796204,1647.0878787878787,1428.0092352092352,365
BPN,47048.99999999999,23398.000000000025,23651.000000000095,7685707.000000017,3821245.000000002,3864462.0000000196,7513513.000000024,3735222.9999999935,3778290.000000015,172193.99999999985,86022.00000000003,86172.0,17.988095238095237,10.674358974358976,10.053571428571429,2732.2219780219784,1748.5538461538463,1671.4666666666667,2693.346153846154,1748.5538461538463,1601.780819180819,540.0,298.0,270.0,365
CWB,51551.00000000019,25781.999999999847,25768.999999999873,7580833.99999998,3792103.000000009,3788731.0000000037,7331705.99999997,3667599.0000000075,3664107.0000000056,249127.99999999994,124504.00000000003,124623.99999999993,14.842564853447207,9.47524710583534,8.45,2317.9807188889545,1443.0799927724156,1298.1838414318963,2317.9807188889545,1443.0799927724156,1292.7668997668998,323.73968253968246,203.82857142857154,208.01025641025637,365
ABQ,56711.999999999694,28355.999999999767,28356.000000000047,7131621.999999965,3565754.0000000447,3565867.99999999,7131621.999999965,3565754.0000000447,3565867.99999999,0.0,0.0,0.0,18.182484662651316,11.193904918610802,10.34167996338175,2339.9401107399417,1559.4165142374118,1373.0681285862802,2339.9401107399417,1559.4165142374118,1373.0681285862802,0.0,0.0,0.0,365
IKA,29961.000000000244,14989.999999999867,14971.000000000038,6487148.999999991,3244250.999999964,3242897.999999973,0.0,0.0,0.0,6487148.999999991,3244250.999999964,3242897.999999973,8.511904761904763,5.217307692307693,5.223089037605167,1936.595238095238,1230.572435897436,1306.875,0.0,0.0,0.0,1936.595238095238,1230.572435897436,1306.875,365
DLM,30245.000000000175,15106.999999999953,15138.000000000065,5936199.000000018,2965487.999999998,2970711.000000003,2220671.0000000056,1109642.9999999986,1111027.9999999998,3715528.000000018,1855845.0000000007,1859683.000000005,17.534399424105303,9.457753357753356,10.407051282051283,3584.098404068225,1931.1946565795672,2098.0578754578755,1100.3511757060146,705.2179848228235,616.2492020341125,2973.266666666667,1581.25,1698.8,365
DVO,28920.999999999927,14381.000000000044,14540.00000000001,5480006.9999999795,2719885.0000000047,2760121.9999999986,5164295.0,2581841.0000000102,2582453.999999997,315712.000000001,138044.00000000003,177668.00000000026,10.041666666666668,6.200288600288601,5.565674603174603,2016.4897435897435,1403.9650793650794,1101.1298701298701,1896.0897435897436,1337.3035714285716,1067.8,360.00000000000006,274.4761904761905,273.0,365
MBJ,28655.000000000167,14325.000000000022,14330.000000000082,5219940.000000046,2606766.000000006,2613173.9999999697,4300.000000000003,2250.0000000000005,2049.999999999999,5215640.000000056,2604516.0000000084,2611123.999999969,20.721804251843025,12.515046646116257,12.49125209775115,3788.9571428571426,2270.0097049903497,2256.3517595623857,50.0,30.34188034188034,31.25,3788.9571428571426,2270.0097049903497,2256.3517595623857,365
BTH,28922.999999999985,14679.999999999894,14242.99999999997,5308817.999999987,2694561.000000011,2614257.000000007,5128141.999999996,2604005.0000000144,2524137.00000001,180675.99999999974,90556.00000000013,90119.99999999987,11.662927350427351,6.185347985347985,6.818681318681318,2143.333333333333,1130.75,1297.0,2143.333333333333,1130.75,1277.0,330.4615384615384,246.0,246.00000000000006,365
CUZ,33351.00000000032,16665.000000000015,16686.000000000015,5762707.999999942,2879491.9999999893,2883216.00000001,5428461.999999964,2712319.9999999874,2716142.0000000084,334246.00000000134,167171.99999999916,167074.00000000012,10.59847995142113,6.300021382089692,5.515227827167523,1837.1101229573715,1065.640072597409,967.6073403720463,1656.2212340684828,913.7236413175692,967.6073403720463,356.0,245.76923076923072,201.06666666666666,365
AHB,32852.99999999967,16425.99999999977,16426.999999999796,6064078.999999961,3032165.0000000307,3031913.999999989,5464161.99999995,2732238.0000000363,2731924.0000000154,599917.0000000019,299927.00000000023,299990.00000000047,9.140774258421317,5.212501507237915,6.099906629318394,1739.6126912303382,1097.4792406623526,1010.7816377171215,1546.2443438914029,923.3484162895927,860.7625041625042,362.5833333333333,209.9886877828054,342.04761904761904,365
GOX,34953.9999999997,17476.000000000062,17478.000000000033,6083444.000000021,3041417.9999999916,3042025.9999999874,5658871.999999999,2829611.9999999846,2829259.999999991,424572.00000000105,211805.99999999956,212766.0000000002,11.977777777777778,7.136363636363637,7.016666666666667,2383.857142857143,1463.0,1282.8,2032.6,1207.0,1215.3333333333333,594.2666666666668,338.6666666666667,332.0,365
WLG,69400.00000000074,34709.00000000021,34691.00000000005,6408948.999999983,3204642.0000000107,3204306.9999999995,5404499.999999978,2702616.000000004,2701884.000000014,1004449.0000000012,502026.0000000023,502423.00000000076,22.084068088773968,11.991452991452991,12.800595238095239,1886.2996300774864,1196.6331693881566,1238.2156066156065,1881.8695128390168,1135.8331693881566,1203.8866375790712,901.0,732.5664335664335,692.4932126696833,365
BUF,52321.99999999945,26160.00000000021,26161.999999999985,6406136.000000003,3202934.9999999697,3203201.0000000037,6406136.000000003,3202934.9999999697,3203201.0000000037,0.0,0.0,0.0,14.812743813218198,9.570833333333335,14.088058552242614,2046.8760238454356,1313.039569609408,2008.1011676768676,2046.8760238454356,1313.039569609408,2008.1011676768676,0.0,0.0,0.0,365
CZX,39863.99999999991,19932.000000000127,19931.999999999975,6428501.000000051,3214367.999999997,3214133.0000000144,6282255.00000005,3141244.9999999944,3141010.0000000126,146245.9999999995,73123.00000000006,73123.00000000007,12.879761904761905,8.095815295815298,8.353341103341103,2057.4437118437118,1307.4,1312.3809523809523,2055.25082972583,1275.2217032967033,1310.0844155844156,360.00000000000006,193.5,193.5,365
PNH,30806.999999999935,15392.0,15414.999999999982,5517978.000000009,2757155.0000000065,2760822.9999999967,147379.99999999988,74792.0,72588.00000000003,5370598.000000009,2682363.0000000065,2688234.999999997,13.033526196026195,7.69871794871795,7.277777777777778,2477.26418026418,1546.6010545010545,1392.4804195804197,257.2796536796536,221.84615384615384,193.6,2423.5411338661343,1459.039072039072,1354.392857142857,258
SRQ,37017.99999999998,18508.999999999975,18509.00000000008,5832770.000000041,2916354.000000005,2916415.999999996,5805486.000000039,2902712.00000001,2902773.999999995,27284.000000000015,13642.000000000007,13642.000000000007,15.02325354384178,8.82843321552999,8.588422802687509,2322.5375,1348.792573318751,1343.9218270944739,2272.6875,1348.792573318751,1305.3536036512508,176.58333333333337,161.73333333333335,161.73333333333323,365
CNS,46096.99999999993,22964.99999999979,23131.999999999764,5917711.000000061,2953682.9999999967,2964028.0000000126,5054200.00000001,2522449.0000000102,2531751.0000000065,863510.999999995,431233.9999999996,432276.9999999999,17.872224507518624,11.341078855784737,10.031278743991345,2432.5125389643035,1479.9404761904761,1643.2278561733162,1939.7911394600198,1479.9404761904761,1643.2278561733162,840.0717338217339,484.5,616.9903846153848,365
NAS,58956.0000000004,29290.00000000002,29666.00000000003,5593052.999999995,2787096.9999999995,2805955.999999981,1251017.9999999981,616183.9999999955,634833.9999999986,4342035.000000012,2170913.0000000186,2171121.9999999865,21.98903222381483,12.327524994507916,12.863819334787078,2596.5176068376068,1630.9995674786946,1449.6665661648758,607.9444444444445,432.604266974807,326.5726495726496,2536.5176068376068,1531.4611059402332,1377.6113782586435,365
YWG,41778.00000000003,20897.999999999935,20879.999999999935,5303677.000000002,2652902.999999993,2650773.9999999935,4553801.000000002,2276549.9999999935,2277250.9999999916,749876.0,376353.00000000105,373522.99999999814,12.398717948717948,8.82689142153089,8.437237717479654,1675.4858935867,1150.872644708233,1031.2595959595958,1574.4312006505997,1003.2430425993995,953.0285517453821,667.8398826979472,470.375,520.7243589743591,365
PVD,42027.00000000014,21015.00000000009,21011.999999999945,5462713.99999998,2731711.0000000005,2731002.9999999874,5343745.99999997,2672227.000000004,2671518.999999992,118967.99999999967,59484.000000000015,59484.000000000015,13.454244366744367,12.326623174102318,12.139712652541625,1826.1125688216994,1663.5947269263577,1704.6250360785466,1721.977253928867,1580.2495298818828,1529.3467659615667,181.03686635944723,177.21538461538512,177.21538461538466,365
LBA,32214.000000000102,16107.000000000025,16107.000000000058,5226263.000000006,2613119.0000000065,2613143.999999998,253516.00000000052,126758.00000000012,126758.00000000009,4972746.999999996,2486361.0000000135,2486386.0000000005,16.015873015873016,9.19047619047619,10.443850267379679,2704.2070112893643,1550.4517130835502,1763.2673796791444,453.81818181818187,241.13782991202348,237.86013986013987,2636.833584715938,1477.375,1763.2673796791444,365
RNO,47362.99999999986,23691.000000000317,23672.000000000106,6355596.000000004,3178208.0000000047,3177387.9999999916,6257631.999999989,3129226.000000003,3128405.999999994,97964.00000000006,48981.9999999999,48981.9999999999,15.314285714285713,8.690366682302166,9.653947071604115,1949.7640137640137,1207.4648110059873,1511.0205582005242,1949.4082011178784,1207.4648110059873,1511.0205582005242,214.34285714285716,186.00000000000006,186.0000000000001,365
SAV,46692.99999999982,23347.000000000106,23345.99999999993,5427656.000000016,2713943.0,2713712.999999985,5427656.000000016,2713943.0,2713712.999999985,0.0,0.0,0.0,15.359432728990566,9.77991414758183,8.328017766547177,1825.6694564155787,1204.7817176287765,1030.67817755721,1825.6694564155787,1204.7817176287765,1030.67817755721,0.0,0.0,0.0,365
NTG,34559.000000000095,17281.000000000015,17278.00000000004,5601599.000000008,2800620.999999996,2800977.9999999763,5460971.0,2730306.999999989,2730663.9999999814,140628.00000000032,70314.00000000001,70313.99999999999,15.385371572871573,7.75793650793651,7.983760683760684,2542.997113997114,1258.6916666666668,1315.8333333333335,2542.997113997114,1258.6916666666668,1315.8333333333335,189.56083916083918,189.0,189.0,365
SDF,54115.00000000028,27057.000000000182,27057.999999999844,6009947.999999983,3004992.9999999898,3004955.000000016,6009947.999999983,3004992.9999999898,3004955.000000016,0.0,0.0,0.0,15.711319758672698,9.969261620732208,11.345881432801045,1753.4041897644838,1217.6387333702944,1399.8507936507935,1753.4041897644838,1217.6387333702944,1399.8507936507935,0.0,0.0,0.0,365
FNC,32945.99999999998,16468.000000000015,16478.000000000142,5871705.0,2935006.0000000154,2936699.0000000037,2562242.9999999893,1279678.0000000007,1282564.9999999988,3309461.9999999925,1655327.9999999905,1654134.0000000028,12.061363636363637,6.844444444444444,6.866666666666666,2282.877828054299,1251.0947496947497,1240.2,1251.4037518037517,786.2666666666667,745.4724628312863,2013.25,1077.2,1128.75,365
GYE,33786.999999999905,16721.000000000116,17066.000000000127,5566760.000000034,2733369.000000006,2833391.0000000107,2811648.000000007,1406092.9999999912,1405554.9999999974,2755112.000000001,1327276.0000000005,1427835.999999998,10.4281352739607,6.035330029447676,5.939758112433635,1681.9291726616207,996.0,1100.6282266752855,1120.0,640.0,644.8,1062.6302521008402,629.9654557207498,700.6711197299433,365
TRD,47289.00000000002,23644.999999999978,23644.000000000324,5211650.999999936,2605855.0000000014,2605795.9999999967,4310026.999999949,2153959.0000000005,2156067.9999999977,901623.9999999992,451896.0000000008,449727.99999999907,17.761316706169648,11.093948012771541,10.997916462622342,2048.795109465698,1187.1452364628838,1164.8772946859904,1890.5978243978243,1050.7522893772893,1072.7150738150738,679.4588381258211,464.2285714285714,333.1543502249384,365
MEM,53840.00000000031,26919.99999999985,26920.000000000087,6442467.999999929,3221244.9999999925,3221223.0000000084,6438639.999999927,3219330.9999999925,3219309.000000009,3827.999999999999,1914.0000000000002,1914.0,16.832936030516674,9.978202353202352,12.963263403263404,1919.2293785299667,1223.719565837213,1552.5502170540121,1919.2293785299667,1223.719565837213,1541.8842844974145,0.0,0.0,0.0,365
CAG,33691.00000000037,16844.000000000007,16847.000000000127,6238114.999999914,3118440.0000000177,3119675.00000002,4663992.999999984,2332379.9999999935,2331613.0000000084,1574122.0000000037,786059.9999999994,788061.999999997,12.997247850189027,7.1878787878787875,6.986352357320099,2372.845716306446,1312.5471568120863,1238.6,1669.75,945.0,969.4444444444445,1149.0,762.9999999999999,666.7551695616213,365
FLN,34423.99999999987,17226.99999999986,17196.999999999935,6100463.999999988,3052706.999999981,3047757.000000003,4619506.000000022,2310087.0000000005,2309419.000000007,1480958.000000003,742620.0000000014,738338.0000000058,9.915621117234021,6.908333333333333,6.413854250324839,1792.3641636141638,1240.5769585253454,1110.3653846153848,1398.560287979643,1148.5333333333333,1004.0030670509744,847.825,584.4393162393162,544.3415258576549,365
GEG,43970.000000000124,21985.000000000102,21985.00000000014,5276454.00000001,2638248.0000000102,2638205.9999999967,5276454.00000001,2638248.0000000102,2638205.9999999967,0.0,0.0,0.0,13.170315795315798,9.40126651126651,9.80790151025445,1813.1411392915186,1393.739311897253,1319.6510379816264,1813.1411392915186,1393.739311897253,1319.6510379816264,0.0,0.0,0.0,365
TRN,34078.00000000006,17040.000000000015,17037.999999999996,5724290.999999992,2862301.9999999977,2861988.9999999925,2730205.0000000037,1364966.9999999995,1365237.9999999995,2994085.9999999925,1497335.0000000035,1496750.9999999958,11.96688034188034,7.931623931623932,7.519942086165995,2155.1548150773956,1374.5454545454545,1134.0,1173.4722222222222,773.7692307692307,779.0,1653.3512544802866,929.2323232323232,926.4672364672365,365
KHG,42105.999999999956,21045.000000000044,21061.00000000004,6288474.999999983,3133106.9999999967,3155367.9999999898,6265429.999999979,3121642.9999999977,3143786.9999999916,23045.000000000004,11464.0,11581.000000000002,12.954112554112555,8.65010545010545,8.302231102231103,2151.2189393939393,1452.752958152958,1439.6865079365082,2151.2189393939393,1452.752958152958,1439.6865079365082,177.0,177.0,176.00000000000006,365
ZAG,44740.99999999988,22367.999999999785,22372.99999999999,6208937.000000026,3104197.999999964,3104739.0000000224,774720.999999999,388422.99999999953,386298.00000000134,5434215.999999999,2715774.9999999823,2718441.000000017,16.524204553616315,8.820342224518425,8.881880341880342,2230.461516261516,1158.2476282950336,1239.6926792568077,712.031746031746,432.80691073632244,428.8042735042735,1798.3452436452435,1085.9425985778928,1204.2968828557066,365
IDR,33809.99999999956,16911.999999999825,16897.999999999927,5466946.000000007,2733903.999999999,2733042.000000008,5383326.000000011,2692186.000000004,2691140.000000003,83620.00000000035,41717.99999999994,41902.00000000014,11.745299145299146,7.733333333333333,6.051282051282051,1879.8974358974358,1202.6666666666665,924.8666666666667,1784.4,1160.731623931624,924.8666666666667,213.77777777777771,184.0,184.0,365
LGB,33448.000000000044,16724.000000000142,16723.99999999998,5277380.000000018,2638654.999999989,2638725.000000033,5277380.000000018,2638654.999999989,2638725.000000033,0.0,0.0,0.0,11.643018745959923,7.0713399503722085,7.334869684624243,1933.2159694525424,1212.7916666666665,1168.4533292794163,1933.2159694525424,1212.7916666666665,1168.4533292794163,0.0,0.0,0.0,365
PAT,30261.99999999983,15130.999999999884,15130.99999999984,5333133.999999976,2666567.000000004,2666567.0000000037,5333133.999999976,2666567.000000004,2666567.0000000037,0.0,0.0,0.0,9.553321678321678,5.339285714285714,5.254166666666667,1753.7076923076925,951.302564102564,910.7868131868132,1753.7076923076925,951.302564102564,910.7868131868132,0.0,0.0,0.0,365
ABV,52804.0,26337.00000000018,26466.999999999836,6366059.999999986,3182430.999999964,3183628.99999999,4948692.000000017,2468289.999999981,2480401.999999981,1417367.9999999946,714141.0000000047,703227.0000000012,23.1056897351015,15.563095238095238,16.044841464373466,2583.369317610494,1710.2690016908934,1855.7843991134314,2403.1203226810435,1595.477054313652,1722.4686259976581,789.7578536791059,546.7568172568172,772.6092028886146,365
BBI,39510.000000000175,19752.99999999996,19756.999999999876,6329560.000000004,3164414.9999999795,3165145.0,6161662.000000017,3080372.9999999837,3081289.0000000014,167898.0,84042.0,83856.0,11.1,6.505876068376068,6.300699300699301,1826.0,1139.6,1102.8,1770.977466977467,1139.6,1048.7132867132868,371.99999999999994,186.0,186.00000000000006,365
COV,32171.999999999676,16085.999999999869,16086.000000000013,6075002.999999974,3037394.9999999846,3037607.9999999995,4627305.999999996,2313795.9999999693,2313510.0000000093,1447697.0000000037,723599.0000000009,724098.000000002,10.666207224148401,6.354166666666667,6.000000000000001,2073.4207983193273,1210.2002430249488,1238.412513388856,1981.7530085274202,1165.4807692307693,1151.7847328289783,718.1999999999999,622.2426470588236,567.0,365
RIC,55202.99999999983,27602.99999999983,27599.99999999962,6325755.999999967,3162872.9999999953,3162882.999999991,6316707.999999969,3158348.9999999963,3158358.999999991,9048.000000000007,4523.999999999997,4524.000000000002,17.13859735036206,11.671729904082847,16.928993828362692,1902.6551529516234,1445.6761904761906,1875.003825780092,1902.6551529516234,1445.6761904761906,1875.003825780092,78.0,78.0,78.0,365
OKC,50852.00000000013,25427.00000000005,25425.000000000146,5824424.999999958,2912303.999999991,2912120.9999999953,5821600.999999956,2910891.999999991,2910708.9999999963,2823.999999999999,1411.9999999999995,1411.9999999999995,14.872122126239773,10.586250350956233,10.526054877350369,1871.1591232506294,1264.8645141133375,1302.0564464754507,1871.1591232506294,1264.8645141133375,1302.0564464754507,0.0,0.0,0.0,365
TRV,30035.999999999825,15018.999999999887,15016.999999999893,5503947.999999974,2752269.9999999884,2751678.0,2751617.0000000116,1375776.0000000068,1375841.000000004,2752330.999999986,1376494.0000000014,1375837.0000000035,11.14017094017094,6.511111111111111,6.4693015318015314,2141.75,1164.7735042735044,1166.7089160839162,1660.0,830.0,845.6666666666666,1276.1090909090908,773.3333333333334,794.2788461538462,365
BJV,22386.000000000076,11188.00000000003,11197.999999999938,4310586.000000006,2154017.0000000237,2156569.0000000247,2880299.0000000377,1440345.0000000002,1439954.0000000068,1430287.0000000063,713672.0000000013,716615.000000003,11.41371049084934,7.6221091000502765,7.097222222222222,2175.254251167344,1403.9796380090495,1356.3287007110537,1539.452380952381,910.2651317177965,807.6666666666666,1406.9333333333334,930.0444444444445,954.0,365
FLR,36801.99999999994,18400.999999999753,18401.00000000004,4806363.000000033,2403141.0000000075,2403222.0000000363,640437.9999999987,320223.0000000005,320214.9999999998,4165925.000000051,2082917.9999999958,2083006.999999983,13.077510202216084,8.080073191573891,7.939556799386846,1741.8407760540113,1110.7948717948718,1094.0607541478132,453.28421052631575,308.25,294.0,1665.000505867827,1001.816072816073,1010.334852324828,365
SVG,38928.00000000003,19466.999999999913,19460.999999999978,5089465.0000000065,2545112.000000004,2544352.99999999,3208484.0000000093,1605133.999999989,1603349.999999995,1880981.0000000023,939977.9999999941,941003.0000000014,13.70899713821915,7.691279763162837,8.330269338504632,1674.2503617682478,956.656085744321,1057.8457976010918,1353.3139736080911,686.4509268509269,700.9386482798246,895.079772079772,589.8732193732194,600.4722222222223,365
MID,25080.0000000001,12540.999999999996,12539.000000000033,4643767.000000032,2321827.0000000037,2321939.999999998,4151117.0,2075492.9999999902,2075624.0000000005,492650.00000000023,246334.0000000002,246316.0000000023,8.354228682976311,5.460885148823438,5.201139601139601,1489.8333333333335,970.0,1043.4774744968292,1424.5398601398601,924.7333333333333,1025.303095238095,660.2531017369727,460.0,480.0,365
CFU,25802.999999999924,12892.999999999976,12909.999999999947,4627172.000000021,2312123.0,2315049.0000000405,519111.99999999616,259736.00000000003,259376.00000000012,4108059.9999999898,2052386.9999999963,2055673.0000000116,13.216770888210517,7.0,7.485983134512547,2520.0,1338.0,1352.6,648.5800150829563,314.6774193548387,434.68642533936656,2425.5,1304.25,1325.0,365
KTW,23076.9999999999,11539.999999999947,11537.000000000047,4315277.9999999665,2158408.000000005,2156869.999999991,199117.99999999988,99541.99999999993,99575.99999999967,4116159.999999952,2058866.0000000163,2057294.0000000047,8.815384615384614,5.0,7.88525641025641,1628.9423076923076,1044.0,1546.0,195.53504273504274,135.6,135.6,1579.893808068381,1044.0,1546.0,365
YTY,32237.99999999995,16119.999999999955,16118.00000000005,5271658.999999983,2635815.999999995,2635842.999999997,5191498.999999973,2595735.999999997,2595763.0,80160.00000000003,40079.999999999985,40079.99999999997,10.175457875457877,6.457967032967033,6.394560994560995,1654.7666666666667,1097.1873015873016,1028.6551282051282,1619.8090909090909,1097.1873015873016,1028.6551282051282,200.57142857142856,186.0,186.0,365
ELP,38630.99999999993,19316.00000000002,19315.00000000006,5129151.999999998,2564585.999999987,2564566.0000000126,5129151.999999998,2564585.999999987,2564566.0000000126,0.0,0.0,0.0,12.615766981279315,7.991250416250416,8.029761904761905,1657.47311827957,1103.1649948254437,1166.9312115831378,1657.47311827957,1103.1649948254437,1166.9312115831378,0.0,0.0,0.0,365
BEL,29660.000000000022,14833.999999999922,14826.000000000158,4985185.000000034,2492618.0000000005,2492566.99999997,4728712.000000027,2365493.0000000116,2363218.9999999856,256472.99999999936,127125.00000000015,129347.99999999994,10.567438316159544,7.5720439691027925,6.938468720821663,1804.4324146441795,1340.7508844097079,1248.125,1744.7410785137458,1340.7508844097079,1248.125,318.0,213.75,243.0,365
DAR,56382.99999999974,27977.999999999967,28405.00000000013,4521654.999999978,2202158.000000027,2319496.9999999907,2036655.9999999886,1053797.9999999998,982857.9999999986,2484999.0000000033,1148359.9999999965,1336638.9999999865,16.578554360812426,10.531045751633986,10.613675213675215,1364.4017786401487,934.4469582704877,995.815982404692,749.1011166253102,494.7606837606838,524.2004526845703,1090.4711538461538,853.1650068098285,747.0307692307692,365
PRN,19770.000000000073,9814.999999999965,9955.000000000082,3668906.999999975,1822503.999999996,1846403.0000000019,0.0,0.0,0.0,3668906.999999975,1822503.999999996,1846403.0000000019,8.0,4.990031635031636,4.934525605113841,1484.6,958.5552612051663,884.0093582887702,0.0,0.0,0.0,1484.6,958.5552612051663,884.0093582887702,365
TUS,41279.99999999972,20640.0000000002,20639.999999999993,4954613.999999982,2477280.999999995,2477332.9999999953,4954613.999999982,2477280.999999995,2477332.9999999953,0.0,0.0,0.0,15.590749462962975,8.787698412698411,9.103296515580546,1813.7565854317013,1034.4559741333933,1204.0031635031637,1813.7565854317013,1034.4559741333933,1204.0031635031637,0.0,0.0,0.0,365
UFA,29326.000000000146,14611.99999999996,14713.999999999944,4389730.99999999,2188502.000000008,2201229.0000000037,3485384.000000002,1736910.0000000014,1748473.9999999958,904346.99999999,451592.00000000093,452755.0000000023,8.981070889894418,5.997023809523809,5.910589900295783,1490.2184364654954,952.127432341177,1018.6,1229.0,713.9087305609045,1000.9583925878044,740.8666666666666,610.6650641025641,381.66544566544565,365
IXC,27078.00000000001,13551.999999999956,13525.999999999905,4878584.000000012,2440280.0,2438304.000000012,4678632.0,2340304.000000006,2338328.0000000237,199952.00000000015,99976.00000000007,99976.00000000023,9.1875,6.0,5.182905982905983,1692.875,1024.0,1022.0,1526.1471861471864,907.8,844.9333333333333,411.8571428571428,232.0,232.0,365
KMJ,30319.000000000167,15159.999999999949,15158.999999999878,4835242.999999964,2417426.999999982,2417815.9999999795,4021480.9999999814,2010754.9999999988,2010726.0000000177,813761.9999999974,406671.9999999998,407090.00000000047,11.17878787878788,5.654545454545454,6.228146853146853,1883.0923076923077,1051.8270562770563,946.7428571428571,1599.9076923076923,890.5515734265734,815.4431818181818,644.0,455.00000000000006,455.0,365
CCS,35944.000000000306,17702.00000000005,18241.99999999997,4871314.000000015,2383071.000000014,2488243.0000000065,3166858.9999999846,1565256.0000000075,1601602.9999999886,1704455.0000000207,817814.9999999962,886639.9999999986,12.846153846153847,8.17375241246209,8.097680097680099,1929.8142374105678,1286.780111040832,1209.6666666666667,1355.4224598930482,870.0,987.4280193236715,945.8872549019607,708.3961827646039,751.0,365
GRR,42439.999999999534,21221.999999999924,21218.000000000073,5249232.999999987,2624725.99999999,2624506.99999999,5249232.999999987,2624725.99999999,2624506.99999999,0.0,0.0,0.0,12.905136800287778,10.442958152958152,10.318592171058965,1517.9047581176994,1259.4553324460346,1330.105967529035,1517.9047581176994,1259.4553324460346,1330.105967529035,0.0,0.0,0.0,365
WRO,27211.00000000011,13606.000000000031,13605.000000000087,4408370.000000014,2204516.999999999,2203852.9999999953,418327.9999999997,209183.99999999956,209143.9999999999,3990041.999999987,1995332.999999996,1994709.0000000033,11.687673289503953,6.694444444444445,7.022222222222222,1895.4748973883986,1087.0444444444443,1159.3846153846152,288.0,260.3376068376068,204.2,1744.0,1008.8,1159.3846153846152,335
MYR,34225.00000000013,17111.999999999956,17113.000000000007,4726275.000000015,2363094.000000018,2363180.999999994,4726275.000000015,2363094.000000018,2363180.999999994,0.0,0.0,0.0,15.512514891477025,8.540000000000001,8.61365843133024,2247.4978354978352,1253.9,1212.568356374808,2247.4978354978352,1253.9,1212.568356374808,0.0,0.0,0.0,365
VNO,33803.00000000015,16895.000000000015,16908.000000000116,5179236.000000046,2587471.0000000005,2591764.999999984,0.0,0.0,0.0,5179236.000000046,2587471.0000000005,2591764.999999984,10.833333333333332,7.4222222222222225,6.885787151916185,1764.6,1180.7372251931076,1112.5242584213174,0.0,0.0,0.0,1764.6,1180.7372251931076,1112.5242584213174,365
VNS,27892.999999999807,13939.99999999995,13952.99999999992,5138176.00000001,2567898.0000000065,2570278.0000000047,4968466.000000015,2483043.0000000065,2485423.000000004,169710.00000000006,84855.00000000006,84855.00000000007,10.243589743589745,6.0,4.984615384615385,1974.974358974359,1107.2384615384617,899.3333333333334,1912.8444444444444,1084.3777777777777,878.3809523809523,220.875,202.0961538461538,197.625,365
YIA,29597.00000000008,15430.99999999993,14165.999999999984,5395243.000000002,2809156.000000001,2586087.0000000005,4944683.000000012,2583786.0000000084,2360897.000000005,450560.0000000009,225370.00000000015,225190.00000000044,11.074526862026863,7.177777777777777,6.003174603174603,2046.857142857143,1315.0,1083.6666666666667,2007.3141025641025,1308.2483516483517,996.0,559.0,318.24285714285713,365.4665334665335,365
ACC,41334.00000000018,20648.999999999905,20685.000000000167,5171293.000000031,2585313.9999999856,2585978.9999999953,1032817.9999999959,515555.9999999987,517262.00000000035,4138474.9999999977,2069757.9999999944,2068716.9999999953,11.926664780230146,8.022839905192846,8.692307692307693,1622.6904761904761,1160.8444444444444,1565.6890344949168,474.1010558069381,278.0,328.0,1565.6890344949168,967.2387340517776,1565.6890344949168,365
JHB,28207.00000000031,14103.999999999955,14103.00000000005,4805832.000000023,2402982.000000009,2402849.999999998,3968032.000000024,1984613.0000000112,1983419.0000000026,837799.9999999978,418368.9999999998,419431.0000000003,12.535714285714285,6.114285714285714,6.823214285714285,2021.7857142857142,1044.7406593406592,1124.7673326673328,1661.7857142857142,844.8307692307692,930.6730769230769,882.0,360.00000000000006,629.0,365
XUZ,32170.999999999833,16085.999999999936,16085.000000000027,5250656.999999994,2625672.9999999953,2624983.999999995,5236820.9999999935,2618754.9999999953,2618065.999999995,13835.999999999998,6917.999999999999,6917.999999999999,12.11834276834277,7.558012820512821,7.719094794094794,1923.1302808302808,1179.4024531024531,1290.7494366744368,1919.795385170385,1179.4024531024531,1290.7494366744368,186.0,112.20000000000005,112.20000000000005,365
CJJ,26789.000000000342,13390.999999999916,13397.999999999904,4829289.000000035,2414016.000000001,2415273.0000000023,2491051.9999999986,1245526.0000000019,1245525.999999999,2338237.000000006,1168489.9999999993,1169747.0000000037,7.317460317460317,5.12121212121212,5.02051282051282,1316.557142857143,921.25,878.7356643356643,1084.2156593406594,607.2363636363636,718.75,918.0,552.6000000000001,558.0,365
YHZ,41785.99999999994,20895.000000000073,20890.999999999833,5145212.000000019,2573286.9999999823,2571925.0000000014,4074717.000000001,2037591.9999999923,2037124.9999999984,1070495.000000001,535694.9999999981,534800.0000000015,14.275767980701566,8.748137973137974,8.24290848128609,1938.1204212454213,1233.345238095238,1035.5384615384614,1674.1071364909599,1091.2823852617971,875.5360120731937,665.9216783216783,520.8333333333333,461.67741935483866,365
SDJ,41148.00000000008,20578.000000000007,20570.00000000005,5033007.000000002,2517132.9999999907,2515873.999999998,4244683.999999989,2122584.999999998,2122098.9999999995,788323.0000000007,394547.9999999995,393774.99999999895,14.0,8.0,7.066666666666667,1822.0,1074.6,975.7763347763348,1386.9615384615386,719.625641025641,840.0,795.0,483.0,498.0,365
CCJ,26663.999999999905,13324.999999999978,13339.000000000002,4658058.0000000205,2327944.0000000023,2330114.00000001,1083956.9999999956,541524.000000001,542432.9999999995,3574101.0000000084,1786420.000000001,1787681.0000000044,9.20871212121212,5.953846153846154,5.968531468531469,1587.614880952381,1126.9285714285716,1106.2769230769231,986.7076923076924,606.4714285714285,597.0,1322.0,956.6958041958042,920.2769230769231,365
SPU,28605.99999999983,14325.00000000005,14281.000000000035,4570161.999999957,2288854.000000008,2281307.9999999925,343404.0000000002,170668.99999999974,172734.99999999988,4226758.000000018,2118185.0,2108572.999999999,13.119047619047619,7.2164224664224665,7.0,2347.166666666667,1323.3988095238096,1223.75,280.0,271.0411369676076,192.58333333333334,2319.2,1323.3988095238096,1223.75,365
LCY,48390.00000000011,24192.000000000007,24198.00000000009,5049819.999999997,2524592.000000023,2525228.000000017,1035446.0000000001,517669.9999999995,517776.0000000002,4014374.0000000168,2006921.999999992,2007452.0000000254,22.99809523809524,12.831178415617774,11.580973764797294,2303.3355102413925,1289.7912636383223,1167.103716544893,841.4,563.391304347826,406.3805377628907,1703.7766965061082,1039.9810479375697,925.1960784313724,365
MAH,30682.000000000444,15350.999999999985,15330.999999999985,4678768.9999999935,2342827.000000007,2335942.0000000237,2653600.0000000033,1325833.9999999858,1327765.9999999977,2025169.0000000016,1016993.0000000007,1008175.9999999995,14.785256410256409,8.02,8.668233055189576,2471.51746031746,1372.6,1426.75,1343.2087912087911,857.2811594202899,839.5277777777778,1825.6153846153845,956.25,1101.0,365
LIH,31458.000000000106,15728.999999999996,15728.99999999996,4810448.999999979,2405201.000000003,2405247.9999999884,4786436.999999981,2393195.0000000014,2393241.9999999893,24012.000000000004,12006.000000000002,12005.999999999998,10.511690396508069,6.84747245897316,6.8249857150277915,1679.2040257781434,1068.1162672452995,1146.8454901960783,1679.2040257781434,1068.1162672452995,1146.8454901960783,174.0,159.5,152.25,365
GYN,26591.00000000025,13288.000000000056,13303.000000000262,4576535.000000012,2287740.999999988,2288793.9999999953,4576535.000000012,2287740.999999988,2288793.9999999953,0.0,0.0,0.0,9.825495419613066,6.431666666666667,5.171561771561771,1611.3706636500756,1081.4220524573464,896.8267954267955,1611.3706636500756,1081.4220524573464,896.8267954267955,0.0,0.0,0.0,365
KZN,33091.000000000255,16556.000000000076,16535.00000000007,5111421.999999951,2557296.999999987,2554125.000000001,3311736.0000000116,1657597.0000000142,1654139.0000000065,1799686.0000000077,899699.9999999942,899985.9999999962,9.85944055944056,5.832045088566828,5.900854700854701,1670.0796037296038,1157.2598039215688,1091.909790136071,1137.3125763125763,781.4230769230769,722.6444444444445,1030.8235294117649,745.6923076923076,720.724705882353,365
UKB,30782.99999999982,15393.999999999993,15389.000000000084,5117766.000000015,2559300.9999999967,2558465.000000002,4642902.999999986,2322396.999999999,2320506.0000000023,474862.999999998,236904.0000000001,237958.99999999994,9.733333333333334,6.0,6.177777777777778,1471.5,1045.0,1152.0,1341.1384615384616,973.3426573426574,1152.0,391.48571428571427,370.0,370.0,365
NUE,29409.0000000001,14694.999999999927,14714.000000000076,4715291.000000024,2357631.000000034,2357659.999999968,463531.99999999744,231708.00000000073,231823.9999999988,4251759.000000053,2125923.0000000093,2125835.9999999925,9.830769230769231,6.78888888888889,6.6,1685.6308708327012,1189.5097023645412,991.6961233211234,336.0,180.9090909090909,262.0,1609.0123626373627,1095.1935483870968,875.2582920347625,365
OLB,27367.999999999884,13681.000000000095,13687.00000000015,4910131.000000027,2454103.999999983,2456026.999999984,2694836.9999999665,1347260.9999999986,1347575.9999999874,2215293.9999999893,1106842.999999999,1108450.999999996,14.997986369523371,8.0,7.933333333333334,2648.0,1449.3272727272729,1429.7389955766535,1766.9801488833748,918.0,889.5,1596.8055555555554,926.6,904.3715651135005,365
KOA,32967.000000000015,16484.999999999814,16481.99999999991,5193134.000000003,2596557.000000004,2596576.9999999916,5119312.000000002,2559646.0000000065,2559666.000000002,73822.00000000019,36911.000000000044,36911.000000000015,11.203333874582121,6.549944549243287,6.681980241980241,1940.4283615129707,1097.8910710296404,1208.1576371657018,1939.0942681080255,1092.7006022651185,1208.1576371657018,189.80000000000007,174.0,174.0,365
MRU,21603.000000000393,10791.00000000002,10812.000000000018,4766550.999999976,2381153.999999995,2385396.999999999,337925.99999999895,168410.00000000064,169516.00000000012,4428624.999999967,2212743.999999991,2215880.999999988,9.434742412021514,4.580316742081449,5.310546350794029,2415.933702501653,1280.5362716136908,1544.7309427342634,177.47863247863248,115.80271493212669,118.75384615384615,2258.478052729476,1229.4461076860055,1544.7309427342634,365
YIH,28410.999999999978,14204.000000000033,14207.000000000064,4578012.999999998,2289120.0000000023,2288893.0000000033,4416597.000000006,2208388.0000000033,2208209.0000000023,161415.99999999994,80732.00000000035,80684.0000000003,17.006246531246532,10.104484404484404,7.654761904761905,2602.1858974358975,1604.4464646464646,1283.3972222222224,2602.1858974358975,1604.4464646464646,1283.3972222222224,253.58333333333337,220.0,199.28571428571428,365
EMA,20577.99999999999,10285.999999999975,10292.0,3817322.9999999944,1908034.000000002,1909288.9999999998,128089.99999999994,64078.99999999996,64011.000000000015,3689232.9999999893,1843955.0000000014,1845277.9999999963,10.0,6.0,7.972222222222222,1906.0,1158.0,1407.0,378.0,189.0,189.0,1731.4,1150.0,1366.6,365
