iata,a_m2,a_mA,a_mD,a_s2,a_sA,a_sD,a_d2,a_dA,a_dD,a_i2,a_iA,a_iD,p_m2,p_mA,p_mD,p_s2,p_sA,p_sD,p_d2,p_dA,p_dD,p_i2,p_iA,p_iD,ndays
HND,481212.9999999998,240455.000000001,240757.99999999933,110492888.99999985,55168528.00000013,55324361.00000022,81937656.99999987,40889467.99999992,41048189.000000045,28555232.00000003,14279060.000000034,14276171.999999972,102.99607614607615,52.911679986679985,59.084956709956714,23730.166092241096,13347.933985458985,13659.987246087248,19603.616355866357,11022.16260961261,13024.953058053057,7010.369687257187,4586.202564102564,4753.860722610722,365
LAS,415146.0000000027,207532.99999999933,207613.00000000015,68607103.99999966,34301397.99999969,34305705.99999999,64411562.00000009,32202886.999999862,32208674.999999855,4195542.0,2098511.000000002,2097030.9999999867,116.20356354501098,60.12771079072333,65.77477111124169,18824.29865890566,10066.778249239782,10864.22586687822,17771.22366486455,9864.611582573116,10643.461160995867,2063.6231295586135,1401.3115052964267,1661.8096818214472,365
SIN,354017.99999999825,176999.00000000058,177019.00000000058,84850123.0,42421556.00000009,42428566.99999985,0.0,0.0,0.0,84850123.0,42421556.00000009,42428566.99999985,64.30119047619048,35.96609779109779,36.563189588189594,15490.653174603176,9377.181862581863,9067.407142857142,0.0,0.0,0.0,15490.653174603176,9377.181862581863,9067.407142857142,365
JFK,432357.9999999979,216168.99999999892,216189.00000000017,77115699.00000016,38558089.0000003,38557609.99999976,33376069.999999803,16685686.999999983,16690383.000000054,43739629.000000104,21872402.00000005,21867227.00000014,93.3027956629351,53.29417536711654,55.89166666666668,16835.4551038504,10111.58177163753,9451.686968848146,9571.833589351825,4454.595685359628,5503.409312060488,10889.618657330502,6710.255561276834,6298.7684272461165,365
MAD,391901.9999999991,195970.0000000011,195932.0000000012,76788946.99999984,38393379.00000012,38395567.99999988,19112142.999999937,9553208.999999942,9558933.999999985,57676804.00000038,28840170.00000017,28836634.000000127,91.03946818890599,53.498807940425586,62.99188371114758,19093.459889652015,11551.715938538586,12614.111210532314,6342.878571428571,4471.445833333334,4605.43186429445,15479.61677262835,8644.67151442206,8673.400399616723,365
BCN,339033.99999999965,169503.9999999995,169529.99999999895,66252995.00000005,33124704.999999873,33128290.00000009,16437057.000000121,8219029.000000072,8218027.999999982,49815938.00000014,24905675.999999948,24910261.999999773,74.97599884127399,40.68153762750613,44.00491090608737,15168.70499774735,7792.1886257533315,8723.254661459783,4761.026824307145,2855.438694283088,3170.915071266141,13236.372871050518,6507.777951786776,7530.624328307281,365
SEA,416290.0000000013,208142.99999999852,208146.99999999878,62341075.99999986,31170621.00000008,31170454.99999973,53711569.00000024,26855964.000000153,26855604.999999966,8629506.999999994,4314656.999999992,4314849.999999947,108.52804674353916,65.4485099379807,64.81331570037503,17214.920134636606,10260.39806727464,10099.291654923985,16535.702184199254,9717.906526557295,8999.724519858746,3394.8001472383826,2123.8401615837784,2062.043284493285,365
DOH,252349.00000000183,126212.00000000074,126136.99999999904,65225337.000000104,32629834.000000007,32595502.999999993,0.0,0.0,0.0,65225337.000000104,32629834.000000007,32595502.999999993,64.50951362363128,61.238842437908104,64.00746592025581,18596.126477073314,18260.519639466478,18187.19846514005,0.0,0.0,0.0,18596.126477073314,18260.519639466478,18187.19846514005,365
BKK,349482.0000000001,174898.00000000035,174583.99999999945,76657353.00000024,38359369.00000008,38297984.00000004,14205956.000000037,7118748.999999973,7087206.999999996,62451396.999999866,31240619.999999966,31210776.99999996,69.52007437007437,39.30306499056499,37.643242868242865,14978.515096015095,8436.542904317905,8610.893315018313,3746.114041514041,2395.7111111111108,3343.4714285714285,12637.015096015095,7723.282639582639,7026.6695387945365,365
FCO,310577.0000000024,155237.99999999945,155339.00000000108,60384174.00000011,30182619.00000006,30201554.999999896,12964553.999999993,6483294.0000000205,6481259.999999998,47419619.999999896,23699324.999999925,23720295.000000037,79.88353332941568,55.00123818378023,54.928861670781956,15597.203563887095,9903.020217213458,10443.767046479552,4296.117874219392,3575.2657512391133,3705.829137781889,12922.661949801299,7361.966308128944,7305.86206795012,365
HKG,311426.9999999997,155762.99999999974,155663.9999999998,76682480.0000002,38321815.99999978,38360664.00000006,0.0,0.0,0.0,76682480.0000002,38321815.99999978,38360664.00000006,67.13333333333334,36.577505827505824,41.66517926517926,16450.239146964144,9406.502380952381,10933.591189366189,0.0,0.0,0.0,16450.239146964144,9406.502380952381,10933.591189366189,365
CGK,393952.0000000005,196452.99999999997,197498.99999999936,73728877.00000015,36766724.99999987,36962152.00000002,52225541.000000164,26021681.999999996,26203858.9999998,21503335.999999955,10745043.000000061,10758292.999999942,91.91222943722943,53.94674769674769,49.76724664224664,17562.295923520927,10131.618240093241,9466.64671994672,13291.667207792209,7823.580594405595,7466.232905982906,4934.564235764236,3320.6277555777547,3169.7857808857807,365
LAX,517293.99999999825,258730.99999999808,258563.0000000032,90081240.00000028,45063740.99999942,45017498.999999695,61464328.999999784,30736265.000000034,30728064.00000001,28616910.999999993,14327475.99999988,14289434.99999987,136.97765394062253,67.75587652530561,74.19502351631508,21962.882055060087,12008.20871619069,11843.357517781444,17279.328668135073,9183.12784161537,10243.164097243267,10190.946372469203,5061.9798366365285,7258.306380212689,365
ORD,818017.9999999963,408819.00000000227,409198.9999999992,100860025.99999963,50375818.999999925,50484207.0000001,83010149.99999961,41504444.99999977,41505704.9999998,17849876.000000168,8871373.999999814,8978501.99999989,252.54026478020722,138.3823785265641,122.22682565891307,31405.314053483187,16628.682242953968,15305.985813722662,26088.302172890664,13681.613599562017,13703.585590226767,7023.894691060568,4937.878582793372,4287.276262340086,365
PVG,514647.0000000014,257435.99999999913,257210.9999999989,100867897.0,50472612.99999997,50395283.999999896,55311832.000000075,27669472.00000009,27642359.99999992,45556064.99999999,22803141.00000011,22752923.99999997,97.48094683094683,56.62405927405928,63.974003774003776,19896.520276945277,11099.21585081585,12466.021428571428,12537.813464313465,8474.49902042402,9251.695238095239,10047.26858141858,7124.927564102563,7321.685714285713,365
SFO,377444.0000000028,188771.99999999936,188672.00000000128,64642804.99999962,32337868.999999586,32304936.00000004,45235965.99999997,22615604.999999873,22620361.00000014,19406838.99999999,9722263.99999997,9684574.999999925,100.9944661447029,62.71610958390265,60.519328775799366,16362.564850344042,10577.28138998676,9594.771207615917,13944.780527140363,8967.833055180114,7011.628590378184,6285.323533396115,3222.0,4960.928571428571,365
ATL,782068.9999999985,390961.00000000064,391108.0000000005,126131439.00000057,63045011.0000004,63086428.00000013,107826489.00000018,53914209.00000034,53912280.00000035,18304949.999999784,9130802.000000065,9174148.00000021,217.78434314678253,117.43340109470688,114.59156098803159,33443.32303787834,19267.266525560488,18120.45762577292,31057.799098175306,17938.195721771823,15360.600238715531,7118.425672987145,4958.601973353444,5043.74283355087,365
CAN,520574.00000000076,260309.99999999919,260263.9999999991,98902607.0000002,49450907.00000012,49451700.000000075,77813179.00000003,38898479.99999994,38914698.99999993,21089427.99999986,10552426.999999998,10537001.000000004,95.617982017982,67.37689671439672,64.68095238095238,18752.654567654565,12356.891325341327,12187.382700632701,16031.56704129204,11594.724658674659,11493.69761904762,5292.148717948718,3706.2300699300695,3835.7023809523807,365
ICN,366262.00000000093,183175.99999999942,183086.00000000035,85295448.00000033,42655974.99999979,42639472.99999993,0.0,0.0,0.0,85295448.00000033,42655974.99999979,42639472.99999993,74.37380952380951,46.941003441003446,54.13660783660784,18254.78856698857,13051.365545565546,13667.801565101567,0.0,0.0,0.0,18254.78856698857,13051.365545565546,13667.801565101567,365
KUL,389808.00000000064,194895.99999999962,194911.99999999985,77929448.0,38960215.0,38969232.99999994,21100935.999999925,10548686.99999995,10552249.000000041,56828512.00000004,28411527.999999963,28416983.99999973,85.46327977577977,49.07544955044954,58.5740897990898,17014.15677378177,9843.826361138861,12052.418967143967,5927.987021312021,3485.3307692307694,3783.883666333666,11912.526051726054,7530.022481684982,9210.850538350536,365
IST,505063.0000000015,252474.99999999744,252587.9999999999,101499294.00000106,50740979.99999961,50758314.00000036,20335770.000000127,10168209.000000011,10167561.000000093,81163523.99999984,40572771.00000017,40590753.000000134,116.25836620895446,74.21461401343754,79.29873825520883,24885.434395016746,14858.585722478381,16473.35681207681,6471.485892994946,5022.225619463781,5611.9886600877835,20995.184348461993,14211.81758717704,15774.588526114407,365
MCO,386488.9999999979,193225.9999999997,193263.00000000093,69551897.00000003,34772819.99999989,34779077.000000075,56297555.00000006,28144771.99999998,28152782.999999937,13254342.000000019,6628047.999999925,6626293.999999981,106.22351331674861,53.16072823086666,55.532102848887774,19165.922230481934,10203.519961427462,9875.49973183679,16383.028789870259,8242.859523809524,8879.1855725493,4518.817120229317,3599.33893739005,2605.4103902633324,365
PKX,346452.99999999965,173235.00000000017,173218.00000000015,63724684.99999991,31855547.000000037,31869138.000000022,56592867.00000004,28283334.999999978,28309532.000000037,7131818.000000044,3572211.999999999,3559605.9999999907,72.63531191031191,49.454761904761895,56.49420301920301,13411.505289155288,9046.602380952381,10288.175163725162,12967.0808968809,8860.602380952381,9989.510306360306,2433.0938228438235,1807.9236596736596,1854.6664335664336,365
TFU,386411.9999999998,193253.99999999997,193157.9999999993,66672358.99999997,33337118.99999992,33335240.00000008,58834546.00000013,29425838.999999873,29408707.00000003,7837812.999999902,3911280.0000000233,3926533.000000015,88.52142857142857,49.70853035853035,57.44523809523809,15063.533333333335,8652.920615495615,10318.923809523809,14128.761904761906,8042.2842518592515,10128.638095238093,3419.2307692307695,3383.2307692307695,2625.144047619048,365
CLT,525886.000000001,262940.00000000035,262945.9999999999,65733834.99999994,32867266.999999933,32866567.9999999,59586631.000000186,29793728.999999765,29792901.999999978,6147204.000000024,3073537.99999999,3073666.0000000168,136.62481141153486,100.62493599508035,103.49343528041655,16831.067642782735,12145.361605591723,12541.45464587831,14408.507305074038,11150.96518971225,10734.402310238782,3463.4548838258515,2188.368666323455,3463.4548838258515,365
DEL,457228.99999999756,228718.0,228511.00000000148,91118130.99999955,45587851.99999965,45530279.00000024,65559373.00000004,32795483.99999993,32763888.999999966,25558758.00000008,12792367.999999993,12766390.000000013,86.3069597069597,46.66154956154956,45.197721722721724,16525.2663003663,9397.094039294041,9136.94314019314,13399.30174825175,7387.710722610722,7259.011055611057,5676.279204129203,3241.5047619047605,3031.357264957265,365
PEK,434477.0000000008,217028.0000000006,217449.00000000047,90462703.00000015,45179661.99999989,45283041.000000134,68598673.0000001,34270402.0000001,34328271.00000007,21864029.999999933,10909260.000000013,10954770.000000015,81.45470917970918,56.22720057720058,60.98041958041957,17698.120634920633,11248.333596958599,13171.522594072594,14638.352777777778,10338.338492063493,10808.042926517926,6228.0513986013975,6228.0513986013975,4400.592424242424,365
CDG,434975.0000000011,217428.00000000102,217547.00000000044,85994876.9999996,42979322.99999998,43015553.99999979,7242709.000000027,3621475.999999993,3621232.999999996,78752167.9999993,39357846.999999896,39394321.00000043,112.83677970722087,67.3201026357271,65.96344008932246,23132.650362839777,12788.589382850598,14594.02270329937,2778.678265992816,1700.1960299737257,2208.4059523809524,21756.927849013733,12140.53642998482,14015.783852549306,365
DXB,446142.0000000002,223136.00000000096,223005.99999999994,124288916.00000052,62162639.00000052,62126276.99999989,4424.000000000001,0.0,4424.000000000001,124284492.00000031,62162639.00000052,62121852.99999988,68.27248426945472,40.11441714233357,46.59611893482861,22548.036506030337,15753.052929741516,17415.53822253016,107.03225806451613,0.0,107.03225806451613,22548.036506030337,15753.052929741516,17415.53822253016,365
LHR,481088.999999999,240556.00000000015,240533.00000000067,104160958.00000031,52084062.99999923,52076895.00000005,6287682.000000004,3143845.000000024,3143836.999999998,97873276.00000031,48940217.99999955,48933058.00000053,95.96201249730662,49.641207589387186,49.28028011204481,21192.88360894008,12972.020396081709,11286.167816497225,2265.5095238095237,1350.1623931623933,1224.2220941683015,20456.461386717856,12972.020396081709,10759.167816497225,365
BOM,324396.0000000024,162129.99999999913,162265.99999999898,64803674.99999962,32389081.99999996,32414592.99999957,44837712.99999973,22411857.99999993,22425854.99999987,19965961.999999844,9977224.000000013,9988737.999999946,49.12611000111001,32.790578865578865,37.25869408369408,9846.760902985903,6789.8044733044735,7646.939255189255,8040.216872016872,4892.945238095238,5695.806138306139,7738.814285714285,4405.631746031746,4052.2142857142853,365
DEN,679077.0000000012,339512.00000000023,339564.99999999825,98864785.99999845,49431753.999999985,49433031.999999814,92849618.99999903,46424772.00000001,46424846.99999994,6015167.000000034,3006982.0000000126,3008184.999999963,199.19284158519784,123.53620173536346,127.44156793826245,28503.68945813177,18404.629455511807,18538.522519702525,27925.380409916877,17701.86278884514,17592.151091131098,3875.269775646556,2621.624614356232,1905.5886863020096,365
FRA,426990.99999999884,213284.00000000084,213706.99999999852,80988664.99999979,40451001.00000031,40537663.99999987,8574166.0,4268091.000000009,4306074.999999984,72414498.99999954,36182910.00000008,36231589.0,109.55384841511574,61.21489064856712,61.42347782936018,20103.142924004103,11816.511894216896,13629.914581127852,3708.8433847198557,2155.9675102675105,1823.6946498372326,18227.75861968097,11004.730118213678,12964.586472843223,365
AMS,462345.0000000017,231176.00000000114,231169.0000000003,81764105.00000012,40880763.999999374,40883340.99999977,213.0,213.0,0.0,81763892.00000012,40880550.999999374,40883340.99999977,132.6152800725652,93.34123935323952,69.59862806794784,21418.212216360727,15813.950087271469,12331.81600686895,53.25,53.25,0.0,21418.212216360727,15813.950087271469,12331.81600686895,365
PHX,429508.99999999977,214759.00000000044,214749.9999999997,64056071.00000029,32029336.999999728,32026734.00000003,60536231.00000022,30268952.999999832,30267278.00000014,3519840.0000000354,1760384.0000000042,1759455.9999999946,130.16481484129574,75.47865107251708,83.31752764244482,19241.006870311394,10768.138166735225,12165.263820524216,17855.442011633633,10330.66637186343,10903.505413459357,1942.4375784388885,1247.5482142857145,1908.1149977937257,365
DFW,724068.9999999955,362030.9999999995,362037.99999999936,102407117.99999958,51203230.00000031,51203888.0000001,86681423.00000069,43341141.999999724,43340280.99999996,15725695.000000231,7862088.000000021,7863606.99999997,201.94217442688029,121.32175171233993,126.65900827715036,27559.83699032993,16467.99445900505,16379.775524920382,23129.479783223313,13574.448059783354,14220.82316703874,6225.314008222922,4083.944344999818,4510.302208836047,365
MIA,379554.0000000028,189754.99999999997,189798.99999999919,65451132.00000041,32721539.99999983,32729591.999999788,34888401.9999999,17444391.00000003,17444010.99999996,30562730.000000056,15277148.999999972,15285581.000000302,103.9928024422019,54.82842671729597,65.23798592058549,18627.319321350486,9341.984018165831,10437.449404761905,11235.684532516865,5653.436091113585,5952.7592030192645,11340.66867020982,7146.118542497668,8699.874907331314,365
JED,283148.0000000026,141193.00000000055,141954.99999999936,62056210.99999999,30900942.99999998,31155267.99999996,20220599.999999955,10126459.000000032,10094141.000000048,41835610.99999977,20774483.99999997,21061127.00000003,53.069834380568736,33.33286243773002,32.66785714285714,13451.35936285822,7857.968486902251,9557.730896790237,4169.833605581784,2747.6647343801046,2574.0417452018473,11127.515237424395,6281.019689460867,8369.524222614831,365
SZX,417099.9999999994,208543.9999999995,208555.99999999968,79334897.00000007,39657010.999999814,39677886.00000007,71105822.00000001,35540372.00000022,35565450.000000186,8229074.999999986,4116639.000000006,4112435.9999999707,77.55256965256964,48.584371184371186,52.624078699078694,15016.460914085916,9173.192857142858,9707.04314019314,13962.082678432678,9010.51525141525,9228.419871794873,2448.7124999999996,1880.7448717948719,1558.7070374070372,365
MNL,296574.9999999989,148297.9999999992,148276.99999999936,63886324.00000017,31942715.000000026,31943608.999999925,33527805.99999991,16762153.000000047,16765652.999999976,30358517.999999914,15180562.00000005,15177955.999999927,48.66428571428571,27.67048507048507,32.81686785436786,11504.476212676213,6426.262524975025,6823.7591144966145,7347.5706515706515,4143.53325008325,4799.368253968254,7418.753060828062,4491.466269841269,4591.541017316017,365
DMK,206309.0000000002,103157.99999999956,103151.00000000017,39743501.00000003,19872659.000000037,19870842.00000005,23645363.00000005,11823141.000000015,11822222.000000058,16098138.000000063,8049518.000000026,8048619.999999997,50.14682539682539,29.265873015873012,29.509126984126986,10310.714285714286,6131.857142857143,5751.557051282051,6466.594255744256,4008.3351925851925,3847.1916666666666,4960.6,2751.2738095238087,3093.6000000000004,365
SHA,284137.9999999994,142038.9999999986,142098.9999999999,59112828.0000002,29550394.000000056,29562434.00000003,55167185.00000032,27577587.00000006,27589597.999999978,3945643.000000012,1972806.9999999898,1972835.9999999972,60.49309856809857,40.840476190476195,39.48227605727605,12861.504156954157,8681.095238095237,8118.069486069486,11966.199657287158,7993.435053835054,7943.6908341658345,2054.9064102564093,1265.1428571428578,1282.752380952381,365
SYD,284821.9999999995,142432.00000000006,142390.00000000047,52409020.00000011,26215695.99999988,26193323.999999955,30664604.00000003,15343509.000000015,15321094.99999994,21744415.999999788,10872186.999999981,10872228.999999918,81.18760374754811,45.580982248825734,44.61966151495564,13979.074963198182,8447.437376823025,8395.238217653241,8647.698107290136,4365.924924590484,4600.327735010088,7760.721653118123,6414.501140297611,5508.657142857142,365
LGA,356747.00000000134,178367.00000000052,178379.99999999956,41438912.999999866,20719177.999999978,20719735.00000025,39303591.000000045,19651603.99999997,19651987.000000056,2135322.000000027,1067574.0000000084,1067748.000000002,85.02334361777042,44.75691418951094,51.41293646029011,10307.687271464241,5243.624534354534,6260.69637323354,9735.118252078375,5078.375763995983,5941.859639337885,882.8506160506163,454.8957819957823,490.92557638440076,365
YYZ,345606.000000002,172519.99999999904,173086.0000000008,56242794.00000023,28023374.999999817,28219418.999999736,20990846.999999784,10494931.999999972,10495915.000000082,35251947.000000246,17528443.00000006,17723503.99999981,83.05908013555073,47.83364596188125,52.6650191638427,14761.820121969533,8374.069030243058,8432.969047619048,6235.980243717408,3943.3290337113867,4539.908377896613,10537.101116767713,6348.518104559047,5531.965476190477,365
MEX,295572.00000000215,148442.00000000015,147129.9999999997,52198367.0000006,26273911.000000063,25924456.00000013,31485834.00000002,15747896.999999896,15737937.000000086,20712533.0000001,10526013.999999877,10186518.999999987,58.78539871857949,36.13025597385972,48.44826976944624,11256.78787628361,6852.742664066411,8456.423025210082,7810.532731973908,5042.258616546852,7090.03621202327,6244.143700527933,3500.0759964451936,3518.963105143412,365
ORY,219072.0000000007,109558.00000000009,109513.9999999998,42339514.99999969,21171948.999999914,21167566.0000001,7553084.999999973,3776383.9999999986,3776701.0000000014,34786430.00000005,17395564.999999896,17390865.000000186,63.89826643944291,39.359172862448155,35.12163466889975,11982.613122553195,7307.507101734025,6679.316091015109,3520.6370340443873,2518.006737812051,1824.187908496732,10138.118709734305,6797.740435067359,5781.23839235868,365
CPH,236772.00000000128,118417.00000000022,118355.00000000016,39420544.99999984,19715911.999999836,19704633.000000115,2133132.0000000126,1066392.0,1066740.0000000012,37287413.00000056,18649519.999999963,18637892.999999944,74.913440285205,42.03890310036277,52.724230671289504,11825.445026476791,6528.44211931859,7807.6928757517,1356.2441822883,1025.2165011459128,544.2319885996357,11212.454350486116,6212.746458873134,7409.108260367085,365
MEL,231177.00000000003,115446.99999999971,115730.00000000023,44412205.99999986,22185549.999999974,22226656.000000205,29383642.999999966,14674134.999999914,14709507.999999981,15028563.00000004,7511414.999999993,7517147.999999995,56.30176579275794,27.651791362232537,35.82781574003681,10435.80396296514,5064.034523809523,6247.939962419336,7090.450220629045,3795.6624738007094,4690.9429677512035,4378.007865625668,3133.501557049913,2405.402701220348,365
LGW,248983.00000000146,124511.00000000004,124472.00000000175,47985567.999999724,23996295.00000006,23989273.000000145,3594044.000000008,1797007.9999999942,1797036.0000000056,44391523.99999989,22199287.000000134,22192236.99999987,55.30981292563018,33.20253357753357,35.49622926093514,11352.284975715098,5946.136904761905,6435.690476190477,1810.9722434428318,1197.0261425581791,1302.7786891979113,10854.284975715098,5810.133333333333,6201.746606334842,365
FLL,235104.99999999715,117580.99999999994,117523.99999999983,40339338.99999985,20172714.000000093,20166624.999999873,31016016.000000123,15511070.000000063,15504946.000000013,9323322.999999981,4661643.999999995,4661679.000000086,81.68936723934922,41.4931796159752,43.53529407507193,13548.49482484506,7416.299804597216,7614.744642857142,10604.53221808234,7069.954891445852,6847.601785714285,5440.344666777958,2788.4739333806856,4144.717458469636,365
SVO,206881.00000000073,103425.99999999924,103454.9999999995,39362532.00000008,19677958.99999997,19684573.00000001,24398471.999999847,12200447.999999972,12198023.999999981,14964060.000000054,7477511.000000046,7486548.999999994,47.714995781978274,26.237828968417205,30.825286626330872,9231.424793166683,5152.734731095737,5432.5654087542825,6864.801916253681,4047.930364406835,3937.398474935003,4743.577744020685,3103.911904761905,3112.2847914767644,365
BOG,339404.999999998,170037.0000000012,169368.00000000108,56891292.00000017,28569253.999999803,28322037.99999977,36540295.000000075,18249104.999999866,18291189.99999999,20350997.00000009,10320148.999999996,10030848.000000171,65.40050031667678,36.200834139573345,38.16567309921818,10825.426830685654,6676.621840708312,6072.473369898076,8437.916745346158,5119.144316794317,5500.767301522008,4532.066335814723,3805.558214187246,3781.4422561208917,365
BLR,272302.9999999998,136135.00000000023,136168.00000000015,50893520.999999985,25442578.000000156,25450943.000000045,42533055.99999995,21268328.000000034,21264727.99999995,8360465.000000066,4174249.999999994,4186214.999999965,57.00505050505051,35.37008547008548,32.894327894327894,10296.541336441336,6122.9931623931625,5765.911022311023,9565.058119658119,5584.548717948718,5284.10303030303,2748.5872294372293,1875.0666666666666,1796.2543123543123,365
CAI,197537.00000000017,98663.99999999993,98872.9999999987,37528848.00000005,18744015.99999987,18784831.999999944,2997984.000000034,1509573.0000000054,1488411.000000014,34530864.000000164,17234442.99999988,17296421.00000004,42.66213978831626,27.80352218535298,26.838109792455555,7649.067261904761,5281.189314355449,4968.2549408469395,2231.4102886002884,1504.9748319002176,1707.740598290598,7196.656471110588,4988.389314355449,4968.2549408469395,365
CTU,211437.99999999997,105726.99999999955,105711.00000000026,39828927.00000009,19918405.99999994,19910521.000000183,39828787.00000009,19918405.99999994,19910381.000000183,139.9999999999991,0.0,139.9999999999991,46.17701187701188,29.038166000665996,32.52148962148962,8700.152725052725,5567.815945165945,6436.5353479853475,8700.152725052725,5567.815945165945,6436.5353479853475,69.99999999999955,0.0,69.99999999999955,365
DTW,308674.9999999999,154335.00000000006,154339.99999999945,41388313.99999985,20693613.00000009,20694700.999999933,36884008.0,18441993.00000001,18442014.99999999,4504305.999999996,2251619.999999995,2252685.9999999837,85.2648981737217,64.32797619047619,61.508864338276105,11529.318207474615,7537.116113616397,8132.418226656874,11041.556891434551,6329.865940203587,7391.97906351533,2684.566666666666,2030.1914402485563,1666.9898263027308,365
VIE,234642.9999999988,117276.99999999964,117366.00000000097,40460733.00000038,20223066.999999896,20237666.0,446058.99999999924,220729.00000000183,225330.0000000004,40014674.00000059,20002337.99999989,20012336.0,64.18596957543826,37.39315276227042,39.70524139050012,11562.32387742976,6656.91859062506,6665.563008973342,431.0769230769231,280.5955334987593,431.0769230769231,11562.32387742976,6656.91859062506,6544.683888094221,365
HGH,311686.00000000116,155835.00000000038,155851.00000000047,56850192.00000029,28431945.999999892,28418246.000000086,51046201.99999978,25516224.999999873,25529977.00000002,5803990.000000004,2915720.999999986,2888269.000000005,62.42396214896215,43.030558330558335,44.9044289044289,11326.462445887446,7927.033888333889,8084.980619380619,10915.836815961817,6741.267221667223,7876.117993117993,2446.6394536019534,1851.2225108225102,1834.8222222222225,365
RUH,262356.9999999981,131360.0000000002,130997.00000000035,51347732.00000034,25722285.000000138,25625446.99999992,25453151.000000183,12732818.999999983,12720332.000000197,25894580.99999975,12989465.999999966,12905114.999999974,46.10164926907814,27.581951114290376,26.99358496939142,9365.307194898574,5431.59209697113,5679.862448825684,4941.663362991636,2802.6625688037457,2548.9843827414416,5550.451736420346,3416.3931230060266,3910.1435132935985,365
KIX,190465.00000000047,95204.99999999999,95259.99999999968,40599191.99999997,20253383.000000153,20345808.99999997,7856408.999999994,3928135.9999999874,3928272.9999999707,32742782.999999963,16325247.000000034,16417536.000000022,48.84949772449772,27.072438672438672,26.360181485181485,10538.681641969142,5971.121056721056,5812.096171883672,2682.0799145299143,2004.9134615384614,1891.138888888889,9842.813247863249,5971.121056721056,4939.583333333334,365
NRT,213900.9999999992,106975.00000000004,106926.00000000006,49111604.000000216,24561382.999999862,24550220.99999979,8310117.999999961,4154596.000000006,4155522.0000000177,40801485.99999995,20406786.999999974,20394698.999999907,64.73489010989012,43.22716588966589,41.085089910089906,15248.332604895106,10281.543126318129,9563.216206016205,2772.5,2067.221153846154,2638.2406565656565,13013.647928460428,9057.245049395053,8611.459362859361,365
CKG,306818.99999999825,153406.00000000026,153412.99999999977,53320200.00000002,26652385.999999963,26667813.999999996,50352158.999999985,25165993.00000001,25186166.00000002,2968040.999999998,1486393.0000000042,1481648.0000000016,61.319849594849586,40.69728327228327,45.932539682539684,11371.780397380398,6843.762795537795,7688.776190476191,11259.905397380398,6678.703452103453,7304.247619047619,1744.3666666666668,1367.0706959706968,1397.1878787878788,365
DUB,239030.9999999988,119510.9999999993,119519.99999999974,42727980.9999999,21362992.0000001,21364988.999999974,381440.00000000105,190720.00000000044,190720.00000000006,42346540.99999994,21172272.000000037,21174268.99999995,57.917124183006536,29.634160610631195,36.5974358974359,10417.556563704302,5302.4799488093595,6389.287179487179,295.24119106699754,230.35294117647058,230.35294117647058,10156.556563704302,5113.4799488093595,6389.287179487179,365
GRU,271044.9999999973,135619.99999999872,135425.00000000067,55708705.0,27865734.00000012,27842970.99999999,35522632.000000015,17766993.000000138,17755639.000000015,20186073.000000276,10098741.000000069,10087332.000000035,62.73566531507708,34.27250596897013,36.50833333333333,12544.449738868694,7771.499111084993,7883.7999213301255,9284.630065928675,5812.609676590814,5767.683333333333,5739.945440299784,5533.118231705044,3775.94654393326,365
MSP,308744.00000000326,154346.99999999983,154397.00000000114,43168578.00000016,21579682.000000026,21588895.999999963,38617847.99999969,19307777.99999995,19310069.99999997,4550729.999999982,2271904.000000015,2278825.999999988,81.20973954150423,56.64969751666047,50.574405594405604,11622.354716002952,8056.715976180682,7463.634172102408,10465.122104300928,6951.329460982889,6049.904428512663,2232.5740469208213,2213.5740469208213,2117.3999999999996,365
XIY,336281.0000000007,168257.9999999992,168022.99999999892,56373881.999999784,28203734.999999955,28170146.999999937,53829549.99999985,26929686.99999995,26899862.999999862,2544332.0000000065,1274047.9999999993,1270284.0000000112,68.31679431679432,50.23545066045065,48.94134476634476,11479.264346764347,8767.173717948717,8216.27630841381,10972.142857142859,8089.873717948719,8216.27630841381,2039.9926739926743,1310.291666666666,936.7333333333333,365
IAH,430816.0000000006,215404.9999999992,215410.9999999988,58423048.00000024,29210746.99999984,29212301.000000272,42467639.999999695,21235231.999999933,21232407.999999855,15955408.00000005,7975515.000000039,7979892.999999986,151.8987255228576,90.44513127714151,92.01472531207571,19769.973650600336,11231.517115481147,11794.315549751056,15027.846763200321,9765.194741618448,9623.164680380076,6449.445151319269,3519.2650868046258,4604.743417872449,365
SAW,266754.9999999988,133360.00000000067,133395.0000000003,56193324.99999964,28092177.99999977,28101147.000000004,23227069.000000086,11618737.999999965,11608330.999999972,32966255.999999866,16473439.999999909,16492816.000000075,49.09211430048428,29.62030180236078,29.39743557878113,10504.918468578775,6264.237257847052,6168.906469469796,6032.318200622906,4124.690209790209,4281.668166800519,7489.790462217521,6077.837257847053,5252.4935587090595,365
TPE,231669.99999999756,115873.00000000032,115796.99999999968,59276834.999999546,29649351.999999866,29627482.999999918,0.0,0.0,0.0,59276834.999999546,29649351.999999866,29627482.999999918,48.62061272061272,32.265512265512264,32.88909423909424,12707.011249861247,9835.644832944832,9133.233125208126,0.0,0.0,0.0,12707.011249861247,9835.644832944832,9133.233125208126,365
PMI,209327.00000000015,104663.99999999983,104662.9999999998,36461413.000000134,18225444.00000008,18235968.999999955,10802165.000000032,5401531.000000001,5400634.0000000205,25659248.000000007,12823913.00000001,12835335.000000048,59.09927620872848,31.466889994063905,32.43479853479853,10446.664160315788,5655.699653004001,5670.078568490333,3348.795717354541,2025.938644830589,1855.5085601619485,8890.533162489683,5118.160356018251,5048.079797979797,365
SGN,246345.9999999998,122895.00000000032,123451.00000000047,51977312.99999994,25935526.000000145,26041786.999999765,29150153.999999825,14568317.999999925,14581835.999999946,22827159.000000063,11367208.000000069,11459951.000000156,53.63333333333333,32.90821400821401,31.569047619047623,11616.11694971695,7220.921911421911,6724.6,8018.138888888889,5050.159215784216,5207.863492063492,5228.225477300478,3682.267887667887,3281.4701853701854,365
MUC,317332.9999999969,158620.99999999962,158711.9999999992,55827864.99999945,27905883.999999825,27921980.99999979,8992327.000000002,4495738.999999977,4496587.999999999,46835537.999999724,23410144.999999825,23425393.000000246,96.1765552094964,64.8605040306391,63.12637918774995,15466.392410857117,10539.800065947125,11061.761051148827,3338.1888051817464,1767.1771428571428,1956.827420945068,13656.340912029147,8903.853653245556,10062.533513980114,365
ZRH,218309.9999999983,109179.99999999952,109130.00000000033,38050667.99999952,19029452.000000168,19021215.999999974,873925.0000000007,436675.99999999866,437249.0000000021,37176742.99999957,18592776.00000009,18583966.999999877,64.99442559460297,41.60478867859815,48.953807467042765,11339.092297515435,6746.8359122131715,8200.79617514838,689.9859674639087,560.2951680672269,360.09615384615387,10801.194708992847,6482.558302964304,8070.79617514838,365
LIS,223258.99999999785,111607.99999999984,111651.00000000019,41610210.00000013,20800293.999999963,20809916.000000138,4718785.999999995,2357244.000000008,2361542.0000000075,36891423.99999973,18443050.000000052,18448374.000000007,44.99519931049343,26.391233690928,27.262361560008618,8805.63933517463,4774.099466543015,5090.946951256628,1888.6612432653178,1366.3352187028659,1166.5765460030166,7957.014196587726,4375.191832461432,4891.632665542343,365
ATH,252659.00000000128,126285.9999999994,126372.99999999985,41170841.9999997,20578280.999999896,20592560.999999855,11519049.000000015,5759479.999999979,5759568.9999999795,29651793.00000008,14818801.000000017,14832992.00000012,64.4533621607151,39.0437395059304,39.1527612257024,11633.39230397739,5890.071016854299,6699.859690374985,3988.8519171300013,3303.070965113318,2651.076082871377,9318.029099792671,4308.247777426383,5687.076865264813,365
BOS,384677.0000000012,192121.0000000001,192556.00000000006,52417785.99999947,26217103.000000123,26200682.999999806,40165220.00000005,20080546.000000175,20084674.0,12252565.999999996,6136556.999999967,6116009.000000087,97.9449694096753,53.80829040240805,57.589918447565495,14154.181662781662,7786.47672018278,8650.914083694086,10147.982823895083,6558.264971083037,7986.841356421357,4579.804473957414,3529.2103966263844,2523.178010878011,365
KMG,339641.00000000093,169824.99999999924,169816.00000000108,57663861.00000001,28850944.000000015,28812916.999999892,53167774.99999989,26589181.999999918,26578592.999999825,4496086.0,2261762.0000000177,2234324.0000000196,68.97380952380952,48.63949938949939,51.31904761904762,11865.900000000001,8360.310936285936,8700.534154734156,11707.900000000001,8241.979773004772,8069.628915528916,2168.035714285714,1270.8666666666668,1318.3000000000002,365
EWR,371555.99999999953,185727.00000000003,185828.99999999945,57995151.00000008,28985396.0000001,29009755.000000045,37960646.00000003,18981242.999999996,18979402.999999885,20034505.00000004,10004153.000000041,10030351.999999903,90.65241841785247,46.19232986790944,56.33096751127387,14981.787336891739,6937.279072795813,8615.697579217347,10076.966740037704,5231.381567706225,6490.561339148068,7126.486394282036,3554.740883560883,4932.683549160816,365
HAN,185469.00000000003,92817.00000000032,92651.99999999981,40293608.00000021,20159804.0000001,20133803.999999885,22027319.000000056,10988597.999999946,11038721.000000056,18266288.999999963,9171205.999999972,9095082.99999998,49.07367077367077,27.873483460983465,22.917310467310468,10454.053280053278,6143.700116550117,5081.911692474192,6686.263003663004,3416.8333527583527,3377.4306138306138,5043.671617271617,3221.5717393717396,3457.258225108225,365
BRU,165835.000000001,83036.99999999967,82797.99999999983,29890330.000000045,14965663.999999873,14924665.999999948,0.0,0.0,0.0,29890330.000000045,14965663.999999873,14924665.999999948,55.580270230378886,37.58869047619048,33.904761904761905,9676.363661219599,6500.168452380954,6198.484502817444,0.0,0.0,0.0,9676.363661219599,6500.168452380954,6198.484502817444,365
YVR,234592.0000000012,117374.99999999946,117216.99999999916,32646384.999999646,16344985.000000011,16301400.000000065,16734985.999999963,8367948.000000074,8367038.000000061,15911398.999999963,7977037.0000000335,7934361.999999984,65.6097622638799,39.03555229084642,47.17572296984061,9296.521956997252,5554.496195046783,6711.390861426156,4710.385961034691,2612.07334369194,3224.9397128384426,5693.004250524628,3241.2711072321654,4071.4027465924787,365
LIM,183089.99999999878,91551.99999999948,91538.00000000067,32288921.999999788,16146191.999999886,16142729.999999974,18167071.999999948,9084096.999999955,9082974.999999985,14121850.00000002,7062094.999999947,7059754.999999937,39.265789815072495,23.268372887419428,19.979154474288194,6819.631710930873,4122.984798340424,3638.878448496523,5004.933950755127,2968.303227056168,2754.6800985795094,4297.178478776126,2903.528316693682,3576.950525030525,365
AGP,167627.00000000096,83766.99999999994,83860.00000000036,29951890.999999877,14970478.00000009,14981413.000000043,5303581.999999965,2651384.999999997,2652197.0000000075,24648309.00000009,12319093.000000054,12329216.000000073,46.46867220635843,25.87015433789627,25.01351930551015,8782.529857674668,5128.830897597027,4697.071570229922,2280.0615384615385,1510.9996229260937,1600.3211298505416,8283.530076413852,4935.497564263694,4536.617218728983,365
CGO,200694.00000000017,100328.9999999999,100364.99999999994,34549669.99999991,17275511.000000034,17274159.000000086,33384115.99999999,16694481.000000035,16689635.000000088,1165554.000000004,581030.000000003,584524.0000000015,50.35393772893772,28.372333222333218,29.503579753579757,8841.782994782994,4925.146797646797,4978.320895770896,8841.782994782994,4925.146797646797,4836.597302697302,1178.4166666666665,814.6904761904766,645.0,365
SCL,152640.00000000084,76293.0,76346.99999999948,31530752.99999994,15751782.00000004,15778970.99999998,16331315.999999957,8162833.999999938,8168481.999999968,15199436.99999997,7588947.999999974,7610489.000000081,37.289731422558745,26.871108729979696,25.393590070060657,7488.9147408217605,5361.546961550994,5127.409066423772,4643.991452991453,3684.25,2993.9145299145302,4527.522505545075,3324.131870747427,2926.4047619047615,365
CUN,177525.999999999,88458.00000000063,89067.99999999897,33726047.99999961,16773823.000000052,16952224.999999892,11288542.999999905,5643937.999999966,5644604.999999997,22437505.000000212,11129885.000000175,11307619.999999786,69.72281032164705,34.313242759831326,36.01788003062433,12857.819534025606,6561.542905721729,7128.658987374449,3945.405727279072,2405.5247379395973,2213.476022954944,10699.874886558377,5283.160044954632,6254.35,365
AYT,170665.00000000035,85175.00000000048,85490.00000000151,33603884.999999896,16769683.999999987,16834200.999999892,7746272.000000001,3871700.99999998,3874570.999999982,25857613.000000246,12897982.999999968,12959630.000000035,59.810179524982345,33.13145126254606,30.196140134375426,12792.311301416183,7131.194994250312,6642.30020910462,2664.7739064856705,1429.1736060293335,1592.1656286997843,10322.726652194437,6120.173626728945,5532.024872186636,365
BNA,224736.99999999732,112367.00000000013,112369.99999999993,33238002.00000006,16618769.000000058,16619233.000000082,32412388.00000005,16205602.999999998,16206785.000000041,825613.9999999981,413165.9999999993,412448.0000000037,71.59742959654724,34.45185790560553,38.88693254457961,10351.428705999882,5132.776737634423,6077.827923187922,9837.619882470472,5132.776737634423,6077.827923187922,857.7340372046256,857.7340372046256,621.899682539683,365
XMN,193622.99999999822,96812.00000000009,96811.00000000035,34451700.000000164,17226188.00000008,17225511.999999993,29302522.999999925,14651233.000000041,14651290.000000013,5149177.000000019,2574954.9999999763,2574221.9999999893,42.45294982794983,27.68963536463536,28.659851259851262,7420.015429015429,5128.18461954712,5195.578250915752,6693.620382395382,4431.304223554223,4982.95333000333,1863.5829143079143,1863.5829143079143,1826.7836219336214,365
OSL,204792.99999999895,102382.99999999971,102409.99999999993,33897732.999999866,16945263.99999998,16952468.99999991,14442515.000000045,7218593.999999978,7223920.999999951,19455217.99999993,9726669.999999989,9728547.999999957,75.42239495658664,34.4286433231446,41.78377149614867,12500.36719282125,5927.017907071616,6617.819269374417,8641.809119801766,3536.091999503765,5212.059119801766,6620.39380549574,4926.08522673131,4111.641089018966,365
PHL,277362.0000000005,138674.99999999953,138686.9999999999,37015771.99999997,18506986.00000003,18508785.999999903,31269231.000000335,15633509.999999993,15635721.000000106,5746540.999999975,2873476.000000015,2873064.999999998,101.33531861532853,73.9497769618325,61.03851102337417,14035.327518993945,10184.251329666507,7958.640431926805,12206.780921475573,8522.20069989007,6687.44216241275,3509.514544279251,3201.3793794440858,2361.9333333333334,365
CTS,154896.00000000006,77570.00000000065,77325.99999999939,30801539.99999999,15441489.000000004,15360051.000000052,25644292.99999981,12862166.000000019,12782127.00000008,5157247.000000001,2579323.0000000056,2577923.9999999893,45.867815517815515,25.916666666666664,24.597990897990897,10015.465501165501,5997.821428571428,5106.1547619047615,7981.495115995115,4082.6285714285714,4264.08344988345,3548.495238095238,2158.5000000000005,2104.7142857142867,365
MAN,184475.9999999988,92276.00000000055,92200.00000000051,35726124.99999977,17873287.999999933,17852836.999999866,2468434.9999999944,1234328.000000002,1234106.9999999967,33257689.999999627,16638960.00000011,16618730.000000007,45.679816262169204,25.470012830306946,34.921052631578945,9580.333220374396,4997.104904246081,6907.53909774436,1658.0381618381618,1364.2927072927073,927.8666666666667,9580.333220374396,4845.25,6907.53909774436,365
HAK,187666.9999999997,93622.99999999991,94044.00000000001,33204891.999999773,16562123.999999922,16642767.999999948,31129850.99999988,15523535.000000024,15606315.999999946,2075040.9999999816,1038589.000000003,1036451.9999999973,49.385714285714286,30.759920634920633,31.034523809523808,9286.834126984128,5658.437301587301,5920.814682539682,8937.065873015872,5387.335714285715,5610.2095238095235,1544.1844155844155,1150.142857142857,925.6,365
HYD,210567.9999999996,105289.00000000064,105278.99999999994,37509898.99999994,18755697.99999994,18754201.00000013,30966327.000000108,15483654.999999965,15482671.999999989,6543572.00000004,3272042.999999987,3271528.9999999925,43.54230214230214,27.631102231102233,25.27053502053502,7450.455677655677,4726.6775002775,4194.280008880009,6847.8104007104,3985.8704184704184,3828.1847707847705,2510.712626262626,1446.3948717948717,1633.082051282051,365
DPS,145167.0000000001,72670.00000000003,72497.00000000003,30100611.000000045,15075944.00000002,15024667.000000017,11658515.999999978,5869856.000000005,5788659.999999996,18442095.000000037,9206087.999999996,9236006.999999935,39.77868797868797,23.343900543900542,20.798185148185148,7725.447774447774,4497.409770784771,4244.507825507825,4498.520745920746,2753.7051282051275,2404.55,4938.996009546009,3125.2073426573425,3272.65,365
WUH,220292.00000000058,110154.0,110137.99999999993,37009477.999999985,18524259.99999999,18485217.99999997,35118851.99999989,17571356.000000075,17547496.00000002,1890625.9999999972,952903.9999999999,937721.9999999969,51.99470806970807,29.40119047619048,33.27028804528804,8922.652436452436,5023.498255910755,5576.294805194804,8262.40553196803,4854.498255910755,5270.628138528138,1354.8333333333335,886.2500000000005,887.0,365
MAA,154473.9999999985,77173.99999999962,77300.0,28177766.999999855,14070844.000000183,14106922.999999998,20771067.999999925,10384252.000000097,10386815.99999991,7406698.999999946,3686592.0000000075,3720106.9999999967,29.89625513375513,19.443589743589744,18.209790209790214,5650.8333666333665,3728.0003441003437,3196.3087454212455,4583.428571428572,2954.5851037851035,2419.5142857142855,2548.0,1667.7192307692308,1707.8358974358976,365
AUH,168491.99999999988,84278.99999999959,84212.99999999987,37570609.00000005,18789407.000000015,18781202.000000015,0.0,0.0,0.0,37570609.00000005,18789407.000000015,18781202.000000015,54.31333935672171,45.05201765554707,51.31333935672171,13286.156977499628,11602.03589528119,12756.156977499628,0.0,0.0,0.0,13286.156977499628,11602.03589528119,12756.156977499628,365
BER,174624.00000000081,87466.00000000009,87158.00000000061,31052275.0,15553425.999999985,15498849.00000003,4325257.000000045,2182004.000000008,2143252.9999999898,26727018.000000127,13371422.000000052,13355596.000000007,49.780443608678894,28.513016717414043,29.55771352830176,8555.660194425747,5158.5126135941355,5242.060840466722,1921.8710309298544,1115.4130118247765,1136.015873015873,7466.978094454565,4662.143313595442,4765.903309624672,365
BWI,201765.99999999985,100885.99999999937,100879.99999999911,32999873.00000023,16500491.000000047,16499382.000000026,31111220.000000134,15554477.999999981,15556742.000000048,1888652.9999999865,946012.9999999986,942639.9999999981,62.41792377557083,37.23091222502987,44.22985393691276,10216.180876313229,6100.757321306145,7372.532867263455,9297.565639425931,5812.192087520323,6206.4232142857145,1344.75,1159.5277777777778,1344.75,365
SAN,207694.99999999916,103849.99999999972,103845.00000000063,32217937.00000016,16109526.000000034,16108411.000000015,30881839.999999966,15440952.999999974,15440887.00000003,1336096.9999999942,668572.9999999974,667524.0000000019,59.891097187126604,33.197754349140155,34.88747993836229,9023.70277330662,5252.4552861913535,5671.390587647646,8699.327325277947,5252.4552861913535,5671.390587647646,1032.5068950657183,613.1111111111113,707.0333333333333,365
TPA,182916.9999999994,91458.99999999958,91457.99999999958,31180492.99999978,15590258.000000043,15590235.00000006,28536812.000000045,14268370.000000047,14268442.000000088,2643681.000000022,1321888.0000000016,1321793.000000008,51.51011904761905,28.237493398663876,34.75570416511593,8867.508928571428,4617.667080314739,5974.3025381072985,7865.153804359255,4475.935119047619,5894.672908477669,1410.0956221556226,1306.7306049506046,1204.8071606171611,365
NKG,219424.00000000003,109680.00000000015,109744.00000000009,37073688.99999999,18529200.000000007,18544489.000000075,33694737.000000045,16842923.999999985,16851813.00000009,3378952.0000000065,1686275.9999999972,1692675.9999999907,52.095433732933735,28.59100899100899,31.451573426573425,8920.448076923078,4819.012004662003,5170.894114219114,8764.956013431014,4811.40901875902,4879.9,1799.1394716394711,1413.1666666666665,1271.6428571428573,365
SLC,245633.0,122827.00000000074,122806.00000000097,33244573.999999773,16622785.999999948,16621788.000000056,31587851.99999971,15794699.999999963,15793152.000000048,1656721.999999999,828086.0000000016,828636.0000000058,74.67440476190477,50.03141565892511,59.1745157873339,10280.476785714287,6153.960145736615,7926.692261904763,10118.991071428572,5752.7460698701725,7765.206547619048,1086.5758241758235,1086.5758241758235,834.9030303030304,365
AUS,182720.9999999998,91363.99999999993,91357.00000000047,28128268.999999765,14064442.999999994,14063825.999999883,26789193.99999995,13393751.000000013,13395442.999999925,1339075.000000008,670691.9999999979,668383.0000000022,57.19349482217129,31.789395179983412,32.42512921718804,8692.3625,5084.549999999999,4798.082592799358,8507.621349924586,4620.60618172677,4638.376710446417,1050.5555555555557,841.778743961353,619.5042735042744,365
BNE,189328.0000000004,94565.00000000007,94762.99999999907,30330812.999999765,15138023.999999851,15192788.999999959,21456493.000000186,10703604.999999944,10752888.000000043,8874320.000000117,4434418.9999999795,4439900.999999933,57.631517144205546,28.246920660397272,34.82110785010841,8117.777576445713,4643.236454134101,4635.117844740726,6315.683784806893,3219.3754995794843,4500.29602750191,3510.621868275094,2153.4680699860974,2225.352637505863,365
CSX,203740.00000000105,101875.99999999993,101864.00000000022,35129601.000000045,17565145.999999978,17564455.000000007,33820428.000000075,16911055.0,16909373.000000022,1309173.0000000005,654091.0000000009,655081.999999999,47.63503441003441,28.44206904206904,30.411507936507935,7971.999372849374,5027.032989232989,5462.750396825397,7874.207794982794,5027.032989232989,5462.750396825397,1206.833333333334,901.5,901.5000000000005,365
MXP,190998.00000000035,95488.00000000004,95509.99999999905,37843666.00000028,18920853.999999948,18922812.00000021,5266088.000000012,2633265.999999998,2632822.00000001,32577577.99999985,16287587.999999974,16289990.00000003,53.07437193298536,30.568439983365792,28.31878992291706,10442.332628296837,6023.147812128836,5624.808983394847,2435.4,1415.3304347826088,1394.6113998974529,9806.234337698545,5538.484319017322,5624.808983394847,365
FUK,189981.00000000006,95041.00000000012,94940.00000000109,34355356.00000011,17223053.99999996,17132302.000000045,23784083.99999996,11938675.000000024,11845409.000000099,10571272.000000011,5284379.000000005,5286893.000000001,43.264557664557664,22.28209706959707,24.72101370851371,8857.787812187813,4627.425893550894,4802.116017316018,6229.4014818514825,4019.0461538461536,3927.466666666667,3594.3748251748248,2064.0110042735046,2421.5766233766235,365
IAD,257202.00000000035,128431.00000000068,128770.99999999921,34640426.00000015,17249552.0,17390873.999999918,21315236.00000006,10656134.000000104,10659101.999999998,13325189.999999883,6593418.0000000615,6731772.0000000205,109.65688154982271,77.07486290655996,100.2188993453263,14734.191512017394,9135.967901160264,13079.598362030127,9264.776562848916,7260.998167249292,8317.677564026937,6135.048770319294,5497.519428833596,5128.589176183294,365
SHE,161855.99999999997,80927.99999999967,80928.00000000026,28324257.00000003,14167868.000000007,14156388.999999987,26908328.99999995,13458055.999999957,13450272.999999965,1415927.9999999858,709812.0000000034,706116.0000000008,36.19843767343767,22.702380952380953,24.77857142857143,6419.306360306361,3894.535714285714,4492.326551226552,6419.306360306361,3711.028846153846,4175.414285714286,1083.0396825396829,785.2160256410261,1083.0396825396829,365
TAO,188334.99999999936,94167.00000000012,94168.00000000022,32585715.000000034,16305113.999999976,16280600.999999955,28288500.999999996,14144141.00000001,14144359.999999983,4297214.000000013,2160973.0000000023,2136241.000000011,41.16868548118548,24.61525974025974,30.121317571317572,7516.733810633811,4287.112842712842,5198.54005994006,6516.78140886891,4136.786635586635,5198.54005994006,2217.433333333333,936.2976495726498,1555.5666666666666,365
URC,190640.00000000047,95337.00000000042,95303.00000000023,34365343.999999955,17158324.000000026,17207019.999999993,32952216.99999988,16449273.000000004,16502944.000000007,1413126.9999999984,709051.0000000005,704075.9999999992,42.008680208680204,37.4250777000777,33.03325563325563,8924.311066711067,7268.713783438784,6480.853538128538,8779.49201909202,7268.713783438784,6365.61673881674,1120.0404761904765,979.8452380952381,1014.7664835164833,365
ARN,183380.0000000008,91686.0000000003,91693.99999999968,29619000.000000034,14809752.999999987,14809246.9999999,5807821.000000005,2902945.0000000047,2904876.0000000116,23811179.00000006,11906808.000000022,11904370.999999857,60.28248744719332,29.720478867537686,37.375304352510234,8829.146503170034,4523.196589358354,5358.082522624434,3617.2161764705884,1941.5132220720457,2417.5286764705884,7392.987894719659,4189.018008179235,4189.98314150515,365
STN,177633.0000000003,88807.99999999933,88824.99999999955,34155708.99999996,17076201.000000015,17079508.00000007,1809960.0000000063,904979.9999999985,904980.0000000003,32345748.999999862,16171220.999999946,16174527.99999999,44.125,24.59846153846154,29.034188034188034,8365.625,4751.555384615384,5572.461538461538,1796.5714285714284,805.2857142857142,991.2857142857143,7867.559523809524,4627.724633431086,5572.461538461538,365
HRB,161538.9999999999,80757.00000000017,80782.00000000016,28042966.0,14022636.000000063,14020330.00000007,27282461.999999963,13643130.000000058,13639332.000000067,760504.0000000005,379506.000000001,380997.99999999936,37.23412698412699,25.945238095238096,27.78055555555556,7107.114285714286,4712.5055555555555,4916.494083694084,6932.130952380952,4559.5055555555555,4765.311507936508,808.4999999999995,476.5084915084917,619.4999999999995,365
CGH,188590.00000000026,94299.99999999983,94289.9999999999,30781133.999999862,15389118.000000006,15392016.000000022,30781133.999999862,15389118.000000006,15392016.000000022,0.0,0.0,0.0,41.18239388062918,22.666863202157323,24.279465632406808,6886.256144149968,3760.9058766535213,4132.536275489217,6886.256144149968,3760.9058766535213,4132.536275489217,0.0,0.0,0.0,365
DCA,302515.9999999985,151260.9999999995,151255.00000000244,32758293.00000018,16379433.00000001,16378860.00000002,31990943.00000026,15995834.00000008,15995109.000000006,767350.000000005,383599.0000000048,383751.00000000675,67.20888766234599,42.992261904761904,48.22572797420169,8178.2083814894395,4867.7679045137875,5325.188337479513,8101.726440491369,4796.694291468249,5199.596574802848,499.64395604395577,366.2666666666664,404.7106227106224,365
AKL,141501.0000000031,70792.99999999929,70707.99999999933,22650865.000000153,11328866.99999995,11321998.000000086,10247209.999999935,5124924.999999985,5122285.000000004,12403655.000000045,6203941.999999952,6199713.000000055,35.382967347532976,23.572121489621487,22.744870913400323,6107.286707965344,3835.393095238095,3359.2072239422087,2810.0361027861027,1758.652286439051,1662.835294117647,3575.1801214317347,2371.486950519879,2462.3016330917662,365
GDL,118457.00000000045,59248.99999999947,59207.999999999774,22750320.00000014,11379095.000000028,11371225.000000052,15425747.99999997,7716910.999999986,7708837.0000000065,7324572.000000076,3662183.999999968,3662387.999999978,35.14120875387923,18.90001387762863,29.371006771006773,6869.77541498503,3696.3313361862756,5421.201187701186,5135.762992014762,2824.6061382734915,4261.57821955822,2838.049692018508,2221.042778136896,1759.7944574007392,365
HKT,101143.9999999999,50496.00000000006,50648.00000000012,19924359.99999997,9954177.00000003,9970183.000000069,7989654.000000017,3978937.9999999944,4010716.0000000135,11934706.000000004,5975239.000000015,5959466.9999999935,25.511111111111113,13.642857142857142,15.323015873015875,5468.714285714286,3153.7944444444443,3494.847619047619,2361.3682664557664,1466.0285714285712,1389.25,4401.925,2449.628571428572,2561.13633033633,365
DLC,142228.99999999852,71104.99999999997,71123.99999999996,23941963.999999955,11974862.000000054,11967101.999999976,22174023.99999994,11086473.000000047,11087550.999999933,1767939.9999999935,888389.0000000027,879551.0000000023,35.881424131424126,23.044065656565657,27.2708152958153,6077.408705183705,4054.1200036075033,4703.983114108115,5644.296117771118,3716.2200036075037,4515.983114108115,1101.7841769341767,581.4492063492062,838.1999999999989,365
RDU,142033.00000000047,71013.99999999859,71018.99999999974,20174290.999999814,10086669.999999952,10087620.999999959,19010426.999999885,9504497.999999952,9505928.99999995,1163864.0000000016,582172.0000000048,581692.000000007,41.989929514929514,22.64986477574713,27.51401043863104,6864.577573472279,3575.379182484182,4040.567966020907,6317.758614653321,3443.2357075277664,4040.567966020907,958.638056680162,716.9999999999998,817.0608504398824,365
YUL,174944.00000000026,87478.00000000009,87465.99999999987,27482962.999999993,13745960.999999868,13737002.000000063,8955410.0000001,4479215.999999994,4476194.0000000065,18527553.00000004,9266745.000000017,9260808.000000091,55.719328645211,32.941284336578455,37.632890899949714,9030.165492677259,6276.381214246822,6512.551638557523,3904.370294019706,2146.637226890756,2593.799473728885,6575.641674370327,5640.911578619292,4544.613965250437,365
KWE,160068.99999999956,80034.99999999978,80033.99999999988,26649886.0000001,13331510.000000002,13318375.999999976,26243844.000000108,13126988.999999998,13116854.99999999,406041.99999999965,204521.0,201520.99999999983,39.27684815184816,23.81726606726607,26.194153069153067,6859.442002442002,4023.5043470418473,4428.887015762016,6859.442002442002,4023.5043470418473,4428.887015762016,616.7499999999999,603.7857142857144,357.00000000000006,365
TNA,143755.00000000026,71882.0000000001,71873.00000000054,24930971.000000034,12467319.00000003,12463652.00000004,23914931.000000063,11957553.000000015,11957378.000000037,1016040.0000000062,509765.99999999907,506273.9999999998,34.720390720390725,24.099206349206348,23.996031746031743,6041.431862581862,4201.431746031746,4183.549206349206,5871.431862581862,4012.431746031746,3854.5492063492056,738.6666666666666,381.19047619047626,440.58974358974365,365
AEP,137497.00000000087,68593.99999999991,68902.99999999942,21770158.000000022,10858558.999999939,10911598.99999994,15181240.000000132,7561619.0000000065,7619620.999999991,6588917.999999938,3296939.999999976,3291978.000000016,30.719388349321175,18.643965919701213,16.810001378549767,4976.583333333334,2980.8740645555163,2685.39824064824,3875.458333333333,2489.66163003663,2253.773698523699,1566.0146277571905,918.2677061500594,969.7206099687332,365
CGQ,118098.00000000064,59054.00000000006,59043.99999999966,20521496.999999937,10262781.999999978,10258715.000000006,20143843.000000004,10073954.999999993,10069888.00000001,377654.00000000076,188826.99999999962,188826.9999999994,34.73142135642135,20.498421023421024,20.64377705627706,6256.42619047619,3590.3663752913753,3697.016666666668,6256.42619047619,3587.759912309913,3697.016666666668,561.238095238095,561.2380952380947,561.238095238095,365
GVA,134893.0000000005,67455.99999999977,67436.99999999991,23298567.999999877,11649228.000000052,11649339.999999981,874454.999999998,437604.0000000015,436850.999999999,22424112.999999937,11211623.999999974,11212488.999999998,37.871399275156456,21.89500130588366,20.590185905176416,6295.46722053045,3826.290076622724,3436.4166666666665,741.9370751797223,336.0,547.0,6166.045805532607,3826.290076622724,3320.1765741572995,365
KWI,113249.99999999962,56614.99999999946,56635.00000000023,21755862.999999873,10875535.00000008,10880328.000000097,0.0,0.0,0.0,21755862.999999873,10875535.00000008,10880328.000000097,27.74046848679364,15.389570079043763,17.929849185342317,5022.355676247138,3082.8651960784314,3243.567887506623,0.0,0.0,0.0,5022.355676247138,3082.8651960784314,3243.567887506623,365
MDW,154342.99999999857,77174.0000000008,77169.00000000003,24861441.000000264,12431077.999999963,12430362.99999996,23951304.000000246,11976593.999999972,11974709.99999998,910137.0000000006,454483.99999999977,455652.9999999998,51.70586997969351,32.82905982905983,32.40942348817112,8441.702183600712,5577.593162393162,5085.852852311088,8317.202183600712,5391.593162393162,5085.852852311088,679.9904761904763,575.1899877899878,623.9999999999998,365
YYC,154952.00000000023,77471.99999999964,77480.0,22724330.999999873,11361652.99999999,11362678.000000041,15480981.00000016,7740346.000000077,7740634.999999973,7243350.000000048,3621307.0000000237,3622042.9999999623,42.484356012077036,24.7466879525703,29.301750607002422,6274.140740697212,3883.399898794016,4023.810208658783,4748.447911911261,2908.969245133951,3023.3759855365647,3132.218444953738,1839.295895256536,1913.883500323206,365
ALC,119869.00000000044,59979.00000000005,59890.000000000335,22200935.99999995,11108356.000000028,11092579.999999924,2923713.999999993,1461753.0000000033,1461961.0000000026,19277221.999999773,9646603.000000065,9630618.99999996,36.88077554637201,20.017711700064638,21.145167740755973,7064.66476530006,3825.665862242333,3988.3104542516303,1362.910827995534,924.2,1019.2967032967034,6695.66476530006,3465.665862242333,3988.3104542516303,365
CCU,139284.00000000081,69586.00000000029,69697.99999999955,25096051.999999966,12539496.000000032,12556555.999999918,22134707.000000045,11047211.000000013,11087495.999999978,2961344.999999994,1492284.9999999944,1469059.9999999998,33.953968253968256,19.81111111111111,18.27179487179487,5829.638507326008,3468.120879120879,3321.9794164169166,5406.005194805195,3244.5796703296705,3022.5111111111114,1353.9999999999998,951.1794871794873,907.5857142857141,365
OTP,113265.99999999926,56630.99999999988,56634.999999999425,19814242.000000034,9906885.0,9907356.99999995,1682558.9999999925,841223.0000000022,841336.0000000021,18131683.00000001,9065662.000000024,9066020.99999992,29.176987301634824,18.06845238095238,22.1185907462943,5373.904647240426,3440.9384651296414,4576.094585751428,1354.0475000000001,984.7975,1108.9295704295705,5233.904647240426,3440.9384651296414,4236.094585751428,365
SYX,139272.9999999999,69647.00000000025,69626.00000000013,26566115.999999993,13283885.999999974,13282229.999999968,25548740.000000056,12774671.999999948,12774067.999999965,1017376.0000000012,509213.99999999837,508162.0000000003,30.18095238095238,18.46042846042846,20.92142857142857,6881.019047619047,4067.2547619047614,5097.533333333333,6881.019047619047,4067.2547619047614,5097.533333333333,1450.9166666666665,1303.75,855.3333333333334,365
OKA,134236.99999999983,66934.0000000002,67303.00000000013,27864699.99999988,13923202.999999959,13941497.0,23146361.999999996,11565474.0,11580887.999999993,4718337.999999981,2357728.9999999925,2360609.0000000065,47.07290487290487,29.01649461649462,24.828275890775892,10672.205883005883,6679.554600954601,5728.590698190699,9079.903296703296,5451.252014652014,4746.759928959929,2095.5446997446998,1490.3019536019542,1671.4358974358975,365
PTY,148710.99999999884,74164.0,74546.99999999984,24591712.999999724,12235922.999999998,12355789.999999944,278404.0000000016,139201.99999999997,139201.99999999985,24313308.999999706,12096720.99999999,12216588.000000017,42.553917977447384,32.49145377554228,35.75947320653203,7005.091352830176,5304.909446824677,5843.663109178403,313.38569841638895,313.38569841638895,209.74256854256853,7005.091352830176,5113.498303129662,5843.663109178403,365
TSN,141993.99999999936,70990.0000000003,71004.00000000025,23327256.00000002,11659551.000000097,11667705.00000009,22168404.000000067,11080222.000000041,11088182.00000005,1158852.000000003,579328.9999999991,579523.0000000005,36.478571428571435,20.981547619047618,29.509523809523806,5827.392714230215,3705.145365745366,4833.638095238095,5641.392714230215,3543.1229659229657,4833.638095238095,1000.115151515151,501.39393939393926,656.8333333333335,365
ADD,143748.99999999916,72489.0000000002,71259.9999999996,26045720.00000002,13229628.000000043,12816091.99999984,4530528.999999995,2265055.9999999814,2265473.0000000075,21515191.00000017,10964572.000000086,10550619.00000004,47.65448845272374,28.589724716931624,31.009805194805192,7721.864733734031,7071.371155688219,6040.581437908496,3095.3485947712416,1764.1965509190366,1624.8138888888889,7086.2731285659975,6862.0444205953545,5752.65725490196,365
HNL,156375.99999999892,78187.00000000067,78188.99999999974,26312837.99999994,13155713.000000032,13157124.999999994,21446589.999999948,10722164.00000002,10724425.999999981,4866247.99999995,2433548.9999999763,2432698.9999999786,47.837270860227974,26.49842536850622,26.5081216573152,9658.02105084458,5117.316314796315,5615.224837289353,8021.633477633477,4832.622371954544,3919.4330484330485,3619.2304417804417,3619.2304417804417,2244.3500961381283,365
GIG,111366.00000000004,55695.00000000019,55670.99999999979,21045215.000000007,10525425.000000102,10519789.999999946,13954479.99999993,6979121.00000005,6975358.999999981,7090735.000000007,3546304.0000000093,3544431.000000078,36.21146105528458,22.208888627712156,20.27300206341908,6924.006238663297,4514.651617141029,3784.575006528057,5396.103558990029,3093.1997128361836,3030.4223250605605,2610.840719240976,2152.384700530336,1906.2975981200548,365
HEL,147929.9999999987,73966.00000000063,73963.99999999983,22742456.99999998,11370428.00000008,11372029.000000026,2939751.0000000144,1469880.9999999872,1469870.000000003,19802705.999999907,9900547.000000058,9902159.00000003,54.03994893994894,39.04318645039811,40.828429772657984,8850.35611316788,6329.389775163938,6538.75326223732,1481.4892035688745,1093.9892857142856,1103.4463665432,7882.224097471158,5759.909916471081,6255.7131632866,365
LTN,102045.99999999903,51020.99999999986,51025.00000000035,20260467.000000045,10129892.999999978,10130573.999999937,1556237.9999999953,777894.0000000005,778344.0000000002,18704229.00000005,9351998.999999966,9352229.999999987,29.586046572375647,18.435830781419014,22.125260980849216,6095.0244542060955,3520.365479836068,4379.794831443066,1177.6366300366303,661.5,664.5,5613.745129273857,3170.865479836068,4357.78635952283,365
PDX,162566.99999999942,81281.00000000007,81285.99999999917,22126471.00000021,11063252.999999933,11063218.000000065,21172977.000000216,10586277.999999965,10586699.00000007,953494.0000000023,476975.0000000006,476519.00000000413,51.685096618552684,43.43632389552856,45.983688281378676,7471.488949351302,6522.508802292479,6777.486526353538,7394.634765256262,6031.0364493513025,6576.58407732991,798.8180602006678,798.8180602006678,572.7596153846155,365
PRG,110446.99999999945,55214.00000000019,55232.99999999969,19669149.000000067,9833966.000000045,9835182.999999957,0.0,0.0,0.0,19669149.000000067,9833966.000000045,9835182.999999957,36.60491679591155,20.425876595930525,19.0436072641955,6469.023567727647,3506.0351805584255,3483.486374736375,0.0,0.0,0.0,6469.023567727647,3506.0351805584255,3483.486374736375,365
TLV,120764.00000000114,60398.99999999969,60364.99999999991,23387463.999999862,11698919.999999981,11688544.000000061,342026.0000000021,171222.99999999988,170802.99999999983,23045437.99999981,11527696.999999937,11517741.000000067,37.63726890861616,20.022488622488623,23.33918590370203,7275.401776380904,3940.491723962313,4286.174881570043,435.5,273.46153846153845,273.46153846153845,7275.401776380904,3940.491723962313,4286.174881570043,365
WAW,169962.00000000006,84976.99999999994,84984.99999999983,25538889.99999997,12769401.999999981,12769487.999999983,2343095.99999999,1171562.0000000033,1171534.000000006,23195794.000000037,11597840.000000015,11597954.000000024,42.07510605565634,29.5184667290864,28.82746528262738,7325.912746239772,4010.201197825907,3818.6940528099353,1289.908299217123,885.69632508874,1005.0639804639804,7192.326665653691,3861.0265946513036,3552.413476191877,365
BSB,112987.99999999904,56425.00000000025,56563.0,19817424.00000012,9900650.999999998,9916773.000000002,18788452.00000006,9386956.999999993,9401495.000000011,1028971.9999999999,513693.9999999997,515278.0000000001,47.083393452952265,43.36455501982273,31.967076107096524,8592.528218158652,8049.72461979623,5987.131987045351,8196.30599593643,7653.502397574008,5592.708910122273,1014.027763413058,1014.027763413058,841.929148657538,365
CJU,143000.9999999996,71530.00000000022,71471.00000000036,27618447.999999855,13811761.000000088,13806686.999999965,24297480.999999944,12151437.000000022,12146043.999999998,3320967.0000000205,1660323.999999993,1660642.99999999,34.22952602952603,19.714374514374512,19.206596181596176,7077.136463536464,3988.0152292152297,4081.005357142857,6706.82735042735,3856.184523809524,3913.274358974359,2449.3,1011.3333333333334,1892.3,365
DAL,148073.99999999956,74071.99999999981,74001.99999999983,22986609.999999955,11494080.999999985,11492528.99999996,22980849.999999955,11490570.999999985,11490278.999999959,5760.000000000004,3510.0000000000055,2250.0,47.99733531127393,27.422919223430732,26.234351432880842,7545.314741429831,4312.5422026112565,4018.648379753239,7545.314741429831,4312.5422026112565,4018.648379753239,35.833333333333485,35.833333333333485,34.23529411764707,365
STL,145361.99999999942,72678.99999999965,72682.99999999985,20466013.99999989,10232707.99999997,10233305.999999974,19834391.999999896,9917231.999999946,9917160.000000006,631622.0000000027,315475.9999999985,316146.00000000023,49.211051693404634,29.00794186205951,26.192847675200614,6880.509260935143,4369.148041500983,4178.834370204958,6880.509260935143,4369.148041500983,4019.0010368716253,650.7407407407406,535.4369952628019,388.3333333333335,365
UPG,125588.99999999996,62784.9999999999,62804.00000000013,22398246.999999776,11203801.000000076,11194446.000000104,22075874.99999979,11041961.000000067,11033914.000000112,322372.0000000001,161840.00000000044,160532.0000000005,39.60361305361306,27.825946275946276,21.227039627039627,7363.117832167832,5145.54181929182,3794.1519813519812,7363.117832167832,5145.54181929182,3794.1519813519812,838.6666666666667,545.0,726.6666666666667,365
GMP,108627.99999999985,54281.999999999985,54346.000000000335,22054036.999999993,11024182.000000075,11029855.000000004,17075434.999999955,8534913.000000061,8540522.000000061,4978602.000000018,2489269.0000000075,2489332.999999984,27.35247252747253,19.141755466755466,15.816232378732378,6203.291071428572,4225.7389277389275,3270.2664835164833,4690.666666666667,3131.7484515484516,3270.2664835164833,1593.6009615384614,1510.1666666666667,1538.2500000000002,365
DUS,146138.9999999998,73114.99999999981,73024.00000000026,25651516.99999996,12834048.00000005,12817469.000000158,2601264.0000000033,1299277.9999999965,1301985.9999999946,23050252.999999765,11534769.999999957,11515483.000000032,42.309367756426575,34.304165768871655,35.687145534204355,7521.230409273392,6255.058385455125,6114.431685961097,1863.2707292707294,1244.25,1235.1081807081807,6615.497616449517,5973.71313131313,5367.1546613482105,365
JNB,189761.99999999904,94806.99999999994,94955.00000000045,25791614.99999992,12894169.000000013,12897445.999999978,13290219.999999939,6635562.999999995,6654657.000000008,12501395.0000001,6258606.000000004,6242789.000000041,57.942673963907666,40.476383160865076,35.92058056322763,7684.629221381079,4596.93261772194,3949.077115583344,3765.3628517957004,2429.8558698805246,2366.0518921228154,4599.741530522908,2493.1218931395397,2509.6014309012826,365
BUD,113827.00000000017,56921.00000000018,56906.00000000011,22113161.000000127,11057190.999999939,11055970.000000024,0.0,0.0,0.0,22113161.000000127,11057190.999999939,11055970.000000024,32.056649363708196,20.766801713933923,25.519231414464887,6523.726565754507,4336.961474017235,5324.530040657352,0.0,0.0,0.0,6523.726565754507,4336.961474017235,5324.530040657352,365
LHW,126181.99999999987,63097.00000000005,63085.0000000002,21345061.99999998,10680884.999999953,10664177.00000003,21265614.999999974,10640993.999999953,10624621.000000034,79447.00000000001,39891.000000000044,39556.000000000015,33.912443112443114,20.843650793650795,20.880952380952383,6058.34845848596,3591.428488178488,3651.642857142857,6058.34845848596,3591.428488178488,3651.642857142857,339.0,278.9999999999999,224.125,365
ESB,87981.00000000065,43978.99999999975,44002.00000000003,16327885.999999933,8162744.999999971,8165140.999999973,11960721.999999866,5979835.000000051,5980887.000000013,4367163.9999999935,2182910.0000000005,2184254.000000018,27.834168309757,19.384576280021438,17.416882790412203,5153.033498634488,3604.7409436155517,3249.6799705196768,4554.344092525122,3084.3160519219346,2812.1791666666663,2602.5796311531612,2260.5796311531612,1678.6158103545201,365
MTY,116389.9999999999,57904.9999999999,58485.000000000495,19612165.999999925,9730742.999999955,9881423.00000003,16101221.000000086,8052741.000000031,8048480.000000003,3510945.0000000047,1678002.00000001,1832942.999999985,27.442824936501403,17.54205429352195,25.62781485389974,5032.469886326489,3382.046467233313,4450.4832989233,4611.962359444769,3165.661313171688,3966.643927541626,1653.2062957072449,1079.6732040887637,1245.6057667284483,365
DMM,93297.99999999988,46499.000000000124,46798.99999999993,16922361.999999892,8418399.000000106,8503963.000000067,8135191.00000003,4065585.9999999874,4069605.000000008,8787171.000000002,4352812.999999978,4434357.999999987,22.760022196908594,13.654170371058418,12.603907359434956,4345.585870632634,2617.9198079959074,2540.9694713888266,2040.883173036114,1257.8482120186186,1358.8226665807313,2757.955288400239,1700.7430582489408,1756.539285714286,365
MDE,99708.00000000087,49863.99999999986,49844.00000000047,17886886.000000127,8945016.000000019,8941870.00000005,12546182.999999996,6273722.000000063,6272460.9999999935,5340703.000000012,2671294.000000002,2669408.999999955,25.68839134721488,15.573421560518335,15.188525658402318,4648.899453487689,2865.4949960000367,2703.6086331968686,4157.460792378499,2542.1522062789945,2242.842869654065,2006.1291425420459,1185.3823751173163,1071.1538196149204,365
BHX,83924.00000000035,41958.00000000001,41965.999999999935,15023552.000000095,7510701.999999941,7512849.999999915,1525545.9999999942,762709.9999999952,762835.9999999965,13498006.000000058,6747991.999999965,6750013.999999923,25.60105580693816,14.867132867132867,18.569932926550575,5041.146304675716,3011.740481178683,3307.9586841499886,1457.6908891761832,776.6311743811744,681.0597147950089,4548.01680672269,3011.740481178683,3079.9586841499886,365
KRK,83130.00000000054,41568.00000000015,41561.999999999876,15042982.000000058,7522058.000000061,7520923.999999983,635028.0000000006,317542.0000000003,317486.0000000006,14407953.999999974,7204515.99999999,7203438.000000049,26.006305522434552,14.34575369075369,14.090571887205826,4745.080157297899,2737.6508543538516,2683.5107226107225,544.3119658119658,355.3119658119658,379.3269230769231,4677.324589389105,2637.4160463192725,2683.5107226107225,365
LED,113087.99999999971,56589.99999999978,56497.99999999992,16684576.999999972,8350283.999999985,8334292.99999996,11770559.000000004,5893483.000000041,5877075.999999962,4914018.000000037,2456801.0000000005,2457216.9999999856,25.568350133551025,14.33078078225343,14.510331215976377,3903.320547614616,2262.763629257237,2150.551899265609,3129.3414825006685,1743.9469565964653,1765.6484501161922,1515.5543524575783,1166.666666666667,1170.473724623514,365
PER,104518.99999999888,52285.00000000016,52234.00000000026,19180534.999999873,9596695.000000086,9583840.000000043,12275813.000000045,6141193.000000007,6134620.0,6904721.999999986,3455501.9999999995,3449219.99999996,25.883141403539884,17.05227541802494,22.19059829059829,4418.349950441715,3049.677897792699,4308.64237984238,3563.969568340157,2650.390291011259,3348.934199134199,2143.021860799773,1230.122887864823,1369.727450980392,365
TYN,105370.00000000038,52688.99999999992,52680.99999999958,17689774.00000011,8845380.999999978,8844392.999999952,17621418.000000093,8811220.999999968,8810196.99999994,68355.99999999999,34160.000000000044,34196.000000000015,27.048926073926072,17.01834276834277,17.574098124098125,4758.1256715506715,3027.105716505717,3065.487146187146,4758.1256715506715,3027.105716505717,3065.487146187146,354.0,255.0,258.0,365
HOU,119423.99999999959,59708.9999999998,59714.99999999972,18531980.000000037,9265514.000000006,9266466.000000026,17441078.99999996,8721864.000000056,8719215.000000007,1090901.0,543649.9999999984,547250.9999999995,43.36592329239388,29.021439344968755,27.0625,6962.264005602241,4681.095076492135,4283.9375,6962.264005602241,4681.095076492135,4140.9375,975.7181638600405,756.8,975.7181638600405,365
LPA,124442.99999999949,62182.000000000226,62260.99999999991,16499635.00000003,8243193.000000057,8256441.999999976,9093233.999999965,4543843.000000007,4549391.00000001,7406400.999999935,3699349.999999986,3707051.000000014,36.68282444679504,19.691316540973723,20.236839630957277,5574.119021824183,3033.88238062591,3118.6385340150046,2935.0630606030786,1672.5543361811463,1770.516859077567,4311.794871794871,2563.7500000000005,2387.652747252747,365
SJU,125062.99999999971,62723.99999999976,62339.00000000044,16093268.000000138,8049484.000000021,8043784.000000108,100116.0000000004,49958.99999999973,50156.99999999962,15993152.00000003,7999525.000000037,7993627.000000081,45.95238095238095,25.259453784030963,26.84338893589368,5405.624093699418,2927.533046526695,3264.1875,54.0,29.25,30.6,5369.624093699418,2927.533046526695,3246.1875,365
TIJ,77028.0,38380.000000000575,38647.999999999825,15730218.000000125,7840204.99999994,7890013.000000034,15472505.000000132,7724132.999999937,7748372.000000046,257712.9999999972,116072.00000000017,141640.99999999843,21.743971552180014,14.361405601154795,14.88606437101307,4423.049839752859,2960.46272987433,2979.8797325317655,4159.767845575958,2960.46272987433,2979.8797325317655,532.4891774891771,393.56641887524256,532.4891774891771,365
NNG,92558.00000000045,46277.00000000016,46280.99999999984,15763796.000000002,7881179.999999998,7882616.000000021,15023437.000000002,7510724.999999991,7512712.000000035,740359.0000000038,370454.9999999992,369904.00000000047,31.04761904761905,20.226190476190478,19.629617604617604,5229.035714285714,3414.6071428571427,3343.6049866799863,5229.035714285714,3414.6071428571427,3343.6049866799863,725.6666666666667,547.4285714285713,540.5,365
WNZ,90105.9999999999,45061.00000000013,45045.00000000005,15482427.999999955,7743106.999999984,7739320.999999988,14954692.99999995,7478383.999999994,7476308.999999977,527734.9999999991,264723.0000000003,263011.99999999994,27.16278721278721,18.0,15.7990675990676,4636.355994005994,3127.2714285714287,2957.633741258742,4606.127777777778,2925.2714285714287,2957.633741258742,733.5238095238096,733.5238095238096,497.18181818181824,365
MCT,84775.00000000017,42395.99999999998,42378.99999999987,16229190.00000001,8119248.999999955,8109940.9999999255,1234423.9999999902,615227.0000000007,619196.9999999991,14994765.999999957,7504021.99999999,7490743.999999983,21.26208330326184,16.62557904518486,15.973450862862627,3954.3180742418945,3283.1270439393866,3055.8898039026117,809.4572649572649,594.7115384615385,791.3602671837966,3755.836790819435,2923.6041668165094,3055.8898039026117,365
DAD,85895.00000000041,42948.99999999986,42946.00000000012,17285993.999999955,8644097.000000015,8641896.999999987,9869925.999999985,4935556.9999999935,4934368.999999996,7416067.999999989,3708539.9999999995,3707528.000000014,25.782695082695085,14.548717948717947,14.462889887889887,5467.335921023421,3275.0781829281823,3306.95409035409,3397.781374181374,2087.1389499389497,1816.3492063492065,3598.781643356643,1797.7083333333335,2004.2816433566431,365
SHJ,110397.0000000008,55264.00000000012,55133.000000000095,19685190.99999981,9854432.999999993,9830757.99999992,2212.0000000000005,2212.0000000000005,0.0,19682978.999999825,9852220.999999983,9830757.99999992,28.88225149611348,24.23536317715841,18.14107142857143,5176.675154714567,4328.27067228523,3207.702976190476,35.67741935483871,35.67741935483871,0.0,5176.675154714567,4328.27067228523,3207.702976190476,365
ZUH,92657.99999999962,46328.99999999988,46329.000000000386,15712615.999999942,7855986.000000015,7856630.000000016,15712615.999999942,7855986.000000015,7856630.000000016,0.0,0.0,0.0,26.059854034854038,14.890234765234768,15.61787101787102,4488.269080919081,2553.311213786214,2723.291724941725,4488.269080919081,2553.311213786214,2723.291724941725,0.0,0.0,0.0,365
BGY,97989.99999999968,49004.99999999999,48984.99999999999,18790402.00000023,9397822.999999894,9392578.999999925,3761708.000000005,1880111.0000000019,1881597.0000000012,15028694.000000022,7517711.999999953,7510982.000000023,29.874320124320125,15.027972027972028,15.633190883190883,5731.260295260296,2924.468410821732,2988.099522789039,1709.0,1640.125,1152.0,4690.846153846154,2735.468410821732,2436.724522789039,365
HFE,96665.00000000044,48330.999999999876,48333.99999999998,15442678.000000026,7720935.00000003,7721743.0000000065,15061818.000000035,7530376.000000025,7531442.000000008,380859.9999999991,190559.00000000044,190300.99999999953,29.371223221223218,16.77889332889333,18.194538794538797,4852.29274059274,2808.893767343767,2971.5818098568097,4696.29274059274,2808.893767343767,2971.5818098568097,691.7722222222226,488.45238095238096,691.7722222222226,365
VCP,109193.0000000001,54562.99999999972,54630.00000000016,15308468.000000058,7648214.999999967,7660252.999999955,14077565.000000037,7032883.999999997,7044680.999999973,1230902.999999994,615331.0000000001,615572.0000000029,33.80305903247079,19.732395881841814,24.578327489503963,4492.170352784471,2909.3513859947016,3771.50056752174,4189.446827682121,2909.3513859947016,3771.50056752174,1131.2223665223662,668.6794871794871,603.0878582202113,365
EDI,117141.99999999929,58578.99999999965,58563.00000000005,19951312.00000006,9977602.999999922,9973708.99999998,5848481.000000004,2924514.0000000005,2923967.000000009,14102831.000000257,7053088.999999995,7049742.000000028,33.93516646751941,19.34524975024975,26.048414983709105,5865.005525846702,3633.54962037962,4647.784237331296,2229.6204302233714,1521.25,1428.009523809524,4714.832341269841,2854.54962037962,3492.7988540870892,365
HAM,108452.99999999935,54248.00000000005,54204.99999999953,18330638.000000153,9165801.999999935,9164836.000000048,4228544.000000009,2114651.9999999874,2113892.0000000014,14102093.99999986,7051150.000000027,7050944.000000043,30.674886551357133,26.12930902992572,23.14339386104092,5383.95924402395,4435.994701030399,3734.5990578049405,1591.213836816778,1028.089540861837,1135.5471701501112,5022.05265322975,3691.7738793684007,3058.610960281548,365
TFS,76452.99999999952,38248.00000000002,38205.00000000018,14041975.000000026,7025218.999999985,7016755.999999944,1328949.000000007,664549.0000000024,664399.9999999951,12713025.999999987,6360669.999999944,6352355.999999952,29.700259955098666,16.920163170163168,15.829134101192924,5622.884382284382,3141.6336441336443,2871.502564102564,976.875,624.9166666666666,622.875,5622.884382284382,3086.6666666666665,2871.502564102564,365
ITM,136506.0000000001,68250.00000000012,68256.00000000051,19247779.000000104,9623709.999999981,9624068.999999914,19247779.000000104,9623709.999999981,9624068.999999914,0.0,0.0,0.0,40.96759906759907,23.108624708624706,31.17797619047619,6645.40452047952,4054.3953754578756,3784.0242424242424,6645.40452047952,4054.3953754578756,3784.0242424242424,0.0,0.0,0.0,365
MSY,107702.00000000009,53848.999999999825,53853.00000000014,17160843.99999994,8580037.999999963,8580806.000000028,16770977.999999994,8385312.999999982,8385665.000000035,389866.00000000093,194725.0,195141.00000000128,38.945238095238096,20.523367384249738,19.285714285714285,6222.966071428571,3315.2164689885267,3188.657738095238,6222.966071428571,3296.2136904761905,3188.657738095238,490.7333333333336,352.13373554550003,490.7333333333336,365
NAP,82684.99999999994,41358.00000000009,41326.99999999992,15025214.999999998,7515484.999999972,7509730.000000009,3982497.0000000047,1991176.9999999981,1991320.0000000005,11042718.000000004,5524307.9999999935,5518410.00000001,25.4884800174174,21.534242019500752,15.432887900629833,4760.5459401709395,3906.5791798795267,2795.5292225695457,1988.5425824175825,1602.5425824175825,1223.0,4069.4820696694305,2954.1499518320325,2568.245341755019,365
FOC,110966.99999999955,55458.00000000013,55508.99999999984,19346330.999999966,9665989.000000019,9680341.999999978,17316932.999999978,8658929.000000024,8658003.999999965,2029397.9999999935,1007060.0000000014,1022338.0000000021,28.68799811299811,20.963095238095235,22.692289654789654,4870.302347652348,3742.200740925741,3957.4792055167054,4634.302347652348,3739.303252303252,3957.4792055167054,1270.7309523809517,1106.3809523809518,1051.1666666666667,365
SMF,122826.0,61413.99999999987,61411.99999999987,17870355.999999966,8935503.00000003,8934852.99999999,17218940.99999998,8609267.000000019,8609674.000000004,651414.9999999995,326235.9999999999,325179.0000000007,35.521276827747414,24.016211370329017,22.827055591467357,5436.843708644296,3690.999901405784,3614.040633843281,5320.21135570312,3500.5876913935736,3497.4082809021043,952.8481888481888,611.2321792902436,696.3296703296703,365
AMD,94732.99999999953,47371.00000000008,47362.0000000001,16562952.000000099,8281222.000000032,8281729.99999998,13619392.000000035,6812283.000000028,6807109.000000051,2943559.999999997,1468938.999999998,1474621.0000000047,22.324228549228547,14.952976190476189,13.174358974358976,3970.6701714951714,2604.8404761904767,2305.970929070929,3831.765079365079,2604.8404761904767,1879.5873015873017,1488.1487179487176,914.5714285714284,1043.0,365
NGB,108359.99999999968,54184.000000000015,54176.00000000013,18656525.99999996,9327049.000000007,9329477.000000006,17289239.99999989,8642936.000000007,8646303.999999983,1367285.9999999995,684112.9999999993,683173.0000000021,27.591353091353092,16.62545926295926,17.704822954822955,4811.74793956044,2848.9030566655565,3056.8228327228326,4389.74793956044,2636.6530566655565,3056.8228327228326,1194.7860750360753,965.3055555555557,733.3160173160168,365
HET,110620.9999999999,55310.000000000226,55311.00000000053,15783311.000000047,7889661.000000006,7893649.999999988,15684639.000000034,7840290.000000004,7844348.999999984,98671.99999999996,49370.99999999999,49300.99999999995,29.479040404040404,18.503349428349427,19.54368131868132,4651.068298368298,2836.640476190476,2966.8494047619047,4651.068298368298,2836.640476190476,2966.8494047619047,230.99999999999977,230.99999999999977,211.5,365
OPO,104207.99999999929,52117.999999999745,52089.999999999665,18858821.00000006,9431911.999999993,9426908.99999998,2538513.0000000023,1271233.9999999993,1267279.0000000007,16320307.999999847,8160678.000000011,8159630.000000066,25.479017583723465,15.848387723387724,20.750354220942455,4710.667943167943,2883.630769230769,3846.458476164358,1156.8888888888887,716.9294117647058,851.9833333333333,4338.467943167943,2675.275641025641,3606.249171110643,365
DAC,97487.00000000022,48671.00000000013,48816.00000000045,15663380.999999879,7801520.999999958,7861860.000000004,4124280.0000000386,2102993.000000006,2021286.999999993,11539101.000000011,5698527.999999977,5840572.99999999,24.595238095238095,13.863492063492064,14.361904761904762,4370.6108003108,2921.5089743589742,2552.342857142857,2125.8777777777777,1648.8777777777777,1403.2,4149.435975135975,2919.086324786325,2220.659856809857,365
PUS,85068.99999999971,42533.0000000001,42536.000000000204,16269713.000000011,8134341.000000007,8135372.000000027,4038404.9999999977,2019372.0000000016,2019033.0000000028,12231307.999999985,6114968.999999989,6116339.000000018,26.0050283050283,24.36645299145299,16.61717171717172,5325.526612276612,4986.220843045843,3236.111111111111,1506.5,927.9583333333334,1225.4285714285716,4986.220843045843,4986.220843045843,2767.111111111111,365
SUB,108188.00000000007,56233.99999999977,51954.00000000015,20158368.99999995,10432647.000000061,9725721.99999994,17559017.000000082,9113271.000000073,8445745.999999987,2599352.0000000075,1319376.000000003,1279975.9999999953,34.29718337218337,22.325396825396822,18.33968253968254,6352.054331779333,4197.357142857143,3511.180826118326,5638.054331779332,3838.385714285714,2793.5787878787883,2012.298168498169,1312.466666666667,1120.7870879120878,365
DME,85267.99999999974,42593.00000000013,42674.99999999982,15364562.999999996,7670553.000000052,7694010.000000002,9080076.000000082,4538044.999999965,4542031.000000006,6284487.000000056,3132507.9999999884,3151979.0000000047,22.366218297098584,13.766434637302506,16.091325639712736,4514.544261525267,2647.8160564343275,3185.028234012105,2630.3961966770316,1991.8765759330277,1698.3459953497904,2651.64290167349,1347.9665777541875,1708.07674583481,365
NCE,127219.99999999937,63614.00000000006,63605.999999999745,18681121.000000004,9341474.000000043,9339646.999999968,5395495.999999999,2697727.0000000126,2697768.9999999944,13285625.000000037,6643747.000000004,6641877.999999934,48.01580025927396,25.109561124050437,23.234131478253246,7111.553597712469,3868.1351072201455,3924.3766767452307,2614.9022898669955,1562.374737674021,1547.820944152466,6003.305495573062,3300.601290795025,3299.2761904761905,365
CNF,111166.99999999999,55592.99999999984,55574.0000000002,15489569.999999998,7746649.999999985,7742919.999999948,14851252.999999974,7427993.999999962,7423258.999999944,638317.0000000028,318655.9999999985,319660.9999999983,26.415917905623786,20.90634920634921,20.516666666666666,3952.92823549,2927.908061219826,2816.1037602919955,3952.92823549,2927.908061219826,2816.1037602919955,610.9999999999999,496.0,528.0,365
BAH,75963.99999999913,37928.99999999996,38035.000000000015,13342833.000000017,6662345.000000001,6680488.000000065,0.0,0.0,0.0,13342833.000000017,6662345.000000001,6680488.000000065,26.25491437887323,18.3932936790053,23.54338555681809,4535.901409874345,3233.9800216011686,4041.771251144186,0.0,0.0,0.0,4535.901409874345,3233.9800216011686,4041.771251144186,365
CPT,80835.99999999988,40432.0000000005,40403.99999999986,13180245.99999987,6589374.999999987,6590871.000000035,9404262.000000013,4700469.9999999935,4703791.999999996,3775984.000000044,1888904.9999999905,1887079.0000000028,26.912852833441068,17.089348559936795,15.666666666666666,4313.184857406632,2462.036156534754,2365.6808500398756,2722.470532212885,1757.4625,1917.111772486773,1680.8652977319962,1259.0788363369006,1381.8888888888891,365
CRL,66789.99999999987,33394.999999999935,33394.999999999876,12945562.000000056,6472760.000000007,6472802.000000001,0.0,0.0,0.0,12945562.000000056,6472760.000000007,6472802.000000001,23.07142857142857,18.0,12.0,4420.057142857142,3470.0,2271.1241830065355,0.0,0.0,0.0,4420.057142857142,3470.0,2271.1241830065355,365
BRS,68902.99999999977,34465.0000000001,34437.999999999956,12203973.999999909,6104157.000000035,6099816.999999957,1768696.0000000047,884378.0000000016,884318.000000003,10435277.999999935,5219779.000000007,5215498.999999963,23.25,15.0,19.0,4040.255131964809,2868.0,3526.0,930.0,778.974358974359,793.0,3776.140415140415,2496.0,3526.0,365
KHN,91312.00000000009,45654.99999999999,45657.0000000005,14239532.000000047,7119165.000000044,7120366.999999999,14129928.000000058,7066343.000000042,7063584.999999996,109604.0000000001,52821.999999999935,56781.999999999956,25.91959151959152,17.390942390942392,17.720454545454544,4047.845415695416,2759.762753912754,2884.2796314796315,4047.845415695416,2759.762753912754,2884.2796314796315,274.642857142857,239.0,274.642857142857,365
CMB,63765.0000000001,31917.99999999999,31847.00000000012,12554258.999999871,6273229.000000033,6281029.999999989,25263.999999999967,12912.000000000051,12352.000000000005,12528994.999999866,6260317.000000038,6268677.999999994,15.662953712953714,13.711904761904762,12.218789543789542,3285.083849483849,2635.061904761905,2462.7818181818184,32.0,24.0,24.0,3285.083849483849,2635.061904761905,2462.7818181818184,365
RSW,82436.99999999983,41217.00000000003,41220.000000000065,14044866.000000013,7022049.000000013,7022817.0,13629256.000000034,6814374.00000001,6814881.999999991,415610.0000000053,207675.00000000076,207935.00000000087,34.125,17.745833333333337,19.362726419462227,5784.141666666666,2943.6136904761906,3119.5103098984846,5478.641666666666,2901.660664631228,3119.5103098984846,638.5305013826751,391.36874236874246,358.4999999999998,365
BLQ,74221.00000000004,37114.00000000018,37106.9999999999,12982480.00000005,6491768.00000001,6490711.999999959,3098339.999999998,1549221.9999999963,1549118.000000001,9884139.99999999,4942545.999999995,4941593.999999984,20.425096145684382,13.532459370694665,11.162257238158565,3804.99984655867,2609.77463059816,1865.3010878010878,1323.0,1144.0,862.5,3237.99984655867,2231.77463059816,1777.3010878010878,365
LIN,93010.99999999872,46493.000000000175,46517.999999999854,14405803.0000001,7201196.000000048,7204607.000000017,6109884.999999966,3054602.000000024,3055283.000000026,8295917.999999986,4146593.9999999963,4149323.9999999944,22.492320228790817,15.923006405359347,15.346713417301652,3713.301832807715,2595.211088127559,2633.495605701488,2368.5143369175626,1694.3326810444455,1626.13277519559,2560.7240550299375,1957.7780480956953,1883.5289390348212,365
OAK,83448.00000000055,41715.99999999988,41732.00000000016,12415356.000000032,6207510.000000015,6207846.00000002,11274046.000000024,5636567.000000009,5637479.000000021,1141310.0000000019,570943.0000000022,570367.0000000073,31.51749908675905,20.793757876110817,21.136879129969632,4797.507854124016,3307.586927694922,3303.9718187894905,4797.507854124016,3307.586927694922,3303.9718187894905,1058.4112911520488,574.7897435897436,1058.4112911520488,365
CMN,84255.00000000061,42118.999999999854,42135.99999999978,14617138.999999871,7307069.00000003,7310069.999999938,1541333.0000000058,771565.0000000012,769767.9999999969,13075805.999999972,6535504.000000077,6540302.000000012,23.756782654033188,18.20772737096256,20.652590801243203,4465.651135076685,3059.8306161812043,3927.7564366622128,1129.701055796407,544.7857642031171,721.151735340808,4188.642588068138,3059.8306161812043,3509.7796829499753,365
SAT,91256.00000000067,45629.00000000001,45626.99999999993,14156525.000000052,7078399.999999989,7078125.000000064,12912431.000000041,6456855.9999999525,6455575.000000057,1244093.999999983,621543.9999999997,622549.9999999952,25.88533089126068,15.949748633719224,18.666572670950025,4022.802674695464,2456.2197740168326,2989.5546434466046,3878.431575548634,2456.2197740168326,2954.754643446605,875.1486332318252,758.8929159666885,577.3489897199574,365
EZE,63491.99999999991,31639.00000000012,31853.00000000001,13714069.000000022,6835534.999999967,6878533.999999983,3627250.0000000647,1795889.9999999814,1831359.9999999944,10086819.000000125,5039644.999999986,5047174.000000007,18.48392857142857,12.815754685963414,13.067652329749103,4352.228571428572,2563.2948490278454,2820.050222708568,1381.6,1381.6,1349.75,3167.2285714285717,1758.091653286625,2820.050222708568,365
MCI,103554.99999999913,51780.00000000012,51774.999999999665,14807542.000000115,7404257.000000019,7403285.000000016,14648680.000000112,7325194.000000027,7323486.000000016,158861.9999999999,79063.00000000007,79798.99999999978,32.56358566270331,20.274460604754726,20.635616543008673,4659.774032340209,2913.9827928607338,3013.894562258167,4659.774032340209,2913.9827928607338,3013.894562258167,540.8,540.8,353.0000000000001,365
MED,57312.00000000032,29146.000000000127,28166.000000000175,12176932.99999997,6245449.999999983,5931482.999999987,3712482.0000000005,1833320.0000000026,1879161.9999999944,8464451.000000028,4412130.000000022,4052320.999999974,16.52159674352042,8.82615200552013,9.341665524259456,3187.661651671491,1966.3994047619049,1831.0970754735463,1334.1643356643358,829.7380066170389,1201.9642857142858,2548.6358534992314,1527.6520814479638,1620.6784750143386,365
MRS,84163.00000000045,42088.9999999998,42073.999999999665,13949056.999999996,6975949.999999977,6973107.000000027,3819713.0000000084,1909900.999999993,1909812.0000000151,10129343.99999995,5066048.999999986,5063295.000000022,30.5791047188106,16.004018040782746,16.77289638466109,4662.4421828171835,2701.78532170444,2733.5373303167426,1681.5,1224.7286324786323,1191.1745574686752,4108.6053985230465,2443.0,2556.7873303167426,365
ALA,76115.99999999967,38090.99999999987,38025.00000000026,13030902.000000022,6510134.000000012,6520768.000000031,7164285.000000011,3585233.0000000144,3579052.000000034,5866617.000000021,2924900.9999999963,2941715.9999999963,17.913702963702963,11.37950937950938,11.737878787878788,3220.875036075036,2029.141414141414,2085.8380952380953,1966.0070596070595,1510.920634920635,1278.2658008658009,2195.4996336996337,1293.5873015873017,1316.4666666666667,365
ALG,83004.00000000032,41408.9999999999,41594.99999999996,12400819.000000164,6186949.000000036,6213870.000000057,2963714.99999998,1476480.0,1487234.9999999974,9437103.999999868,4710469.000000011,4726635.0000000205,25.698522917832378,13.003571428571428,14.196275946275945,3914.308513566341,2014.0828808446456,2480.2407479985754,1435.3758332116968,670.3502657473246,991.3758332116968,3481.7370023480908,1930.0828808446456,2279.044694655783,365
INC,74730.00000000013,37352.00000000023,37377.999999999935,12235038.000000035,6114688.999999976,6120348.999999988,12179144.000000028,6086741.999999979,6092401.999999993,55893.99999999998,27947.0,27946.999999999993,28.399311799311796,18.52840354090354,17.902777777777775,4761.55843045843,3053.907951770452,2990.7315628815627,4761.55843045843,3053.907951770452,2990.7315628815627,397.5,397.5,302.0,365
SJW,82885.00000000061,41437.99999999999,41446.99999999997,14346706.999999944,7171022.000000019,7175684.999999993,14153364.999999946,7074345.000000022,7079019.99999999,193342.00000000003,96677.00000000003,96664.99999999993,25.964754689754688,14.707142857142857,17.46904761904762,4650.441955266955,2721.965079365079,3236.7785714285715,4467.441955266955,2721.965079365079,3053.7785714285715,363.9166666666665,261.0,363.9166666666665,365
AMM,75909.00000000042,37940.00000000001,37968.999999999825,12893247.000000106,6443051.999999979,6450195.000000072,196697.9999999995,98399.0000000001,98298.99999999984,12696549.00000006,6344652.999999989,6351896.000000078,22.293615012438543,17.882737486753133,18.699962088357175,3431.4181308887187,2880.9144429334438,2902.7030210543144,190.01169590643275,190.01169590643275,190.01169590643275,3431.4181308887187,2798.5249692492334,2758.4530210543144,365
SNA,101638.9999999999,50814.99999999976,50823.99999999965,13960631.000000117,6980128.00000002,6980503.000000008,13571171.00000008,6785398.000000025,6785773.00000001,389459.9999999978,194730.0000000004,194729.99999999913,34.97888379594262,21.21897370603253,20.267605433781906,4726.611180936052,2909.003611029493,2764.12731444412,4557.611180936052,2739.6321824580646,2764.12731444412,531.02036199095,346.89487179487173,338.1315535214849,365
CEB,100681.0000000004,50663.00000000029,50017.99999999988,14856945.999999933,7535317.00000001,7321628.999999959,11037245.99999999,5526160.000000026,5511086.000000006,3819699.999999973,2009157.0000000037,1810542.9999999974,27.904795204795207,16.6,19.471944721944716,4299.364750527251,2638.9799062049065,2985.5392218892216,3520.7280053280056,2312.244444444444,2700.891785991786,2478.5342657342662,1494.4555555555557,2036.3782883782883,365
CTA,75039.00000000012,37511.00000000007,37527.99999999958,13806300.999999963,6901852.000000007,6904448.999999973,8275683.000000027,4137673.000000025,4138010.000000009,5530618.00000003,2764179.0000000033,2766438.9999999935,21.34742904154669,13.055522255522256,12.22723550958845,4077.9833333333336,2452.9425463425464,2267.471001221001,2466.2083333333335,1473.75,1805.413703943116,2834.6923076923076,1485.9999999999998,1885.0,365
LYS,87217.00000000038,43612.00000000007,43605.000000000175,13193581.999999957,6597314.000000018,6596267.999999983,2906442.9999999874,1453272.000000005,1453171.0000000014,10287138.999999981,5144042.000000027,5143096.999999964,29.18045035949912,15.979666575254809,16.976190476190474,4164.161962052285,2337.3831867057675,2315.509730848861,1805.2975845410629,1073.3333333333333,1238.0091503267975,3455.8435346015995,2054.12527436721,2164.143989523022,365
PIT,102868.99999999984,51433.99999999983,51435.0,12753963.999999821,6376983.000000014,6376981.000000085,12477873.999999797,6238959.000000055,6238915.0000001,276089.9999999999,138024.0000000003,138065.99999999846,33.94267301326124,19.165757771640127,23.87866402436157,4046.9652001593176,2719.1430807578818,3212.4508534523593,3958.2985334926507,2719.1430807578818,3212.4508534523593,451.9643134643136,451.9643134643136,287.49999999999994,365
VCE,78076.99999999981,39029.99999999993,39046.99999999997,13992009.99999997,6994628.999999993,6997380.999999991,2641030.999999997,1320435.9999999977,1320594.9999999993,11350979.000000045,5674193.000000011,5676786.000000003,26.979458188869952,14.341398862575328,15.06173179092905,4826.988501041442,2864.9543656343662,2681.471616561898,1342.0,990.0,944.0,4187.45293304895,2465.9543656343662,2485.8995159089277,365
VKO,75190.99999999996,37599.999999999665,37591.00000000047,12434405.999999946,6217917.999999997,6216487.999999915,4295419.000000031,2147476.000000004,2147942.9999999893,8138987.000000063,4070442.000000009,4068545.0000000023,20.12841215252081,14.258239967917387,11.77600927460675,3660.9303999905014,2301.146753246753,2036.844413575483,1894.6089511374144,1479.6301476301476,1278.3992595639654,3069.2969689054576,1783.1071157038896,1642.8955703040592,365
WUX,77743.99999999984,38864.00000000006,38879.99999999998,13155175.000000054,6576094.999999961,6579079.9999999795,12155499.999999996,6076297.000000016,6079202.999999978,999674.9999999979,499797.99999999994,499876.99999999936,24.334448884448882,17.552580752580752,19.234325396825398,4091.0782439782442,2994.9701576201574,3222.1920634920634,3768.7675935175926,2682.098362748362,3222.1920634920634,694.3811965811967,539.6153846153845,558.8555555555555,365
CLE,92880.9999999997,46443.00000000035,46437.99999999971,12912018.000000013,6456385.000000019,6455632.999999987,12462856.000000026,6231626.000000023,6231230.000000005,449161.9999999994,224759.0000000004,224403.00000000017,27.019312907279748,19.067092417386537,22.629813185103917,3878.4082384697226,2648.533684629389,3134.9921709662885,3694.408238469722,2648.533684629389,3134.9921709662885,624.0571428571429,624.0571428571429,467.1043270455035,365
COK,72402.0000000004,36175.00000000002,36226.9999999998,13370245.999999959,6680160.999999959,6690084.999999985,7158998.00000006,3574832.999999972,3584165.0000000154,6211247.999999936,3105328.000000002,3105919.9999999725,20.078205128205127,14.128205128205128,12.402347652347654,3761.6610389610387,2648.251282051282,2398.9166666666665,2289.840093240093,1509.654761904762,1457.8,2231.49010989011,1338.0437062937062,1189.666666666667,365
IND,104661.00000000052,52335.00000000004,52325.99999999999,13584850.000000004,6793086.000000027,6791764.000000035,13478511.999999993,6739597.000000037,6738915.0000000335,106337.99999999987,53489.00000000008,52848.99999999987,34.34411340293693,19.012739548033665,23.123774106675683,5042.642254477549,2836.0262743792155,3222.759658176497,4858.642254477549,2773.1343852226205,3222.759658176497,422.5,348.7777777777778,422.5,365
PNQ,70271.00000000006,35138.00000000001,35132.99999999977,12984940.99999995,6492827.000000005,6492113.999999993,12527377.999999968,6264292.0,6263086.00000001,457563.0000000009,228534.99999999985,229027.99999999994,15.997863247863247,10.82008547008547,11.392857142857142,3206.963911088911,2082.308547008547,2245.8,3180.7258158508157,2082.308547008547,2245.8,389.7857142857142,389.7857142857142,251.99999999999997,365
PUJ,66948.99999999959,33573.0000000001,33375.9999999999,12802250.999999873,6430492.000000043,6371759.000000018,0.0,0.0,0.0,12802250.999999873,6430492.000000043,6371759.000000018,37.75324317107173,24.12143025537135,20.79530852870511,7097.4742070726625,4385.821173625346,4140.050938256346,0.0,0.0,0.0,7097.4742070726625,4385.821173625346,4140.050938256346,365
SJC,99272.00000000051,49634.99999999982,49637.00000000013,14214464.999999942,7107068.000000015,7107396.99999996,13497184.99999999,6748712.999999966,6748471.9999999665,717279.9999999917,358355.0000000016,358924.9999999983,30.9149808688044,23.65445012503836,19.234367527896936,4562.455980751274,3469.856974398151,3028.927521236933,4344.325638870932,3469.856974398151,3028.927521236933,1007.0,759.4691430433363,531.4746031746033,365
KTM,121238.9999999991,60588.00000000037,60651.00000000038,12175246.00000011,6076784.999999988,6098460.999999937,5866500.000000012,2933551.0000000135,2932948.999999998,6308745.999999958,3143234.0000000247,3165512.0000000326,34.503263403263404,21.764002664002664,19.546092796092793,3641.6413586413582,2423.25347985348,2199.8739704739705,1786.5,1014.125,1150.5,2633.953846153846,1527.6590909090908,2198.0274725274726,365
VLC,78560.99999999939,39328.999999999985,39232.00000000004,13481332.99999988,6745880.9999999935,6735451.999999974,3583049.9999999986,1796708.000000001,1786342.0000000019,9898283.000000041,4949172.999999997,4949110.0000000335,25.8034188034188,15.305802968960862,13.083333333333334,4544.303418803419,2610.0742240215927,2244.4851162619707,1656.0,925.0,1125.0,3924.9839572192514,2223.1794871794873,2068.0,365
ADB,74481.00000000067,37234.00000000029,37247.000000000065,14261243.000000045,7130088.000000027,7131155.00000004,8408388.00000003,4204797.999999963,4203589.999999985,5852854.999999917,2925290.000000004,2927564.999999992,21.201705605168605,14.124746221520416,14.074303405572754,4036.0205842544556,2713.5770358673585,2715.6433436532507,3585.35,2367.290384615385,1962.9933177933178,2721.965034965035,2256.4266374148724,1904.6294834198056,365
NGO,87911.00000000009,43956.00000000026,43955.00000000026,14833323.999999993,7416960.000000012,7416364.000000078,7937417.999999991,3968877.0000000033,3968540.9999999865,6895906.000000095,3448082.999999989,3447822.999999999,26.308880008880006,17.237667887667886,17.270039682539682,4102.943495393496,2852.135714285714,2933.7607142857146,2593.533333333333,1587.2666666666664,2084.083333333333,2671.149358974359,1787.9107142857142,2145.571561771562,365
TIA,64205.00000000029,32109.000000000062,32095.999999999898,13061968.000000026,6531172.000000013,6530795.999999979,0.0,0.0,0.0,13061968.000000026,6531172.000000013,6530795.999999979,20.02284033560331,12.75,12.047702912792428,4127.163634728992,2377.5,2677.2328182142764,0.0,0.0,0.0,4127.163634728992,2377.5,2677.2328182142764,365
RAK,65082.0,32511.000000000135,32570.999999999935,11848560.000000058,5919068.00000001,5929492.000000002,607939.0000000028,302820.99999999884,305117.99999999953,11240621.000000084,5616247.000000008,5624374.0000000065,20.567813692463062,11.499375475181926,10.547273225785723,3805.151895867885,2146.557134894091,1937.1848484848483,756.0,567.0,567.0,3534.709653092006,2128.75,1905.3848484848484,365
ACE,65869.00000000017,32962.00000000015,32906.999999999774,9728186.99999992,4868883.000000036,4859303.999999987,3466618.000000012,1734444.0000000012,1732174.0000000072,6261569.000000008,3134439.000000006,3127129.9999999865,23.498999875660218,13.282938124494102,12.149878808969381,3873.4391635667725,2288.5031674208144,1994.408213551005,1607.8461538461538,759.0,1025.4615384615386,3351.3417775035423,2029.5031674208144,1716.2499999999998,365
GLA,63808.99999999963,31900.000000000113,31909.000000000233,9423136.999999985,4710732.000000005,4712405.000000008,4278742.999999974,2139233.999999999,2139508.999999999,5144394.000000045,2571498.0000000047,2572895.999999976,21.446336669866085,12.404012654012654,13.919824662636724,3423.7279411764703,1803.75,2326.3843577919665,1725.6511312217194,1016.0,1072.110288404406,2688.848356629666,1620.0,1824.5459736342088,365
LOS,68505.00000000017,34409.00000000029,34096.00000000038,9490735.99999996,4768009.000000005,4722726.999999996,5286608.99999997,2650440.000000022,2636168.9999999935,4204127.000000005,2117569.0000000014,2086558.0000000119,25.992120819315033,16.714023738940913,17.813959680802352,3651.9568509124256,2391.126732404887,2302.495139985462,2344.744612330929,1733.094670349296,1985.4247587537911,1989.292459433974,1109.7233626588466,1792.2347005724616,365
BEG,77598.00000000102,38798.99999999996,38799.00000000031,10746591.000000004,5373214.000000046,5373376.999999959,45143.999999999985,22680.000000000004,22464.000000000004,10701447.000000011,5350534.000000044,5350912.999999965,40.92790530903646,27.854400080206528,32.48860436158822,5505.619702861802,3378.0269663132563,4228.177626137303,147.2,144.0,147.2,5505.619702861802,3378.0269663132563,4228.177626137303,365
CGN,65274.99999999996,32657.000000000015,32618.00000000021,11685960.99999998,5846510.000000001,5839450.999999964,1085017.9999999965,542498.9999999995,542519.0000000007,10600943.000000067,5304011.000000001,5296931.999999981,21.727949175008,13.516771189405459,13.896478883435403,3722.7222267928146,2486.5403926139224,2433.156675208849,794.5705128205129,467.1538461538462,455.5,3287.786896110426,2486.5403926139224,2175.9094794094794,365
HRG,43796.00000000012,21876.999999999967,21918.999999999996,8066635.000000002,4030132.000000015,4036503.0000000196,736843.0000000043,368821.99999999907,368021.00000000186,7329792.000000005,3661309.9999999837,3668482.000000001,16.434421134421136,8.6516601677892,9.261904761904763,3006.9934284016636,1690.804298642534,1851.0073172905525,517.2,300.4692082111437,364.28846153846155,3006.9934284016636,1690.804298642534,1851.0073172905525,365
YNT,66536.00000000035,33270.00000000023,33266.00000000003,10645981.999999978,5323097.999999991,5322883.999999992,10044587.999999966,5021540.999999978,5023047.000000003,601393.9999999973,301557.0000000002,299837.00000000023,20.40681818181818,12.92024642024642,13.866396103896104,3388.502156177156,2133.828416028416,2302.6277777777777,3202.1855089355086,1976.828416028416,2302.6277777777777,537.5692307692308,471.0000000000001,404.14102564102586,365
LJG,62064.000000000015,31033.99999999989,31030.0,9981879.999999968,5005088.000000037,4976791.999999983,9839780.999999976,4933502.000000033,4906278.999999973,142099.00000000003,71586.00000000001,70513.00000000012,22.364357864357867,13.226046176046177,13.912698412698413,3632.835064935065,2172.622005772006,2285.655377955378,3632.835064935065,2172.622005772006,2285.655377955378,434.9000000000001,434.9000000000001,404.99047619047633,365
TAS,61593.00000000003,30737.000000000146,30856.000000000065,11054925.999999942,5514697.999999988,5540228.000000054,1508668.0000000007,751998.0000000007,756670.0000000005,9546257.999999946,4762700.000000015,4783558.00000005,15.793650793650793,11.0,11.50218253968254,2953.5037185037186,2272.300865800866,2271.140873015873,803.9499999999999,803.9499999999999,780.6,2808.3393939393936,2272.300865800866,1915.4248973248973,365
CTG,51670.99999999984,25608.99999999996,26062.000000000065,9272696.000000084,4567847.0000000205,4704848.999999978,7267467.999999885,3654485.999999997,3612982.000000005,2005227.9999999953,913361.0000000077,1091866.9999999972,16.825464052153272,10.092477325618157,9.480420415904286,3012.0417479332746,1811.8467244330623,1804.2276674937966,2880.617740682257,1539.1874201067749,1341.430320575482,1633.5558886822644,982.9274961597542,1072.1678795587713,365
ADL,71147.00000000025,35739.00000000005,35408.00000000033,10745167.00000001,5403532.999999993,5341633.999999984,9349800.999999914,4705580.999999978,4644219.999999978,1395365.999999986,697952.0000000003,697414.0000000002,23.134156929934917,13.639086730263198,15.188609429785899,3308.118093639441,1925.5889140271493,2311.964345458463,2957.397954333249,1755.5889140271493,2077.584858278976,1010.1277056277056,852.8299120234607,723.0662393162396,365
CMH,96642.99999999948,48321.00000000035,48321.999999999935,11778653.000000047,5889178.999999955,5889474.000000022,11689583.000000052,5844515.999999961,5845067.000000015,89069.9999999996,44663.00000000003,44406.99999999994,29.03396942926355,20.849999999999998,22.6547619047619,3948.9230932466226,2668.2279761904765,2859.1130952380954,3948.9230932466226,2668.2279761904765,2859.1130952380954,251.0,240.0,240.0,365
OVB,74516.00000000025,37263.00000000011,37253.00000000006,9923366.999999972,4961227.99999997,4962138.999999983,7790727.999999944,3897118.9999999763,3893608.999999994,2132638.999999988,1064108.999999999,1068530.0000000016,19.297023809523807,14.599404761904761,13.07595598845599,2900.390254190254,2204.9957153957153,2237.339411976912,2481.297946497946,2028.9957153957153,1731.6828463203465,1118.7142857142858,908.0,770.0,365
NBO,83666.9999999995,41720.0000000001,41947.00000000028,11234388.000000048,5596155.999999968,5638232.000000021,2311945.9999999935,1155995.0000000065,1155951.0000000042,8922442.0000001,4440160.999999985,4482281.000000032,23.48205364999565,13.580229311248987,18.812698811285973,3344.1260030818853,2097.539508333337,2553.7789192132145,889.0819424196777,538.0119047619048,529.5714285714286,3229.3760030818853,1927.8926773572016,2460.739288041707,365
REC,70560.00000000006,35260.00000000002,35300.000000000204,11430438.000000095,5711815.000000006,5718623.0000000065,10853460.000000108,5423481.000000024,5429979.00000001,576977.9999999998,288333.999999999,288644.0000000005,20.431012472892267,15.125,14.461904761904762,3216.944354452027,2322.866666666667,2412.8916666666664,3216.944354452027,2322.866666666667,2071.9547619047617,691.4888888888888,691.4888888888888,582.4166666666663,365
CVG,90211.99999999993,45105.00000000044,45107.000000000015,11158677.999999959,5579229.999999973,5579447.9999999795,10768067.999999994,5383924.999999987,5384142.999999963,390609.99999999994,195305.00000000015,195304.99999999892,27.036389874460163,16.612416994769934,24.16995318407083,3691.6101536218284,2236.0742094506795,3271.418586642116,3409.610153621828,2236.0742094506795,3271.418586642116,646.2188034188035,592.1538461538462,472.0,365
IBZ,63684.00000000037,31738.99999999994,31944.9999999998,10317670.00000013,5147535.999999963,5170133.999999944,4521631.999999982,2256391.9999999995,2265239.999999998,5796037.999999994,2891144.000000007,2904894.0000000037,23.125,11.834768740031896,12.125,3841.555242243055,2114.7036566103884,2154.097177726926,1951.4581939799332,1158.7384615384615,1036.6956807897984,2978.5,1743.25,1718.7333333333333,365
PMO,60259.00000000021,30104.000000000047,30155.00000000013,10438823.999999892,5214955.000000015,5223868.999999987,6977378.000000014,3488509.9999999916,3488868.0000000233,3461445.9999999995,1726444.999999997,1735001.000000001,19.32905982905983,10.18888888888889,11.36111111111111,3310.964102564102,1858.6277400124648,1913.5238095238096,2376.5,1362.8381818181817,1358.5238095238096,1934.9093117408904,1249.7606837606838,1402.6067476383264,365
PEN,59021.99999999991,29511.000000000015,29511.00000000012,10074492.999999959,5037105.0000000065,5037388.00000001,4864326.999999997,2432061.000000005,2432266.0000000033,5210166.0000000475,2605044.000000008,2605122.000000002,19.55122655122655,11.165656565656565,10.639682539682541,3658.986213786214,1986.7030303030301,1992.9285714285716,2551.917107892108,1477.4666666666667,1196.942857142857,2140.642857142857,1267.042857142857,1138.3173076923078,365
XNN,63691.00000000029,31840.9999999999,31850.00000000022,9721047.000000019,4860471.000000021,4860576.000000023,9704217.000000026,4852056.000000023,4852161.000000026,16830.0,8415.0,8415.000000000002,29.10182595182595,17.264393939393937,18.66109584859585,4960.843220668221,2748.4704045954045,3284.8809523809523,4960.843220668221,2748.4704045954045,3284.8809523809523,348.0000000000001,292.0,292.0,365
STR,72728.9999999999,36378.000000000065,36350.999999999854,11780879.99999999,5893037.999999981,5887841.999999988,1715470.9999999886,856417.0000000048,859054.0000000029,10065409.000000061,5036620.999999999,5028787.999999983,25.3553134773723,12.829210789210789,20.58165445665446,4339.694490313608,2143.2920096243624,3075.637057387057,859.875816993464,676.5882352941177,799.5,3813.658089622795,2118.0,2749.944444444445,365
SVQ,60368.999999999796,30191.000000000233,30178.000000000065,10867409.99999995,5434819.999999987,5432590.000000015,5019183.999999976,2510836.999999997,2508347.0000000033,5848226.000000022,2923983.000000012,2924243.000000008,19.6750208855472,12.502985902985902,13.041666666666666,3653.315789473684,2202.7157894736843,2364.2708333333335,2005.372735760971,1281.6023042559839,1299.0,2959.515789473684,1877.9157894736843,1890.8992184286303,365
SWA,81061.0000000002,40582.00000000004,40478.99999999996,11674459.999999957,5843899.99999999,5830559.999999985,11324623.999999957,5668984.99999999,5655638.99999998,349835.9999999992,174915.00000000044,174921.00000000006,27.771428571428572,17.315873015873017,18.304761904761904,4397.398412698412,2576.593650793651,2556.057142857143,4158.398412698412,2466.5015873015873,2268.0700271950273,682.2,454.33333333333337,431.0999999999999,365
JJN,61671.000000000255,30838.00000000011,30833.00000000003,10515540.000000017,5258174.999999982,5257365.000000035,9907172.000000017,4953990.999999988,4953181.000000028,608367.999999999,304184.00000000023,304184.0000000003,23.165097402597404,15.962726162726163,15.43968253968254,3872.650198412698,2794.1293151293144,2661.1642857142856,3593.983531746032,2794.1293151293144,2661.1642857142856,706.0545454545454,691.5444444444445,706.0545454545454,365
SOF,55041.99999999974,27544.000000000193,27497.999999999945,9606462.00000011,4807610.999999998,4798851.000000025,312744.0000000008,156371.9999999994,156372.00000000003,9293718.000000082,4651239.000000012,4642479.000000024,17.320827048768223,11.594979446023087,11.823328305681247,3158.209651567736,2224.020583833202,2195.6656611362496,414.3571428571429,414.3571428571429,288.0,3158.209651567736,2224.020583833202,2195.6656611362496,365
TLS,60369.999999999825,30182.000000000015,30188.00000000014,9459789.00000001,4729606.000000012,4730183.000000013,3924705.9999999837,1962296.9999999974,1962409.0000000042,5535083.0000000205,2767308.999999991,2767774.000000001,25.241442920878406,13.459065302415686,14.667471417471418,3565.432142857143,2313.978318250377,2064.3065476190473,1934.8736802413273,1144.2486802413273,1120.3133053221288,2459.166666666667,1569.0402838780446,1501.0412626589098,365
BKI,63871.00000000024,31949.000000000357,31922.00000000018,10890916.99999994,5448073.999999991,5442842.999999999,8188894.999999961,4096923.0000000126,4091971.9999999874,2702022.0000000084,1351151.0000000002,1350871.0000000051,18.68243145743146,10.580982905982905,10.711165223665223,3160.1190476190477,1841.05,1917.5741591741594,3141.247435897436,1695.4809523809524,1917.5741591741594,1516.6964285714284,1113.517857142857,1007.4464285714284,365
HER,49348.999999999876,24637.00000000027,24712.000000000233,9136047.999999935,4562385.999999998,4573661.999999959,2245697.999999996,1122705.0000000023,1122993.000000002,6890349.9999999665,3439680.9999999697,3450668.9999999814,21.957753357753358,12.75,12.35989010989011,4082.0,2415.0,2301.1263736263736,1099.4731227320287,660.8246753246754,665.7152118257308,3752.0,2195.0,2081.1263736263736,365
LCA,58322.999999999556,29012.999999999905,29310.00000000008,11114852.999999916,5534144.999999999,5580707.999999953,180.0,0.0,180.0,11114672.999999916,5534144.999999999,5580527.999999953,20.38307720510422,11.014004812391908,11.08047619047619,3685.6533774469262,2391.8408777602326,2222.447619047619,45.0,0.0,45.0,3685.6533774469262,2391.8408777602326,2222.447619047619,365
MLA,61922.00000000031,30943.99999999978,30978.00000000008,11590187.000000022,5793403.999999966,5796783.000000013,0.0,0.0,0.0,11590187.000000022,5793403.999999966,5796783.000000013,21.07578577336642,11.997794320374966,11.661590043942985,4034.73194099807,2298.308864074993,2191.8253853989145,0.0,0.0,0.0,4034.73194099807,2298.308864074993,2191.8253853989145,365
NQZ,59109.00000000035,29546.000000000102,29563.000000000025,9701736.000000024,4847744.999999991,4853991.0,6927907.000000022,3458445.0000000102,3469462.000000005,2773828.9999999944,1389299.999999997,1384529.0000000007,17.53787878787879,11.66977466977467,10.517241092241093,2938.979020979021,1990.9932012432012,1780.7500000000002,2338.748778998779,1542.9932012432012,1356.4102564102564,1246.0,1046.4545454545455,811.1904761904761,365
SKG,54801.00000000008,27367.99999999989,27432.999999999935,9331922.00000001,4659796.999999979,4672124.999999964,3003185.9999999763,1501788.0000000033,1501397.9999999958,6328736.000000079,3158008.999999954,3170726.9999999627,19.838500790674704,11.630375764863429,11.627956357368124,3402.624561403509,2065.270134935695,2026.3155811508752,1198.5119922931985,795.0326086956521,827.8011418533158,3228.624561403509,1636.56045751634,1749.8666666666668,365
AER,71378.0000000003,35700.000000000124,35677.9999999998,11790526.999999983,5896638.999999963,5893888.000000031,9804427.999999935,4904464.9999999795,4899962.999999982,1986098.9999999779,992174.0000000068,993925.0000000035,22.946298039916556,13.005294884327142,13.823454323454323,4035.919511476829,2301.173137254902,2394.375535575536,3359.8492786392544,2201.173137254902,2159.7521034521033,977.8428571428574,478.5999999999999,627.5000000000002,365
FAO,62482.99999999891,31238.00000000014,31245.000000000073,11735714.999999978,5867163.999999985,5868550.999999976,738016.0000000024,369020.0,368995.9999999998,10997698.999999994,5498144.000000005,5499554.999999965,27.999545325376527,15.14520202020202,15.0,5358.242857142857,3047.612121212121,2741.5416666666665,557.8190476190475,413.7271062271062,395.0701357466063,5358.242857142857,2858.612121212121,2741.5416666666665,365
PBI,65769.9999999999,32885.999999999854,32884.00000000005,10893683.999999957,5447137.999999976,5446545.999999945,10751729.999999974,5376161.000000005,5375568.999999945,141954.00000000026,70976.99999999994,70977.0000000002,29.016243821957268,17.96672622369825,15.577678811302274,4762.575341031518,2968.2702305864073,2599.050832267722,4727.566178034489,2697.0279000411356,2438.910608394438,322.2763303005238,275.04598842018186,250.30215960510031,365
BSL,62404.99999999981,31237.000000000033,31168.00000000004,10747553.999999955,5379556.000000005,5367998.000000023,180.0,0.0,180.0,10747373.999999955,5379556.000000005,5367818.000000023,23.000052233820075,15.13119494884201,14.36239250945133,3740.7119577861845,2502.32816430881,2421.1367642157184,36.0,0.0,36.0,3740.7119577861845,2502.32816430881,2421.1367642157184,365
CNX,63504.00000000006,31755.99999999996,31748.00000000006,11632938.00000004,5816661.00000001,5816277.000000014,8380395.999999996,4190415.9999999646,4189979.99999998,3252542.0000000126,1626244.999999991,1626296.9999999905,19.296234321234323,11.22069597069597,11.012393162393163,3508.882532745032,2082.1125763125765,2138.8248418248418,2764.7454545454543,1688.0833333333333,1644.3141025641028,1600.361111111111,1142.8333333333335,1335.2777777777778,365
SSA,53388.00000000019,26689.000000000207,26698.99999999998,9082431.999999922,4541056.999999965,4541375.00000003,8429890.999999918,4214537.999999962,4215353.000000045,652540.9999999991,326519.0000000007,326022.0000000008,22.838462844345194,14.938224520577462,16.62265087853323,3892.714772808891,2487.8328377504854,2919.5737471678653,3892.714772808891,2487.8328377504854,2919.5737471678653,721.7645573380867,446.0277777777778,617.1666666666667,365
KEF,53330.000000000575,26653.000000000306,26677.00000000021,9541907.000000007,4768563.999999962,4773342.999999965,74.0,37.0,37.0,9541833.000000004,4768526.999999962,4773305.999999963,24.32636162856751,18.573846024809768,19.30444579929874,4417.619721357074,3224.4887852996676,3463.1931650702245,7.4,7.4,7.4,4417.619721357074,3224.4887852996676,3463.1931650702245,365
THR,60505.000000000065,29914.00000000005,30591.0,8525599.00000002,4207300.000000007,4318299.000000004,8520799.000000019,4204900.000000007,4315899.000000004,4799.999999999996,2400.0,2400.0,19.56818181818182,12.004962779156326,16.75,2558.840909090909,1694.0,2186.75,2503.868686868687,1694.0,2123.0,100.0,100.0,100.0,365
PVR,46188.000000000146,23093.000000000116,23094.999999999935,8345233.999999991,4172579.0000000177,4172655.0000000307,3945814.000000013,1972988.9999999914,1972824.9999999967,4399419.999999994,2199589.999999997,2199830.000000006,28.35746384081418,15.078711195821993,14.91859067118534,5308.893597566384,2743.8130144801953,2766.983168460573,2243.0628561340095,1294.722067906383,1040.1424987440332,4058.644694138069,2296.6886141493433,2301.1211400463853,365
RIX,55747.00000000008,27858.999999999913,27887.99999999995,8479161.000000004,4237060.999999975,4242099.999999992,0.0,0.0,0.0,8479161.000000004,4237060.999999975,4242099.999999992,23.477272173386353,20.22542735042735,19.75,3601.995599610417,3105.4123931623935,3003.5,0.0,0.0,0.0,3601.995599610417,3105.4123931623935,3003.5,365
SJD,51776.999999999935,25887.000000000007,25890.000000000036,9233126.999999955,4616125.000000001,4617002.0000000205,3417798.9999999944,1708909.9999999981,1708888.9999999963,5815328.000000004,2907215.000000003,2908112.999999997,31.260883982313082,17.53095238095238,17.768498474701712,5310.003927994885,2924.8751903436405,3004.815799778955,2144.0218401670018,1146.2535531135532,1259.5835952577888,4541.934197211393,2547.7464285714286,2582.014913366906,365
GDN,45409.000000000015,22705.999999999916,22702.99999999994,8141677.00000008,4071131.9999999707,4070544.9999999925,598044.0000000003,299087.0000000011,298956.9999999995,7543633.000000037,3772044.999999972,3771588.0000000135,15.320752408038935,9.657522624434389,14.003865415630122,2784.0574928339634,1701.7247575953459,2595.0574928339634,661.7222222222222,338.19444444444446,472.7222222222222,2595.0574928339634,1517.1143235849117,2406.0574928339634,365
SDU,58047.00000000001,29080.00000000015,28967.000000000007,8380450.000000023,4197971.999999996,4182477.9999999832,8380450.000000023,4197971.999999996,4182477.9999999832,0.0,0.0,0.0,15.585524815076397,9.968963226316166,11.18452380952381,2230.2203566643193,1456.1279537456007,1549.297619047619,2230.2203566643193,1456.1279537456007,1549.297619047619,0.0,0.0,0.0,365
TUN,56812.99999999926,28393.000000000215,28419.999999999956,9311697.000000065,4653601.999999987,4658095.000000001,160248.0000000004,79817.9999999997,80429.99999999974,9151448.999999993,4573784.000000002,4577664.999999999,19.13920003215441,9.90435381611852,12.66734549837223,3457.948268824558,1665.4974672386438,2127.422342116262,152.14285714285714,152.14285714285714,149.14285714285714,3457.948268824558,1665.4974672386438,2052.928983482486,365
ISB,38333.00000000012,19213.999999999854,19119.000000000022,8443123.000000063,4234998.0000000065,4208125.000000033,1897497.0000000163,953180.9999999955,944315.9999999921,6545626.000000014,3281816.9999999986,3263809.0000000126,14.065873015873017,9.508333333333333,9.06948051948052,3688.1134920634922,2634.9523809523807,2654.018831168831,1286.4335664335663,1127.4417249417247,1049.4335664335663,3247.9523809523807,2634.9523809523807,2260.018831168831,365
LXA,53919.000000000146,26957.00000000012,26961.999999999967,8047242.999999998,4004895.000000006,4042347.9999999753,7989642.999999999,3976095.0000000065,4013547.9999999753,57599.99999999998,28800.00000000001,28800.00000000003,20.72007992007992,12.761111111111111,11.691908091908092,3415.102661227661,1862.5166666666667,2015.9709526584527,3415.102661227661,1862.5166666666667,2015.9709526584527,216.0,180.0,179.99999999999977,365
NLU,52049.00000000025,26052.00000000018,25997.00000000011,8977383.999999963,4492198.99999997,4485184.99999998,8408056.000000035,4205097.999999958,4202958.0000000205,569328.0000000031,287100.9999999997,282227.00000000146,18.700206193474074,11.940371575855446,10.397840982546866,3198.210087445761,2155.570524099556,1923.9875132710426,3198.210087445761,2155.570524099556,1923.9875132710426,729.5,729.5,514.3523573200991,365
BGO,73314.99999999932,36659.000000000335,36655.99999999987,8498221.000000011,4249291.999999994,4248929.000000002,5366227.999999977,2685300.000000007,2680927.999999985,3131993.0000000056,1563991.9999999967,1568000.9999999988,28.697622946344172,21.433720821661996,17.515676101560107,3373.7310439837456,2364.140588235294,1987.9574531244773,2623.5139126290023,1803.1497058823527,1509.4026946593358,1989.3423838877802,1151.0130718954247,1137.4083308848014,365
EIN,39539.00000000046,19770.00000000006,19769.00000000002,7797986.999999958,3899082.000000004,3898904.9999999963,0.0,0.0,0.0,7797986.999999958,3899082.000000004,3898904.9999999963,15.012121212121212,10.0,7.171968554321496,3073.44,1890.0,1593.909090909091,0.0,0.0,0.0,3073.44,1890.0,1593.909090909091,365
SVX,59786.00000000042,29849.999999999985,29936.00000000002,8850655.000000052,4421130.999999988,4429523.999999983,6099955.999999988,3047580.0,3052375.999999996,2750699.0000000168,1373551.0000000019,1377147.9999999993,17.12855477855478,11.149368686868689,12.165675990675991,2411.847619047619,1836.4097222222224,1726.0677156177155,2079.847619047619,1403.2118215118214,1568.0677156177155,1797.611111111111,1453.0,977.9440559440558,365
BUR,75176.0000000001,37539.99999999971,37635.99999999956,9110662.99999995,4553927.000000032,4556735.999999969,9110662.99999995,4553927.000000032,4556735.999999969,0.0,0.0,0.0,26.424999999999997,15.770833333333332,20.37387829490771,3515.5979646134956,2224.473214285714,2683.4979110105583,3515.5979646134956,2224.473214285714,2683.4979110105583,0.0,0.0,0.0,365
ONT,56854.999999999505,28429.000000000164,28425.99999999991,9369733.99999993,4685185.000000042,4684549.000000021,8562240.000000004,4281416.000000005,4280823.999999989,807493.9999999966,403768.9999999979,403724.99999999575,19.117206780147956,12.028388278388277,15.610019229136878,3184.9878438554906,2155.577106227106,2613.392293621411,3006.2584320907845,1920.1924908424908,2613.392293621411,988.2675932192061,624.0244750052358,743.556721056721,365
POA,54454.00000000005,27232.00000000005,27221.99999999993,9277391.00000002,4640739.999999983,4636650.999999987,8827657.000000013,4415702.999999982,4411953.999999987,449733.9999999987,225036.99999999953,224696.99999999994,19.103944666444665,9.820833333333335,11.35705879088232,3183.234706959707,1639.5548351648354,1964.1155354449472,3009.234706959707,1517.7833333333335,1964.1155354449472,864.9216728690416,642.0000000000001,493.26666666666665,365
YEG,66104.00000000022,33047.99999999983,33056.000000000175,9241331.999999981,4620604.999999974,4620726.999999991,7683428.000000026,3840416.999999999,3843010.999999989,1557903.9999999998,780188.0000000019,777715.9999999998,22.75492167190459,12.035777675483558,11.996355278708219,2876.843494687897,1775.981468352436,1738.9946315122784,2466.165175347528,1457.417167114985,1524.9638351844233,987.3917287014064,875.258395368073,767.6637362637364,365
CHS,63676.00000000003,31837.999999999967,31838.00000000014,8252722.999999997,4126410.000000001,4126313.0000000163,8223378.999999995,4111738.0000000014,4111641.000000018,29343.99999999998,14672.000000000002,14671.99999999999,22.05445280209986,12.054822259755845,13.484624950213181,2976.6164133147054,1663.1090441771184,1942.46068963716,2976.6164133147054,1663.1090441771184,1942.46068963716,240.57971014492762,163.8454106280194,107.39999999999998,365
MLE,59835.99999999973,29897.99999999994,29938.00000000004,9084806.9999999,4543311.000000025,4541496.000000003,1649025.0000000203,822320.9999999969,826703.9999999977,7435781.999999938,3720990.0000000102,3714792.0000000284,25.22907647907648,18.416666666666668,14.0,4310.033333333334,2945.0,2195.230919080919,749.6666666666667,522.2454545454545,502.0050505050505,3832.44652014652,2679.0,2127.230919080919,365
JAX,65040.99999999976,32519.000000000015,32521.999999999884,9405495.000000065,4702487.00000001,4703007.999999998,9316367.000000048,4657923.000000004,4658443.999999997,89127.99999999996,44564.000000000065,44563.999999999935,22.223912819206934,14.079520837966921,14.619314672255845,3286.525457418399,2074.488881962028,2092.1151880798943,3096.598184691126,2074.488881962028,2045.9709947213455,261.0294117647061,261.0294117647061,249.75,365
NTE,50897.99999999985,25598.999999999996,25299.000000000015,8500922.000000052,4260932.000000008,4239990.000000005,2602218.000000003,1311623.0000000072,1290595.0000000058,5898704.0000000065,2949308.9999999995,2949395.0000000102,19.890849673202613,17.181623931623932,12.962745703682485,3281.7979242979245,2927.8333333333335,2033.0824895889311,1610.5294117647059,1260.25,1087.025641025641,2557.5,2315.6,1513.7142857142858,365
SAL,47279.00000000022,23638.999999999945,23639.999999999927,8455601.000000052,4227660.000000029,4227940.999999995,0.0,0.0,0.0,8455601.000000052,4227660.000000029,4227940.999999995,15.282582631752192,11.790585907597704,14.282582631752192,2762.8648737153944,2130.972130034254,2576.8648737153944,0.0,0.0,0.0,2762.8648737153944,2130.972130034254,2576.8648737153944,365
KHH,57169.99999999983,28577.000000000113,28593.00000000019,8646848.99999998,4322323.000000004,4324526.00000002,1429419.9999999988,713735.9999999999,715683.9999999984,7217429.0000000475,3608586.9999999856,3608841.9999999995,21.641880341880338,12.482750582750583,16.03653846153846,3389.4282051282053,2237.600932400933,2426.480769230769,646.3333333333334,427.55555555555554,420.0,2965.9282051282053,2167.600932400933,2073.5641025641025,365
KNO,52561.99999999996,26255.000000000076,26307.000000000084,9257600.999999924,4614742.000000027,4642859.00000004,6319084.999999993,3161842.000000022,3157243.0000000214,2938516.000000029,1452899.9999999946,1485616.0000000037,16.680555555555557,10.549175824175824,10.115695415695415,2943.523809523809,1888.6410256410256,1928.8857808857808,2054.5607142857143,1351.3216117216116,1384.8333333333333,1371.3846153846155,1151.6410256410256,947.0,365
BRI,48399.99999999998,24196.000000000007,24203.999999999985,8880253.000000006,4439536.000000018,4440717.0000000205,3830647.000000012,1916736.0000000044,1913910.9999999928,5049606.000000082,2522799.9999999916,2526806.0000000163,15.11111111111111,9.05751633986928,7.972222222222222,2795.666666666667,1660.5027423556835,1410.3333333333333,1652.3194444444443,989.0,762.8646834477499,2190.0,1200.6666666666667,1192.4,365
BEY,49020.00000000016,24583.99999999998,24436.00000000035,8786312.000000026,4408111.000000018,4378200.999999978,0.0,0.0,0.0,8786312.000000026,4408111.000000018,4378200.999999978,15.749635326150258,10.845069267649915,11.904431712399287,3017.6444987573605,1984.7670859606342,2073.383962479417,0.0,0.0,0.0,3017.6444987573605,1984.7670859606342,2073.383962479417,365
SJO,94482.99999999993,47431.00000000018,47051.99999999987,9163302.000000034,4576995.999999978,4586306.000000081,539101.0000000026,271622.9999999983,267477.9999999991,8624201.000000073,4305372.999999976,4318828.000000019,42.60067814538402,22.97178266178266,20.873641948219344,3290.4879338456185,2164.713286713287,2213.8364120944766,321.72197802197803,158.18351648351648,164.1153846153846,3190.9825575015325,2151.4132867132867,2148.8364120944766,365
GAU,46852.000000000255,23438.999999999967,23413.000000000073,8202545.000000021,4102898.99999998,4099646.0000000335,8075501.00000002,4039376.999999974,4036124.0000000265,127044.00000000001,63521.99999999999,63521.99999999999,17.11111111111111,11.286276223776223,10.071969696969697,3035.777777777778,2037.4932817182819,1881.0,3035.777777777778,2037.4932817182819,1881.0,480.0,239.99999999999997,240.0,365
GYD,51938.00000000053,26016.999999999927,25921.00000000009,8418423.999999998,4215482.000000004,4202941.999999995,0.0,0.0,0.0,8418423.999999998,4215482.000000004,4202941.999999995,17.60459324063812,11.742620197318654,13.777211024269846,2838.215480565782,2071.3543827685485,2120.5370549753857,0.0,0.0,0.0,2838.215480565782,2071.3543827685485,2120.5370549753857,365
OGG,65800.99999999978,32907.99999999979,32893.00000000028,8917198.000000058,4458613.00000001,4458585.000000015,8669876.00000006,4334952.000000008,4334924.000000007,247322.0000000003,123660.9999999999,123660.99999999975,25.163723630136857,15.779441749221036,13.561450712139598,3873.8618210675863,2561.030937339087,2156.3501751825524,3873.8618210675863,2561.030937339087,2156.3501751825524,683.0769230769229,489.0,683.0769230769229,365
JHG,53730.99999999982,26900.000000000084,26831.00000000015,8725046.999999993,4373549.000000016,4351498.000000024,8660710.999999989,4339401.000000013,4321310.000000026,64335.999999999985,34147.999999999956,30187.999999999993,23.84047619047619,14.757142857142858,12.302075702075703,3845.042857142857,2404.0,2012.0361416361416,3845.042857142857,2404.0,2012.0361416361416,313.25,313.25,313.25,365
MFM,53740.00000000062,26741.000000000044,26998.999999999894,9049164.999999931,4522994.999999996,4526170.000000008,0.0,0.0,0.0,9049164.999999931,4522994.999999996,4526170.000000008,20.947979797979798,10.738095238095237,11.8469696969697,3234.9198412698415,2009.6309523809525,1971.5048368298367,0.0,0.0,0.0,3234.9198412698415,2009.6309523809525,1971.5048368298367,365
BFS,44715.00000000029,22356.999999999935,22358.00000000008,7959560.000000013,3979639.000000018,3979921.0000000154,5038802.000000002,2519593.0000000075,2519209.0000000093,2920758.000000012,1460046.0000000005,1460712.0000000056,18.047619047619047,10.083333333333334,11.321266968325792,3268.4285714285716,1819.5,2022.733031674208,2546.25,1572.4166666666667,1320.9333333333334,1413.0,1091.25,1065.0,365
CLO,57134.99999999951,28601.00000000008,28534.00000000002,8721463.999999994,4362688.000000005,4358776.000000057,7374465.999999988,3688780.000000021,3685686.000000027,1346997.9999999914,673907.9999999978,673089.9999999999,15.737619860134071,10.85,9.89402103273071,2625.3590969389584,1687.0666666666666,1460.650667611958,2357.8613966678486,1346.5156216332687,1405.3173342786247,913.3762810666037,913.3762810666037,651.3535980148883,365
KHI,42328.00000000017,21113.000000000116,21214.99999999985,8733753.999999942,4352220.999999982,4381533.000000003,3250032.000000002,1625046.0000000084,1624986.0000000126,5483721.999999973,2727174.999999997,2756547.0000000023,13.364646464646466,9.793867243867243,8.127622377622377,3120.1454545454544,2038.2320346320348,1918.060606060606,1548.0384615384614,1158.6011904761904,1519.5538461538463,2432.35762015762,1548.7993006993006,1724.4687312687313,365
KOJ,69507.00000000009,34659.00000000012,34847.999999999854,8086925.999999934,4038550.000000033,4048375.999999981,7794589.999999954,3892451.000000036,3902138.999999984,292336.00000000006,146098.99999999997,146237.0,21.846153846153847,14.100699300699302,13.778846153846153,2578.5519813519813,1442.253846153846,1511.8181818181818,2578.5519813519813,1442.253846153846,1511.8181818181818,538.0,261.6,340.0000000000001,365
BDL,56797.999999999876,28398.99999999988,28398.999999999854,8215804.99999997,4107850.000000015,4107955.0000000107,7704000.999999961,3852127.9999999967,3851873.000000017,511804.0000000019,255721.99999999974,256081.99999999997,16.80549602172742,15.785444367987061,16.80549602172742,2491.6233701567967,2457.673436628731,2491.6233701567967,2457.673436628731,2457.673436628731,2302.6233701567967,553.036866359447,399.0,351.0,365
BIO,48132.00000000029,24067.999999999956,24063.999999999913,8157970.999999953,4079085.000000007,4078885.999999985,4564899.999999961,2282649.999999993,2282249.9999999944,3593070.9999999856,1796435.0000000035,1796636.000000002,16.47222222222222,11.565155456459804,10.199706959706958,2750.4444444444443,1895.2303376847556,1631.4945054945056,2034.31216724452,1117.6556776556777,1202.9166666666667,1781.3339626920274,1154.0788998583116,1134.6235820630982,365
CHC,70352.00000000003,35153.99999999998,35197.99999999973,8165532.999999946,4082076.9999999953,4083455.999999999,6065673.999999926,3032129.9999999925,3033544.000000001,2099858.999999998,1049946.9999999988,1049912.000000003,21.111424196718314,13.347670250896057,15.18095238095238,3084.5200112628954,2174.0860215053763,2077.357142857143,2012.7394677871148,1078.3138367009335,1312.0595965520006,1775.6184285560162,1352.29364223123,1088.2521564457047,365
TFN,78754.00000000006,39375.99999999995,39378.000000000065,8639911.000000035,4319794.000000019,4320116.999999988,8584857.000000047,4292267.000000021,4292589.9999999935,55054.0,27527.0,27526.999999999996,22.83688022950851,12.331501018859084,13.11357314855767,2911.6553765246126,1569.186166774402,1567.177266696152,2911.6553765246126,1569.186166774402,1567.177266696152,373.7499999999999,373.7499999999999,300.5,365
BOD,42401.99999999985,21202.000000000146,21200.0,7076089.000000031,3538191.0,3537897.9999999795,2322666.999999998,1161322.0,1161345.0000000047,4753422.000000025,2376869.000000011,2376552.9999999995,18.527199271814965,11.138772353589285,10.0,3183.0924000768528,1756.7939020255953,1686.159420289855,1387.0,771.2820512820513,834.75,2555.0,1240.1681426416721,1449.0,365
ECN,35149.999999999505,17574.00000000014,17576.000000000113,6632380.999999988,3315800.000000047,3316581.000000015,0.0,0.0,0.0,6632380.999999988,3315800.000000047,3316581.000000015,13.34980072659513,7.73422268907563,8.011306477625265,2522.312548152743,1421.136037424852,1537.8431544736097,0.0,0.0,0.0,2522.312548152743,1421.136037424852,1537.8431544736097,365
GOI,40607.00000000036,20303.99999999989,20303.000000000036,7750322.999999984,3875216.0000000005,3875107.0000000126,7493848.999999987,3746976.000000003,3746873.0000000075,256474.00000000084,128239.99999999996,128234.00000000026,17.88256188256188,9.927672327672326,9.450049950049948,3317.1099456099455,1888.2969030969032,1842.0701798201796,3317.1099456099455,1888.2969030969032,1842.0701798201796,455.29999999999995,455.29999999999995,286.17460317460313,365
SDQ,38200.00000000006,19067.00000000016,19133.000000000062,6578102.999999984,3277849.9999999823,3300253.0000000307,20930.0,18525.0,2405.0,6557172.999999983,3259324.999999982,3297848.0000000307,15.277741997618659,12.94345099345099,9.897636891185277,2634.516496287464,2015.7260017760018,1364.4308098114552,310.0,310.0,185.0,2634.516496287464,2015.7260017760018,1364.4308098114552,365
OMA,51720.00000000044,25860.99999999989,25859.0000000001,6648597.000000006,3324305.999999995,3324291.000000021,6648597.000000006,3324305.999999995,3324291.000000021,0.0,0.0,0.0,18.340436622201327,10.675507646475388,14.938584804354953,2172.7572370766484,1506.433907773042,1949.8394827358197,2172.7572370766484,1506.433907773042,1949.8394827358197,0.0,0.0,0.0,365
TSA,47934.00000000005,23967.000000000076,23966.999999999887,6536356.000000019,3268134.0,3268222.0000000107,3062592.0000000065,1531251.9999999981,1531340.0000000028,3473763.999999987,1736881.9999999949,1736881.99999999,15.278982128982129,9.103205128205127,8.828205128205127,2383.832167832168,1344.7897435897435,1324.871794871795,1180.423076923077,883.4666666666667,790.1925407925407,1357.1730769230771,844.8000000000002,855.0,365
JAI,43740.99999999999,21864.999999999953,21875.99999999994,6834905.999999991,3416489.999999999,3418415.999999991,6100761.999999978,3049328.000000008,3051434.0000000033,734144.0000000024,367162.00000000006,366981.9999999999,19.912820512820513,11.935042735042735,9.544871794871796,2881.297435897436,1723.6205128205127,1539.7641025641026,2881.297435897436,1723.6205128205127,1539.7641025641026,492.57142857142856,419.0,403.2380952380952,365
UIO,45196.999999999614,22781.00000000008,22416.00000000008,7377543.000000018,3741208.0000000075,3636335.0000000047,4032740.00000002,2016347.0000000047,2016393.0000000005,3344802.9999999786,1724860.999999997,1619941.999999988,14.285007607825444,10.42375637434461,11.389589476546,2470.5483760683765,1603.175511863068,1790.0991697513437,1704.0,1387.0379620379622,1389.7302697302698,1229.878065921709,967.9914529914529,1012.0,365
BOI,58155.00000000037,29079.000000000033,29075.999999999905,6474667.000000046,3237586.0000000005,3237080.999999976,6474667.000000046,3237586.0000000005,3237080.999999976,0.0,0.0,0.0,25.114720214426097,12.744047619047619,13.221871723048194,2704.8391082773437,1557.0378984852625,1354.4298032033325,2704.8391082773437,1557.0378984852625,1354.4298032033325,0.0,0.0,0.0,365
KWL,46663.99999999993,23354.999999999996,23308.999999999884,7707897.000000064,3857998.0000000196,3849899.0000000247,7521284.000000059,3764786.0000000168,3756498.000000026,186613.00000000015,93212.00000000001,93401.00000000001,23.810162060162057,16.54245754245754,14.545063270063268,3892.137878787879,2589.084265734266,2274.8858891108894,3706.1378787878793,2449.584265734266,2135.3858891108894,716.2499999999999,716.2499999999999,378.0,365
ORF,53829.999999999825,26912.99999999998,26917.000000000095,6474103.000000017,3236890.999999984,3237212.00000001,6474103.000000017,3236890.999999984,3237212.00000001,0.0,0.0,0.0,24.436172822520568,12.599404761904763,14.35201977298339,3004.3455615638027,1637.9072481885041,1906.3978132978132,3004.3455615638027,1637.9072481885041,1906.3978132978132,0.0,0.0,0.0,365
LUX,52434.999999999614,26184.00000000003,26251.000000000116,6646808.999999985,3317272.000000006,3329537.0000000065,0.0,0.0,0.0,6646808.999999985,3317272.000000006,3329537.0000000065,24.710819082877908,18.043450292367133,18.12639909110497,3007.6472169007466,2270.3369944741657,2216.9169719169718,0.0,0.0,0.0,3007.6472169007466,2270.3369944741657,2216.9169719169718,365
EVN,38115.00000000031,19056.00000000017,19059.000000000164,6660921.00000001,3329230.999999991,3331689.9999999655,8121.999999999986,4060.9999999999955,4060.999999999999,6652799.000000021,3325169.999999988,3327628.999999963,12.0,8.693139540198363,7.0,1941.2649197929788,1520.3377583527583,1284.4305749805749,19.0,19.0,19.0,1941.2649197929788,1520.3377583527583,1284.4305749805749,365
RHO,34738.99999999985,17383.000000000102,17356.000000000127,6171043.000000052,3087918.99999994,3083123.9999999586,1221083.000000014,610650.000000005,610433.0000000015,4949959.999999958,2477268.999999987,2472690.999999996,18.327272727272728,11.047511312217194,11.0,3535.8329004329003,2133.211412770236,2042.8,757.6025974025974,417.6039294039294,485.5676578323637,3350.6329004329,1979.9444444444443,1987.6444444444446,365
MKE,61996.00000000037,31000.000000000007,30996.000000000047,7547078.000000033,3773771.000000013,3773306.9999999814,7479222.000000032,3739843.0000000126,3739378.999999985,67855.9999999997,33928.000000000065,33927.99999999997,20.677327284775103,13.365639368011283,17.127190279096062,2370.424173373889,1606.9745269489104,2146.9393223546554,2370.424173373889,1606.9745269489104,1923.4603013756343,354.59698996655516,223.20000000000005,354.59698996655516,365
OOL,39216.00000000005,19610.99999999996,19604.9999999999,7204794.000000016,3602531.999999996,3602262.0000000135,6360020.000000036,3180145.000000004,3179875.000000001,844773.9999999969,422387.00000000047,422387.00000000163,12.289735333188844,9.067010345757973,8.275338957770492,2231.894757717555,1520.772885179337,1445.7888111888115,2031.615345952849,1259.4861874236874,1292.5116641528407,869.2587694563503,598.6771228771228,591.9895386871194,365
DUR,41774.00000000021,20892.000000000055,20882.000000000076,6571944.000000015,3286703.000000004,3285240.999999995,6253788.00000002,3127615.000000002,3126172.9999999953,318155.99999999977,159088.00000000032,159068.00000000023,16.46300366300366,9.0603881599674,10.0006105006105,2416.6946859903383,1448.9268111711185,1475.4547008547008,2291.4643955078736,1305.2888040223245,1319.250109793588,410.8649415101029,410.8649415101028,410.8649415101029,365
SSH,33086.000000000204,16452.000000000156,16634.000000000193,5932075.99999997,2946784.000000021,2985292.0000000526,687863.9999999977,346159.0000000005,341704.9999999972,5244212.000000024,2600624.999999994,2643587.000000042,12.11111111111111,7.511111111111111,7.246434937611408,2189.5641025641025,1442.6565010721022,1516.491532976827,592.993890309747,453.75,392.27777777777777,2164.0244644244644,1442.6565010721022,1516.491532976827,365
BPN,47049.00000000003,23397.999999999818,23650.999999999938,7685707.000000003,3821245.0000000093,3864462.0000000075,7513512.999999982,3735223.000000009,3778290.0000000033,172193.99999999985,86022.00000000003,86172.0,18.45714285714286,11.674358974358976,11.22857142857143,3095.076923076923,1894.3461538461538,1793.0,3095.076923076923,1894.3461538461538,1793.0,732.0,385.14285714285705,366.0,365
CWB,51551.00000000014,25781.999999999887,25768.999999999996,7580833.99999996,3792102.999999999,3788730.9999999823,7331705.999999967,3667598.9999999884,3664106.99999998,249127.99999999997,124504.0,124623.99999999994,16.335714285714285,11.160714285714286,8.904761904761905,2551.8582944832942,1617.5638463838434,1342.9027149321269,2551.8582944832942,1617.5638463838434,1323.134248621313,348.57142857142856,218.0,246.50000000000006,365
FUE,48618.00000000015,24293.99999999995,24323.999999999975,7143740.00000002,3569081.0000000033,3574658.9999999963,2345926.999999996,1173173.0,1172754.000000003,4797812.999999997,2395908.000000001,2401905.000000009,20.791523835641485,11.895726495726496,11.125,3577.757095845331,2027.5008547008547,2020.3365384615386,1226.902097902098,785.4850459482038,625.130353306824,3015.8934594816947,1682.1294117647058,1712.125,365
LPL,38295.99999999991,19150.999999999985,19145.000000000087,6822637.999999997,3411873.000000008,3410765.000000012,957173.9999999991,478572.0000000015,478602.000000001,5865463.999999992,2933301.000000005,2932162.999999999,14.188034188034187,9.625,9.166666666666666,2774.0,1831.0,1730.0,654.0,498.0,520.5,2588.0,1831.0,1673.0,365
TBS,38715.00000000033,19450.000000000047,19265.000000000033,6333658.999999953,3181695.9999999874,3151962.999999999,172.0,172.0,0.0,6333486.999999955,3181523.999999987,3151962.999999999,12.02007391081725,8.095995534088512,8.398507606667,1936.9641354437988,1401.4981004131857,1324.1141915546948,34.4,34.4,0.0,1936.9641354437988,1401.4981004131857,1324.1141915546948,365
ABQ,56711.999999999694,28355.99999999978,28356.000000000047,7131621.999999965,3565754.0000000447,3565867.99999999,7131621.999999965,3565754.0000000447,3565867.99999999,0.0,0.0,0.0,21.236033210251513,14.452823614278943,10.76162274964354,2626.2717714531923,1712.5432979112545,1531.9288100682788,2626.2717714531923,1712.5432979112545,1531.9288100682788,0.0,0.0,0.0,365
GOT,39373.000000000146,19691.000000000204,19682.0000000003,6109102.000000031,3055466.9999999995,3053635.0,713372.0000000015,357135.9999999997,356236.0,5395730.000000023,2698330.9999999963,2697399.000000001,14.506575940399472,8.118166800519742,10.007018922815885,2578.0981403459664,1397.0168282603065,1620.971772944671,562.5,360.0,382.5,2578.0981403459664,1397.0168282603065,1440.971772944671,365
KCH,43428.00000000024,21714.000000000033,21714.000000000025,7221832.999999922,3610925.0000000093,3610908.000000016,6622454.999999927,3311409.000000015,3311046.000000005,599377.9999999997,299515.99999999994,299861.99999999953,15.168531468531471,9.301282051282051,9.683603896103895,2728.2903846153845,1623.1826923076924,1683.0487012987012,2406.746853146853,1623.1826923076924,1519.4399350649353,869.7307692307693,719.7307692307693,596.0,365
LHE,32862.00000000007,16398.000000000033,16463.99999999992,7679490.999999968,3830728.9999999944,3848761.9999999925,1406830.0000000028,700920.9999999995,705909.0000000009,6272660.9999999935,3129807.999999998,3142852.9999999967,11.830322455322456,8.5991341991342,8.830322455322456,2992.489996114996,2191.8975468975473,2418.489996114996,1027.3802197802197,693.0,751.431623931624,2508.957958707959,1994.6572871572876,2058.489996114996,365
RMO,34903.00000000006,17454.999999999938,17448.00000000016,6250404.000000029,3125733.0000000056,3124671.0000000135,0.0,0.0,0.0,6250404.000000029,3125733.0000000056,3124671.0000000135,12.194139194139193,6.449650253647449,8.467741935483872,2208.4545787545785,1315.25,1535.2540322580644,0.0,0.0,0.0,2208.4545787545785,1315.25,1535.2540322580644,365
IKA,29961.000000000244,14989.999999999867,14971.000000000038,6487148.999999991,3244250.999999964,3242897.9999999707,0.0,0.0,0.0,6487148.999999991,3244250.999999964,3242897.9999999707,9.184844997607971,5.7587846853254,5.852941176470589,2235.9601310330627,1433.1197749532046,1403.7870967741935,0.0,0.0,0.0,2235.9601310330627,1433.1197749532046,1403.7870967741935,365
CXR,32325.999999999927,16163.999999999955,16161.999999999924,6619724.999999914,3310591.9999999925,3309133.0000000014,2774921.0000000177,1387272.0000000012,1387649.0000000133,3844804.0000000284,1923319.999999993,1921483.9999999886,12.596969696969698,8.630128205128205,9.285714285714285,2477.5166666666664,1880.1397435897436,1845.0,1522.3333333333333,1128.4642857142858,1033.0,2412.0,1468.1397435897436,1845.0,365
GUA,41473.99999999968,20734.00000000008,20739.99999999978,6516335.999999978,3258801.9999999893,3257534.0000000214,546325.9999999965,272794.00000000175,273532.0000000004,5970009.999999989,2986007.999999971,2984002.0000000126,15.917674933242957,10.448726707265607,8.6676628600158,2913.2322145466605,1593.591358400054,1532.2103742009626,426.5662337662337,349.7309702062643,346.3376623376623,2913.2322145466605,1593.591358400054,1460.2103742009626,365
ANC,68155.00000000095,34106.99999999974,34048.00000000035,7286394.999999972,3644240.999999974,3642153.999999992,7193440.999999974,3598105.999999976,3595334.999999983,92954.00000000007,46134.99999999998,46819.000000000044,21.901186525892406,15.909740259740259,12.547963800904977,2639.9137855783965,2286.2338893895385,1452.4106768339993,2627.3063370302957,2286.2338893895385,1452.4106768339993,485.340777502068,466.36129032258077,456.0,365
NCL,34918.00000000019,17457.0000000001,17461.000000000127,5834181.999999987,2916646.999999996,2917534.9999999804,1256189.0000000054,628291.0000000021,627897.999999999,4577992.999999994,2288355.999999997,2289636.999999984,16.4,9.0,10.707921607378129,3159.6,1685.0,1769.356554677207,1075.111111111111,624.83081950729,572.1111111111111,3110.6,1685.0,1724.8111001317525,365
PSA,36336.000000000226,18164.00000000001,18172.00000000005,6717832.000000016,3358173.000000014,3359659.00000002,1701532.0,850765.9999999991,850766.0000000003,5016300.000000003,2507407.0000000065,2508893.000000007,17.01923076923077,9.125,10.207196029776675,3091.826923076923,1741.875,1831.377171215881,1142.0,953.0,953.0,2713.826923076923,1534.75,1614.25,365
YOW,59224.00000000073,29620.999999999956,29602.999999999756,6654039.999999995,3328853.0000000075,3325186.9999999804,5156684.999999995,2578266.99999999,2578417.99999999,1497354.9999999965,750585.9999999953,746768.9999999929,20.463658563658562,14.580088668798346,12.479830211299953,2626.03980131398,1694.7025352186643,1833.055614323734,1662.2574314574313,1118.4039294039294,1162.7964285714286,1428.1714285714288,912.4654377880187,1008.0093056390393,365
BVA,39556.00000000019,19778.000000000036,19778.000000000124,7674801.999999949,3837401.0,3837400.9999999795,98703.99999999994,49352.00000000001,49352.000000000015,7576097.999999943,3788049.0,3788048.999999979,19.231596360628618,10.162393162393162,9.319221967963387,3739.0,1969.0662393162393,1824.921052631579,557.0,197.0,377.0,3739.0,1969.0662393162393,1824.921052631579,365
FOR,37471.00000000001,18727.99999999995,18743.00000000022,6983719.000000063,3489697.0000000056,3494021.9999999786,6436991.000000059,3216183.9999999995,3220806.9999999753,546727.9999999986,273513.0000000004,273214.99999999977,16.372371851238455,13.989321136379957,14.739229603124475,3093.122611072241,2522.926103581138,2761.8718588063048,3093.122611072241,2522.926103581138,2761.8718588063048,698.0444444444445,470.5192307692307,675.6004273504274,365
PQC,34376.000000000015,17198.99999999992,17176.999999999993,6814686.999999998,3410080.0000000303,3404607.0000000144,3799754.000000018,1898944.9999999986,1900809.0000000072,3014932.999999995,1511135.000000002,1503797.9999999916,13.098412698412698,8.168921356421357,8.030555555555557,2587.369841269841,1706.5847041847044,1526.4611111111108,1789.3045843045843,1289.6738927738927,1124.423076923077,1271.9499999999994,815.0,1073.7575757575758,365
HAJ,38860.99999999983,19413.000000000175,19448.00000000016,6241340.000000029,3117616.999999983,3123722.9999999683,1024418.9999999971,513453.00000000105,510965.9999999986,5216921.000000013,2604163.9999999604,2612756.9999999614,13.687836673130791,8.687836673130791,8.873366013071895,2355.1210407239814,1447.1210407239817,1427.1895424836603,658.7145560322031,521.7954751131222,386.0,2061.1210407239814,1445.1750971250972,1309.5,365
LKO,41861.99999999997,20935.000000000036,20926.99999999992,7558464.999999942,3780104.999999974,3778359.999999993,6187350.999999993,3094647.9999999832,3092702.999999996,1371113.9999999949,685457.0000000007,685656.9999999971,18.876282051282054,11.586822899322899,10.087393162393163,3484.7354700854703,1912.5736624486626,1884.2666666666667,2975.177777777778,1646.4,1482.2666666666667,1088.4642857142858,948.0999999999999,686.8577533577534,365
LGB,33447.999999999956,16723.999999999967,16724.000000000033,5277379.999999965,2638655.0000000047,2638725.000000005,5277379.999999965,2638655.0000000047,2638725.000000005,0.0,0.0,0.0,14.198556345615168,9.370771385477267,9.586387631975867,2338.157509157509,1596.9521116138762,1489.1187405731523,2338.157509157509,1596.9521116138762,1489.1187405731523,0.0,0.0,0.0,365
PAT,30262.000000000084,15130.99999999985,15130.99999999996,5333133.999999987,2666566.9999999916,2666567.000000005,5333133.999999987,2666566.9999999916,2666567.000000005,0.0,0.0,0.0,10.517948717948718,5.555555555555555,5.3875,1955.2051282051282,1026.8333333333333,977.6717948717949,1955.2051282051282,1026.8333333333333,977.6717948717949,0.0,0.0,0.0,365
COV,32171.999999999727,16085.99999999996,16086.000000000007,6075002.999999992,3037394.99999999,3037607.999999998,4627305.999999987,2313795.9999999856,2313509.999999994,1447696.9999999942,723599.0000000007,724098.0000000003,11.381596181596183,7.283735545500252,6.91254960725549,2222.0065303324127,1363.561549235079,1481.8565303324126,2187.3771241830063,1300.9617669911788,1481.8565303324126,835.5,741.8749120160885,630.3333333333334,365
RIC,55202.99999999983,27602.999999999953,27599.99999999962,6325755.999999938,3162872.999999989,3162882.999999991,6316707.999999937,3158348.9999999898,3158358.999999991,9048.000000000007,4523.999999999996,4524.000000000002,19.33026307026307,14.012960568842923,19.33026307026307,2053.604430079724,1581.9647220093138,2053.604430079724,2053.604430079724,1581.9647220093138,2053.604430079724,78.00000000000006,78.00000000000003,78.00000000000006,365
TRN,34078.00000000006,17039.999999999978,17037.999999999996,5724290.999999998,2862301.9999999916,2861988.9999999925,2730205.000000003,1364966.9999999986,1365238.0000000005,2994085.9999999925,1497335.0000000033,1496750.9999999958,13.013333333333334,9.0,8.178051076058667,2318.6266666666666,1665.0,1344.0,1335.0,874.0,966.0,1946.437762237762,1176.0,1010.7756272401434,365
GEG,43970.00000000009,21984.99999999995,21985.000000000044,5276454.000000037,2638248.000000007,2638206.0000000116,5276454.000000037,2638248.000000007,2638206.0000000116,0.0,0.0,0.0,13.817624727770344,10.754134101192927,10.67935933347698,1995.7505788329318,1652.1421043009282,1555.2629979171156,1995.7505788329318,1652.1421043009282,1555.2629979171156,0.0,0.0,0.0,365
IDR,33809.999999999745,16911.99999999989,16897.999999999913,5466945.999999967,2733904.0000000126,2733042.000000016,5383325.999999971,2692186.000000012,2691140.000000019,83620.00000000013,41718.00000000014,41902.00000000014,13.172925685425685,8.494871794871795,7.070238095238095,2085.4615384615386,1358.4,1079.8974358974358,1999.6410256410259,1321.6205128205129,1079.8974358974358,224.0,224.0,224.0,365
OKC,50852.00000000013,25427.00000000005,25425.000000000146,5824424.999999958,2912303.999999991,2912120.9999999953,5821600.999999956,2910891.9999999907,2910708.9999999963,2823.999999999999,1411.9999999999995,1411.9999999999995,16.075483470777588,11.66658215407016,11.799056019881448,2071.36448636331,1400.1735886929657,1428.4850441715148,2071.36448636331,1400.1735886929657,1428.4850441715148,181.0,181.0,181.0,365
TRV,30035.99999999982,15018.999999999889,15016.999999999887,5503947.999999974,2752269.999999988,2751678.0,2751617.0000000102,1375776.0000000068,1375841.000000004,2752330.999999986,1376494.0000000014,1375837.0000000035,13.135836385836384,7.166666666666667,7.79047619047619,2374.106837606838,1314.497435897436,1381.695238095238,1868.5196581196583,934.2598290598291,991.1809523809522,1499.2333333333333,1071.0,1159.2333333333333,365
CAG,33691.0000000002,16844.000000000022,16847.000000000004,6238114.999999913,3118440.0000000084,3119675.000000021,4663993.000000027,2332379.9999999846,2331613.0000000075,1574122.0000000037,786059.9999999994,788061.999999997,15.2,8.5,7.975935828877005,2606.0,1561.5,1449.451871657754,1906.0,1023.0,1142.0,1513.0,941.0000000000001,928.0,365
FLN,34424.00000000006,17227.000000000025,17196.99999999999,6100463.99999998,3052706.9999999837,3047757.000000002,4619506.0000000065,2310086.9999999963,2309418.999999999,1480958.000000003,742620.0000000014,738338.0000000059,11.557430314783256,8.208943833943835,8.023488596718941,2059.86674273439,1397.9981684981685,1380.927693830796,1483.1798534798534,1397.9981684981685,1194.927693830796,981.5,679.504337208685,587.9415258576548,365
ABV,52803.99999999997,26337.000000000222,26466.999999999854,6366059.999999986,3182430.99999998,3183628.99999999,4948692.000000014,2468289.9999999786,2480401.999999985,1417367.9999999946,714141.0000000041,703227.0000000012,25.303529071832017,17.7008663826188,17.075885172999683,3016.7799578672116,2091.977420614018,2049.7763485166547,2646.893069592088,1858.8188740738858,1769.7763485166545,892.4742421293656,587.6785714285714,892.4742421293656,365
BBI,39509.99999999975,19752.99999999982,19756.999999999873,6329560.000000012,3164414.9999999953,3165144.9999999935,6161662.00000001,3080373.000000002,3081288.9999999893,167898.0,84042.0,83856.0,13.265934065934067,7.481318681318681,7.461309523809524,2057.0637362637362,1329.7799533799534,1218.0957792207794,1935.4615384615386,1329.7799533799534,1118.9948717948719,372.0,232.5,186.00000000000023,365
KHG,42105.99999999996,21045.000000000044,21061.00000000004,6288474.999999984,3133106.9999999967,3155367.9999999898,6265429.999999979,3121642.9999999977,3143786.9999999916,23045.000000000004,11464.0,11581.000000000002,14.170046620046621,10.0,9.644444444444444,2453.2390692640693,1601.905735930736,1666.1498945498945,2453.2390692640693,1601.905735930736,1666.1498945498945,177.0000000000001,177.0000000000001,177.0,365
ZAG,44740.999999999876,22367.99999999979,22372.99999999999,6208937.000000026,3104197.999999964,3104739.0000000224,774720.999999999,388422.99999999953,386298.00000000134,5434215.999999999,2715774.9999999823,2718441.000000017,18.40850355526826,9.581110392875098,10.163380736910149,2564.951768819416,1384.7425985778927,1432.4506033182504,749.4166666666667,540.930682063035,464.82142857142856,1956.1303402479875,1158.2476282950336,1263.1212160388632,365
DLM,30245.000000000204,15106.999999999949,15138.000000000055,5936199.000000019,2965487.999999996,2970711.000000007,2220671.0000000065,1109643.0,1111028.0000000028,3715528.0000000196,1855845.0000000014,1859683.000000005,20.17514838103073,11.022007404360345,11.095149948091125,4050.6795753266347,2403.1673179761415,2232.0,1205.7468531468533,827.1300218598606,691.5771744595274,3191.5000000000005,2161.5,1910.4666666666665,365
DVO,28920.999999999873,14380.999999999973,14539.99999999992,5480007.000000039,2719885.000000028,2760122.000000014,5164295.000000038,2581841.000000018,2582454.0000000056,315712.0000000013,138043.99999999997,177668.00000000026,13.441666666666666,8.1025308025308,7.275,2457.1778998778996,1615.5,1361.0382173382172,2457.1778998778996,1615.5,1361.0382173382172,622.75,376.2857142857143,338.66666666666674,365
MBJ,28655.000000000193,14325.000000000015,14330.000000000076,5219940.000000043,2606766.0000000107,2613173.9999999716,4300.000000000001,2250.0000000000005,2049.9999999999995,5215640.000000054,2604516.0000000135,2611123.999999969,25.535119047619048,13.05595238095238,13.607185275467595,4587.236904761905,2502.138095238095,2441.1345238095237,50.0,50.0,50.0,4587.236904761905,2502.138095238095,2441.1345238095237,365
WLG,69400.00000000074,34709.00000000021,34691.000000000044,6408948.999999983,3204642.0000000102,3204306.9999999995,5404499.999999979,2702616.0000000047,2701884.000000015,1004449.0000000019,502026.0000000023,502423.0000000008,23.34285714285714,12.998095238095239,14.31905270761106,2009.7244047619047,1332.358776844071,1339.1144427467957,2009.7244047619047,1271.3331693881566,1248.9863095238097,965.8880482262834,791.8880482262834,727.254700854701,365
BTH,28923.00000000001,14679.999999999918,14242.999999999865,5308818.000000045,2694561.0000000135,2614256.99999998,5128142.000000048,2604005.0000000033,2524136.9999999898,180675.9999999997,90556.00000000013,90119.99999999985,13.357997557997559,6.821428571428571,7.466666666666667,2365.525641025641,1290.132554945055,1456.9166666666667,2312.5919413919414,1290.132554945055,1456.9166666666667,658.0,658.0,603.6615384615385,365
CUZ,33351.000000000124,16665.00000000005,16685.99999999996,5762707.999999977,2879492.0000000023,2883216.0000000144,5428461.999999974,2712320.0000000014,2716142.0000000256,334246.00000000047,167171.99999999994,167074.00000000012,12.615681879438995,7.174309448721214,5.858408176230226,2159.7872355173113,1209.3495398848816,1020.5196196693033,1976.3392717164065,1025.9015760839766,1020.5196196693033,395.98095238095254,263.0769230769231,240.0,365
AHB,32852.999999999716,16425.999999999767,16426.9999999998,6064078.999999961,3032165.0000000303,3031913.999999989,5464161.999999949,2732238.000000036,2731924.000000016,599917.0000000024,299927.00000000023,299990.00000000105,9.218954248366012,5.651082251082251,6.1902285148964475,1820.5904977375567,1204.0904977375567,1082.8906455862978,1654.5904977375567,1038.0904977375567,912.9354838709677,392.9160839160839,250.30676328502432,392.9160839160839,365
GOX,34953.999999999694,17476.000000000055,17478.000000000036,6083444.000000021,3041417.999999991,3042025.999999988,5658871.999999999,2829611.999999984,2829259.999999991,424572.0000000011,211805.99999999956,212766.0000000002,12.718482905982906,8.5,8.616987179487179,2717.0,1741.0,1463.5833333333335,2308.502564102564,1307.5352564102564,1298.6923076923076,875.5714285714287,712.0000000000001,499.1714285714286,365
SRQ,37017.9999999999,18508.999999999953,18509.00000000009,5832770.000000026,2916354.000000002,2916416.0000000047,5805486.00000002,2902712.000000002,2902774.0000000065,27284.000000000015,13642.000000000007,13642.000000000005,17.732553468037338,10.789285714285715,9.78888888888889,2702.855555555556,1660.6279761904764,1602.3277777777778,2702.855555555556,1519.825,1602.3277777777778,183.0769230769231,183.0769230769231,183.0769230769231,365
YWG,41778.00000000019,20897.999999999916,20879.999999999964,5303677.000000002,2652902.9999999874,2650773.999999993,4553801.000000008,2276549.9999999884,2277250.999999994,749876.0,376353.00000000105,373522.99999999814,14.180064641241112,9.836904761904762,9.469416264998314,1939.3047231200171,1359.325,1145.4166666666667,1688.511513323278,1098.3254902077424,1125.2038423046488,892.25,892.25,618.7860305412488,365
BUF,52321.99999999995,26160.000000000182,26161.999999999913,6406136.0000000475,3202935.0000000456,3203200.9999999986,6406136.0000000475,3202935.0000000456,3203200.9999999986,0.0,0.0,0.0,16.180357142857144,12.904603827545005,14.805644682115268,2273.243412143412,1792.9298812951756,2097.1477169888935,2273.243412143412,1792.9298812951756,2097.1477169888935,0.0,0.0,0.0,365
CZX,39863.99999999993,19932.0000000001,19931.999999999985,6428501.000000048,3214367.999999997,3214133.000000015,6282255.000000055,3141244.9999999944,3141010.000000014,146245.99999999953,73123.00000000007,73123.00000000007,15.253568653568653,9.190476190476192,10.101875901875902,2409.5785325785328,1465.8063492063493,1540.8735930735934,2409.5785325785328,1465.8063492063493,1540.8735930735934,498.85714285714283,320.4999999999999,453.0,365
PNH,30806.999999999935,15392.0,15414.999999999982,5517978.000000009,2757155.0000000065,2760822.9999999967,147379.99999999988,74792.0,72588.00000000003,5370598.00000001,2682363.0000000065,2688234.999999997,15.122652347652346,9.53535076035076,8.273892773892774,2814.0966117216117,1812.8426434676435,1565.755710955711,344.0,292.5,344.0,2605.001343101343,1758.9080808080807,1554.4424242424243,258
PVD,42026.99999999993,21015.000000000084,21012.000000000033,5462713.999999992,2731711.0000000154,2731002.9999999944,5343745.999999978,2672227.000000011,2671519.000000002,118967.99999999967,59484.000000000015,59484.000000000015,14.407345726169252,14.217702558879031,13.740679059502586,2009.7573981573983,2009.7573981573983,1931.8724152191894,1832.5420135420136,1832.5420135420136,1801.227253928867,197.68531468531478,190.341809797461,197.68531468531478,365
CNS,46096.99999999981,22964.99999999984,23131.99999999978,5917711.000000011,2953682.999999984,2964028.0000000135,5054200.000000003,2522448.999999986,2531750.99999999,863510.999999995,431233.9999999996,432276.9999999999,20.24482654600302,12.883288084464557,10.788690476190476,2592.5799811172806,1612.2287655040068,1718.3596743758035,2034.6503518703519,1612.2287655040068,1718.3596743758035,898.8913308913308,531.9411764705883,663.2403846153844,365
NAS,58956.0000000004,29290.00000000002,29666.00000000003,5593052.999999995,2787096.9999999995,2805955.999999981,1251017.9999999981,616183.9999999955,634833.9999999986,4342035.000000012,2170913.0000000186,2171121.9999999865,23.070042569609434,14.216030964607816,15.425438761112385,3021.817116199781,2201.883628031256,1749.7148276560042,733.5827674328623,499.3347906573713,395.1717765683611,2870.6904193672017,2150.806926954555,1612.1763661175428,365
FNC,32946.000000000015,16468.000000000036,16478.000000000124,5871705.0,2935006.0000000196,2936699.0000000037,2562243.0000000116,1279677.9999999953,1282564.9999999963,3309461.9999999925,1655327.9999999905,1654134.0000000028,13.779232205702794,8.095525389643036,7.25,2423.5,1392.8778280542988,1380.75,1329.2666666666667,1117.2445054945056,839.6388888888889,2120.5,1217.0,1245.75,365
GYE,33787.00000000019,16721.000000000106,17066.000000000113,5566760.0000000205,2733369.0000000047,2833391.0000000107,2811648.0000000056,1406092.999999992,1405555.0000000012,2755112.000000001,1327276.000000005,1427835.999999998,11.711942469295412,6.690642690642691,6.253205128205129,2025.7299432593552,1098.7259407259407,1168.3931623931626,1140.0,680.0,690.0,1368.8214285714284,811.1053028214319,754.6790392403295,365
LBA,32214.000000000106,16107.000000000025,16107.000000000058,5226263.000000007,2613119.00000001,2613143.999999997,253516.00000000052,126758.00000000012,126758.00000000007,4972746.999999998,2486361.000000013,2486386.0,17.27396214896215,12.022222222222222,12.0,2933.16063635792,1920.6,2052.0,516.0,258.0,258.0,2861.16063635792,1848.6,1980.0,365
NTG,34559.00000000009,17281.000000000015,17278.000000000036,5601599.000000008,2800620.999999996,2800977.9999999767,5460971.0,2730306.999999989,2730663.9999999814,140628.00000000032,70314.00000000004,70313.99999999999,18.27029220779221,9.303146853146854,9.327905427905428,3004.6314033189033,1561.5290792540793,1544.9909867909869,3004.6314033189033,1561.5290792540793,1544.9909867909869,248.5,248.5,248.5,365
SDF,54115.00000000028,27057.000000000182,27057.999999999844,6009947.999999983,3004992.99999999,3004955.0000000154,6009947.999999983,3004992.99999999,3004955.0000000154,0.0,0.0,0.0,18.35176914588679,13.184364916129619,13.213625590096179,1875.9158798064677,1457.247151149504,1565.0585344271303,1875.9158798064677,1457.247151149504,1565.0585344271303,0.0,0.0,0.0,365
MEM,53840.00000000031,26919.99999999985,26920.000000000087,6442467.999999929,3221244.9999999925,3221223.0000000084,6438639.999999927,3219330.9999999925,3219309.000000009,3827.999999999999,1914.0000000000002,1914.0,20.224175824175823,12.280253080253079,15.114847113670644,2225.4716394716397,1532.133266733267,1760.0093071634249,2225.4716394716397,1532.133266733267,1760.0093071634249,186.0,186.0,186.0,365
SAV,46692.99999999997,23347.000000000182,23346.000000000015,5427656.0000000065,2713943.0000000047,2713712.9999999953,5427656.0000000065,2713943.0000000047,2713712.9999999953,0.0,0.0,0.0,16.65438039085098,11.233393534570006,10.219320187181099,2045.8228374994733,1261.125,1251.8338670524126,2045.8228374994733,1261.125,1251.8338670524126,0.0,0.0,0.0,365
TRD,47289.000000000124,23644.99999999994,23644.00000000029,5211650.999999974,2605855.0000000256,2605796.000000001,4310026.999999951,2153959.000000007,2156068.0000000075,901623.9999999991,451896.0000000008,449727.999999999,20.742223789282612,11.973077206850204,12.444296226649168,2466.9768310121253,1306.8415627424579,1335.5046255549687,2397.4657199010144,1117.6341253517726,1279.8315945492418,772.9267399267401,550.2283272283273,482.9478908188586,365
RNO,47363.000000000204,23691.000000000106,23672.00000000019,6355596.000000037,3178208.0000000345,3177387.999999993,6257632.000000044,3129226.000000035,3128405.999999991,97964.00000000006,48981.9999999999,48981.999999999905,16.7358713392869,9.4625,10.799598839591413,2302.1339220551745,1292.9751451163215,1740.4425522104757,2302.1339220551745,1292.9751451163215,1740.4425522104757,272.3913043478262,272.3913043478261,272.3913043478262,365
BEL,29660.00000000002,14833.999999999924,14826.000000000158,4985185.000000034,2492618.0000000005,2492566.99999997,4728712.000000028,2365493.0000000116,2363218.9999999856,256472.99999999936,127125.00000000015,129347.99999999994,12.517004182236773,9.227039456706978,7.375,2132.3520391733136,1596.7548403287535,1363.2179585647327,2073.067143676653,1525.749309911458,1363.2179585647327,354.0,257.28205128205127,354.0,365
ELP,38631.000000000226,19315.999999999873,19315.00000000009,5129151.999999974,2564585.999999998,2564565.9999999865,5129151.999999974,2564585.999999998,2564565.9999999865,0.0,0.0,0.0,14.500034413758529,10.04244916776886,10.158533100886045,1942.6743335096276,1365.490502251372,1243.7208413513572,1942.6743335096276,1365.490502251372,1243.7208413513572,0.0,0.0,0.0,365
MID,25080.00000000006,12540.999999999956,12538.999999999993,4643767.000000035,2321826.9999999995,2321940.000000012,4151116.999999997,2075492.9999999923,2075624.0000000158,492650.00000000035,246334.00000000026,246316.0000000023,9.334049284049284,6.076314217443249,5.934173669467787,1669.7276674937966,1058.0594982078853,1178.938422867455,1669.7276674937966,1058.0594982078853,1178.938422867455,713.6923076923077,700.0,702.0,365
BJV,22386.000000000226,11187.999999999936,11197.999999999925,4310586.00000002,2154017.0000000265,2156569.000000027,2880299.0000000303,1440345.000000003,1439954.0000000095,1430287.0000000063,713672.0000000013,716615.000000003,14.841672713029949,8.28898944193062,7.979681103210514,2785.282852691101,1609.0120663650075,1497.0917636285283,1711.9224092163372,973.9073295985061,942.2293214270444,1692.0,1156.251282051282,1051.5333333333333,365
FLR,36801.999999999956,18400.999999999753,18401.00000000004,4806363.000000033,2403141.000000008,2403222.0000000363,640437.9999999987,320223.0000000005,320214.9999999998,4165925.000000051,2082917.9999999956,2083006.999999983,13.996747696747697,8.437828837828837,8.233061303719015,1889.0307214922964,1158.6989283118317,1154.334852324828,593.0294117647059,432.0,305.74285714285713,1751.0307214922964,1158.6989283118317,1057.3068330011565,365
SVG,38928.000000000095,19466.99999999988,19460.999999999818,5089465.00000003,2545111.9999999898,2544353.000000011,3208484.00000002,1605133.999999991,1603349.9999999912,1880981.0000000098,939977.9999999956,941002.9999999944,14.516523035261176,9.038724347547877,9.67490318557681,2047.28263719203,1191.4307212395447,1272.540989010989,1522.1666666666665,770.0833333333333,776.1666666666666,1164.133570162208,661.4412624699003,726.3888616468707,365
YTY,32237.999999999898,16119.999999999945,16117.999999999949,5271658.9999999935,2635815.9999999837,2635842.999999989,5191498.999999987,2595735.999999983,2595762.999999992,80160.00000000001,40079.99999999997,40079.99999999997,11.530303030303031,7.232967032967033,7.395970695970696,1833.6666666666667,1275.3737484737485,1146.7623001998002,1809.6286935286935,1275.3737484737485,1146.7623001998002,248.00000000000006,248.00000000000006,248.0,365
CFU,25802.999999999924,12892.999999999976,12909.999999999947,4627172.000000025,2312123.0,2315049.000000043,519111.9999999962,259736.00000000012,259376.00000000012,4108059.9999999898,2052386.9999999963,2055673.0000000116,16.8,7.8,9.0,2994.2,1385.2,1609.0,859.7584780810588,651.4251447477254,477.9032258064516,2994.2,1385.2,1609.0,365
KTW,23076.999999999894,11539.999999999949,11537.000000000047,4315277.9999999665,2158408.0000000065,2156869.9999999907,199117.9999999999,99541.99999999993,99575.99999999964,4116159.999999952,2058866.0000000158,2057294.0000000044,9.239316239316238,5.365811965811965,8.007936507936508,1722.0470085470085,1107.1750915750915,1588.5113122171945,237.79059829059827,186.0,186.75,1645.6923076923076,1107.1750915750915,1588.5113122171945,365
DAR,56382.99999999973,27977.999999999967,28405.00000000013,4521654.999999999,2202158.000000009,2319496.999999991,2036655.9999999888,1053798.0000000016,982857.9999999986,2484999.000000003,1148360.0000000005,1336638.9999999865,18.74582972206062,11.255901777960602,11.427647903878803,1577.228792802457,1079.0267094017095,1040.0788029175126,904.0231517209445,594.8279569892472,674.3696640277285,1206.1157359668196,972.4711538461539,835.2615384615385,365
PRN,19770.00000000006,9814.999999999996,9955.000000000082,3668906.9999999837,1822504.0000000012,1846403.0000000019,0.0,0.0,0.0,3668906.9999999837,1822504.0000000012,1846403.0000000019,9.021942573555478,6.059129745088,5.775181386187079,1647.608162804937,1174.1739480738531,1077.5993915951221,0.0,0.0,0.0,1647.608162804937,1174.1739480738531,1077.5993915951221,365
UFA,29326.0000000001,14611.999999999916,14713.999999999964,4389730.999999981,2188502.0,2201229.0000000056,3485384.0,1736909.9999999946,1748474.0000000023,904346.9999999899,451592.00000000064,452755.0000000023,9.937118437118437,6.25,6.183700290151903,1705.7411477411476,1450.9919191919194,1233.142857142857,1705.7411477411476,845.8761904761905,1233.142857142857,919.0,740.5,482.0,365
WRO,27211.00000000011,13606.000000000036,13605.000000000087,4408370.000000027,2204516.9999999967,2203852.9999999953,418327.99999999895,209183.99999999956,209143.9999999999,3990041.999999987,1995332.999999996,1994709.0000000033,13.001782531194296,7.2444444444444445,7.495726495726496,2087.4803921568628,1335.0,1234.640198511166,457.5760971055089,288.0,296.5,1895.4748973883984,1138.0,1234.640198511166,335
MYR,34225.00000000013,17111.999999999993,17112.999999999985,4726275.000000003,2363094.000000014,2363181.0000000014,4726275.000000003,2363094.000000014,2363181.0000000014,0.0,0.0,0.0,17.035125448028673,11.143096376897219,9.936969696969697,2502.3089605734767,1644.5,1344.75,2502.3089605734767,1644.5,1344.75,0.0,0.0,0.0,365
VNO,33803.00000000019,16895.000000000004,16908.000000000116,5179236.000000028,2587471.0000000033,2591764.999999984,0.0,0.0,0.0,5179236.000000028,2587471.0000000033,2591764.999999984,12.595171495171495,7.960164835164836,7.790982833427655,2128.0143634143633,1278.4487956487956,1360.1558951141294,0.0,0.0,0.0,2128.0143634143633,1278.4487956487956,1360.1558951141294,365
CCS,35944.000000000306,17702.00000000006,18241.99999999995,4871314.000000009,2383071.0000000135,2488243.0000000075,3166858.9999999846,1565256.0000000077,1601602.9999999888,1704455.0000000207,817814.9999999964,886639.9999999986,13.483957219251337,9.288549264355716,9.0,2247.0884201819686,1482.8777562306975,1595.5242624758755,1440.0,954.0179271708683,1114.0,1457.3495726495728,841.8872549019607,1186.1495726495727,365
GRR,42439.999999999534,21221.99999999993,21218.000000000076,5249232.999999987,2624725.99999999,2624506.99999999,5249232.999999987,2624725.99999999,2624506.99999999,0.0,0.0,0.0,14.353202075741034,11.82826356649886,11.865259621210036,1834.1205117047389,1509.0760638054755,1526.1640944760488,1834.1205117047389,1509.0760638054755,1526.1640944760488,0.0,0.0,0.0,365
TUS,41279.99999999999,20640.00000000006,20639.999999999985,4954614.000000016,2477281.0000000023,2477333.000000013,4954614.000000016,2477281.0000000023,2477333.000000013,0.0,0.0,0.0,18.78452380952381,10.627478396164973,10.007844377844378,2043.2041666666667,1301.2692421499244,1355.1134004884007,2043.2041666666667,1301.2692421499244,1355.1134004884007,0.0,0.0,0.0,365
IXC,27078.0,13551.999999999955,13525.999999999904,4878584.000000014,2440280.0,2438304.000000012,4678632.000000001,2340304.000000005,2338328.0000000237,199952.0000000001,99976.00000000007,99976.00000000025,11.278144078144079,6.738400488400489,5.8730158730158735,1950.0300366300366,1236.0,1105.3214285714284,1732.0,1236.0,926.4,418.00000000000006,232.0,232.0,365
KMJ,30319.000000000182,15159.999999999955,15158.999999999882,4835242.999999963,2417426.9999999823,2417815.99999998,4021480.999999986,2010754.9999999981,2010726.0000000182,813761.9999999974,406671.9999999999,407090.00000000047,12.341346153846153,6.4272186147186146,7.285714285714286,2197.811688311688,1230.905844155844,1154.667365967366,1765.142857142857,1015.4666666666667,1081.642857142857,704.9148351648353,499.559065934066,470.91071428571433,365
CCJ,26663.999999999884,13324.999999999975,13339.000000000004,4658058.0000000205,2327944.000000003,2330114.00000001,1083956.9999999949,541524.0000000013,542433.0000000007,3574101.000000008,1786420.0000000012,1787681.0000000044,10.807142857142857,6.314285714285713,6.6,2060.7285714285713,1212.4571428571428,1240.4583333333335,1270.0,782.0,640.5,1484.75,1027.8000000000002,1082.0,365
SPU,28605.99999999983,14325.00000000005,14281.000000000035,4570161.999999957,2288854.000000008,2281307.9999999925,343403.99999999907,170669.0,172734.9999999998,4226758.000000018,2118185.0,2108572.999999999,15.0,8.0,7.355555555555555,2634.0,1420.5,1321.0,358.1136752136752,358.1136752136752,221.90648567119155,2634.0,1420.5,1321.0,365
VNS,27893.00000000018,13939.999999999915,13952.999999999942,5138175.999999993,2567898.000000009,2570278.0000000116,4968465.9999999935,2483043.000000009,2485423.0000000116,169710.00000000047,84855.00000000006,84855.00000000007,12.491346153846155,7.4288461538461545,5.984126984126984,2273.0673076923076,1350.2548076923076,1057.047619047619,2158.0219780219777,1137.1146367521367,1057.047619047619,249.0,235.60000000000014,249.0,365
SDJ,41148.00000000005,20578.000000000065,20570.000000000102,5033007.000000004,2517132.99999999,2515873.9999999986,4244683.999999986,2122584.9999999935,2122099.0000000033,788323.0000000017,394547.99999999965,393774.99999999895,15.033333333333333,8.3,7.733333333333333,1932.4,1128.0,1086.5333333333333,1601.3333333333335,824.6666666666667,840.0,905.4,497.0,608.4,365
ACC,41334.000000000175,20648.999999999898,20685.000000000167,5171293.000000031,2585313.9999999856,2585978.9999999953,1032817.9999999956,515555.9999999985,517262.00000000047,4138474.9999999977,2069757.9999999944,2068716.9999999953,13.094056084577971,8.223118279569892,9.164713064713064,1688.178033078033,1247.4960899315738,1658.5052447552446,482.4871794871795,279.1904761904762,336.0645161290322,1658.5052447552446,1147.3871319136977,1658.5052447552446,365
JHB,28207.000000000367,14104.000000000002,14103.000000000024,4805832.000000021,2402982.0000000047,2402850.0000000093,3968032.0000000303,1984613.0000000063,1983418.9999999965,837799.9999999978,418368.9999999998,419431.0000000003,15.672222222222222,7.208333333333334,8.463888888888889,2684.6,1238.3,1446.3,2324.6,1058.3,1266.3,1023.123076923077,574.2857142857142,719.9999999999998,365
XUZ,32170.999999999956,16086.000000000011,16085.000000000076,5250657.000000009,2625673.0000000135,2624984.0000000023,5236821.000000007,2618755.000000013,2618066.0000000023,13836.0,6918.0,6918.0,14.445238095238096,9.236413586413587,8.660761460761462,2382.496262071262,1441.8828005328007,1587.8888888888887,2382.496262071262,1441.8828005328007,1587.8888888888887,211.80000000000018,211.79999999999995,211.80000000000018,365
YIA,29596.9999999999,15431.000000000042,14166.000000000035,5395242.9999999935,2809156.000000024,2586086.999999989,4944683.00000002,2583786.0000000126,2360896.9999999986,450560.0000000009,225370.00000000015,225190.00000000044,12.96911421911422,8.04532967032967,7.442890442890443,2329.046328671329,1411.3535714285715,1318.72027972028,2196.857142857143,1409.0714285714284,1176.0,638.0,462.4192307692306,462.4192307692308,365
LCY,48390.00000000011,24192.000000000007,24198.00000000009,5049819.999999997,2524592.000000023,2525228.0000000168,1035446.0000000001,517669.9999999995,517776.0000000002,4014374.0000000168,2006921.999999992,2007452.0000000251,25.130851501439736,13.158793820558525,13.820905891494128,2526.777474159827,1312.402852049911,1386.525115407468,928.1521739130435,571.804347826087,468.5404817404817,1783.8470165100598,1167.2310479375697,1051.7251154074681,365
MAH,30682.000000000426,15350.99999999999,15330.999999999993,4678769.0,2342827.000000005,2335941.9999999977,2653600.000000001,1325833.9999999963,1327766.0000000035,2025169.0000000016,1016993.0000000006,1008175.9999999995,16.8968253968254,9.833333333333332,9.896825396825397,2739.4880952380954,1640.25,1575.4880952380954,1581.4923076923078,972.8571428571429,1031.9777167277166,2115.4880952380954,1169.4666666666667,1247.4,365
YHZ,41786.00000000005,20894.999999999985,20890.999999999844,5145212.000000006,2573287.0,2571925.00000002,4074717.0000000126,2037591.999999983,2037124.999999997,1070495.000000001,535694.9999999984,534800.0000000015,16.32044243338361,10.174725274725274,9.524358974358975,2171.960774519598,1431.2148028442145,1144.9635149796438,1780.1416603004839,1262.632385261797,1062.506166056166,843.3511166253103,709.7306471306473,592.0857142857143,365
CJJ,26789.00000000033,13390.999999999922,13397.999999999904,4829289.000000031,2414016.0000000023,2415273.000000002,2491051.9999999977,1245526.0000000023,1245525.9999999998,2338237.000000006,1168489.999999998,1169747.0000000037,7.807575757575757,5.583333333333333,5.833333333333333,1429.075,1003.0375,1031.553846153846,1228.4166666666665,687.2748251748252,853.0409090909092,1009.5,582.6,671.4,365
KZN,33091.00000000028,16556.000000000047,16535.000000000022,5111421.99999997,2557296.999999999,2554125.000000003,3311736.0000000144,1657597.0000000084,1654139.0000000037,1799686.0000000077,899699.9999999942,899985.9999999962,10.774669774669775,6.222591924204828,6.874765318313705,1852.8878265946576,1375.9985455720748,1317.5145077145078,1284.3257387773517,898.6628693886759,774.163440860215,1196.5098566308243,800.7598566308244,1063.0,365
UKB,30782.999999999767,15393.99999999997,15389.000000000076,5117765.999999983,2559300.999999994,2558465.000000009,4642902.999999976,2322396.9999999944,2320506.000000002,474862.999999998,236904.0000000001,237958.99999999994,10.232142857142858,6.461538461538462,6.528205128205129,1582.8,1211.1818181818182,1269.0153846153846,1435.0153846153846,1211.1818181818182,1269.0153846153846,463.46538461538455,401.23571428571427,401.23571428571415,365
NUE,29409.0000000001,14694.999999999929,14714.000000000076,4715291.000000024,2357631.000000035,2357659.999999968,463531.99999999744,231708.00000000073,231823.9999999988,4251759.000000053,2125923.0000000093,2125835.9999999925,11.965437788018434,8.220476190476191,7.67398105162811,2216.943778801843,1510.047619047619,1139.5,376.7857142857143,239.0,355.0,2058.5437788018435,1357.047619047619,1083.0,365
OLB,27367.999999999884,13681.00000000009,13687.00000000015,4910131.000000027,2454103.999999983,2456026.999999984,2694836.9999999665,1347260.9999999986,1347575.9999999874,2215293.9999999893,1106842.999999999,1108450.999999996,16.621588089330025,8.867383512544803,8.6,2985.9801488833746,1510.5,1576.3585607940447,2083.4801488833746,968.4354838709678,1158.544665012407,2183.1173271173275,1023.0,1209.0,365
LIH,31458.000000000106,15728.999999999996,15728.99999999996,4810448.999999979,2405201.000000003,2405247.9999999884,4786436.999999982,2393195.0000000014,2393241.9999999893,24011.999999999996,12006.000000000004,12005.999999999996,11.814989142973197,7.285137085137085,7.36595483369677,1946.2515125303494,1183.2045617464973,1186.1916563774907,1946.2515125303494,1183.2045617464973,1186.1916563774907,212.66666666666666,188.50000000000003,176.48571428571424,365
KOA,32967.00000000002,16484.99999999981,16481.999999999905,5193134.000000004,2596557.0000000037,2596576.9999999916,5119312.000000003,2559646.0000000065,2559666.000000002,73822.00000000017,36911.000000000044,36911.00000000001,12.582119685720873,7.1450549450549445,7.780173992673992,2260.785087608844,1169.6183150183151,1393.2960164835163,2260.785087608844,1169.6183150183151,1393.2960164835163,201.50000000000006,189.80000000000007,189.79999999999995,365
MRU,21603.000000000393,10791.00000000002,10812.000000000018,4766550.999999976,2381153.999999995,2385396.999999999,337925.99999999895,168410.00000000064,169516.00000000012,4428624.999999967,2212743.999999991,2215880.999999988,9.955835208114312,4.85,6.101054701149578,2524.4230410600526,1371.4809384164223,1759.6569364587942,194.74285714285713,138.3267791032497,151.10164835164835,2381.3461179831293,1320.3162393162393,1759.6569364587942,365
GYN,26591.00000000025,13288.000000000056,13303.000000000262,4576535.000000012,2287740.999999988,2288793.9999999953,4576535.000000012,2287740.999999988,2288793.9999999953,0.0,0.0,0.0,11.763538664887562,7.217988971812501,5.726031931701084,1919.7217887256252,1168.3394871794872,978.6942307692307,1919.7217887256252,1168.3394871794872,978.6942307692307,0.0,0.0,0.0,365
EMA,20577.999999999993,10285.999999999967,10292.0,3817322.9999999953,1908034.0000000033,1909288.9999999998,128089.99999999997,64078.99999999998,64011.00000000001,3689232.9999999898,1843955.0000000028,1845277.9999999963,11.027777777777779,7.0,8.027777777777779,1979.4722222222222,1222.0,1528.0,378.0,189.0,189.0,1911.4722222222222,1201.25,1528.0,365
YIH,28410.99999999998,14204.000000000011,14207.000000000007,4578013.0000000065,2289120.0,2288893.0,4416597.0000000065,2208387.9999999986,2208208.999999999,161416.00000000023,80732.00000000004,80684.0000000003,19.28811188811189,12.126573426573426,8.511111111111111,3013.43682983683,1923.0983682983683,1450.0972222222222,3013.43682983683,1923.0983682983683,1450.0972222222222,364.6285714285714,364.6285714285714,253.58333333333326,365
